{
"type": "FeatureCollection",
"name": "community_centres",
"crs": { "type": "name", "properties": { "name": "urn:ogc:def:crs:OGC:1.3:CRS84" } },
"features": [
{ "type": "Feature", "properties": { "_id": 1494, "LOCATIONID": "1183", "ASSET_ID": 31204.0, "ASSET_NAME": "ELIZABETH SIMCOE JUNIOR PUBLIC SCHOOL", "TYPE": "Community Centre", "AMENITIES": "None", "ADDRESS": "166 SYLVAN AVE", "PHONE": "None", "URL": "https://www.toronto.ca/explore-enjoy/parks-recreation/places-spaces/parks-and-recreation-facilities/location/?id=1183" }, "geometry": { "type": "MultiPoint", "coordinates": [ [ -79.206002642025894, 43.738131598935297 ] ] } },
{ "type": "Feature", "properties": { "_id": 1495, "LOCATIONID": "1184", "ASSET_ID": 31062.0, "ASSET_NAME": "ELLESMERE - STATTON PUBLIC SCHOOL", "TYPE": "Community Centre", "AMENITIES": "None", "ADDRESS": "739 ELLESMERE RD", "PHONE": "None", "URL": "https://www.toronto.ca/explore-enjoy/parks-recreation/places-spaces/parks-and-recreation-facilities/location/?id=1184" }, "geometry": { "type": "MultiPoint", "coordinates": [ [ -79.287443632659802, 43.763600735759901 ] ] } },
{ "type": "Feature", "properties": { "_id": 1496, "LOCATIONID": "1185", "ASSET_ID": 44127.0, "ASSET_NAME": "ELMBANK MIDDLE SCHOOL", "TYPE": "Community Centre", "AMENITIES": "None", "ADDRESS": "10 PITTSBORO DR", "PHONE": "None", "URL": "https://www.toronto.ca/explore-enjoy/parks-recreation/places-spaces/parks-and-recreation-facilities/location/?id=1185" }, "geometry": { "type": "MultiPoint", "coordinates": [ [ -79.589997045965802, 43.736540304521696 ] ] } },
{ "type": "Feature", "properties": { "_id": 1497, "LOCATIONID": "1186", "ASSET_ID": 13025.0, "ASSET_NAME": "EMERY COLLEGIATE INSTITUTE", "TYPE": "Community Centre", "AMENITIES": "None", "ADDRESS": "3395 WESTON RD", "PHONE": "416-395-7950", "URL": "https://www.toronto.ca/explore-enjoy/parks-recreation/places-spaces/parks-and-recreation-facilities/location/?id=1186" }, "geometry": { "type": "MultiPoint", "coordinates": [ [ -79.538621154043895, 43.748531123444103 ] ] } },
{ "type": "Feature", "properties": { "_id": 1498, "LOCATIONID": "1189", "ASSET_ID": 34803.0, "ASSET_NAME": "FAYWOOD ARTS-BASED CURRICULUM SCHOOL", "TYPE": "Community Centre", "AMENITIES": "None", "ADDRESS": "95 FAYWOOD BLVD", "PHONE": "416-395-0150", "URL": "https://www.toronto.ca/explore-enjoy/parks-recreation/places-spaces/parks-and-recreation-facilities/location/?id=1189" }, "geometry": { "type": "MultiPoint", "coordinates": [ [ -79.446744645519402, 43.739872429898597 ] ] } },
{ "type": "Feature", "properties": { "_id": 1499, "LOCATIONID": "1192", "ASSET_ID": 44503.0, "ASSET_NAME": "FISHERVILLE JUNIOR HIGH SCHOOL", "TYPE": "Community Centre", "AMENITIES": "None", "ADDRESS": "425 PATICIA AVE", "PHONE": "None", "URL": "https://www.toronto.ca/explore-enjoy/parks-recreation/places-spaces/parks-and-recreation-facilities/location/?id=1192" }, "geometry": { "type": "MultiPoint", "coordinates": [ [ -79.441037810650499, 43.784570931804097 ] ] } },
{ "type": "Feature", "properties": { "_id": 1500, "LOCATIONID": "1196", "ASSET_ID": 31205.0, "ASSET_NAME": "GEORGE B. LITTLE PUBLIC SCHOOL", "TYPE": "Community Centre", "AMENITIES": "None", "ADDRESS": "125 ORTON PARK RD", "PHONE": "None", "URL": "https://www.toronto.ca/explore-enjoy/parks-recreation/places-spaces/parks-and-recreation-facilities/location/?id=1196" }, "geometry": { "type": "MultiPoint", "coordinates": [ [ -79.207977782040402, 43.771015961750798 ] ] } },
{ "type": "Feature", "properties": { "_id": 1501, "LOCATIONID": "1200", "ASSET_ID": 6270.0, "ASSET_NAME": "GEORGES VANIER SECONDARY SCHOOL", "TYPE": "Community Centre", "AMENITIES": "None", "ADDRESS": "3000 DON MILLS RD E", "PHONE": "None", "URL": "https://www.toronto.ca/explore-enjoy/parks-recreation/places-spaces/parks-and-recreation-facilities/location/?id=1200" }, "geometry": { "type": "MultiPoint", "coordinates": [ [ -79.351069734544296, 43.783292963836999 ] ] } },
{ "type": "Feature", "properties": { "_id": 1502, "LOCATIONID": "1201", "ASSET_ID": 31206.0, "ASSET_NAME": "GLAMORGAN JUNIOR ELEMENTARY SCHOOL", "TYPE": "Community Centre", "AMENITIES": "None", "ADDRESS": "51 ANTRIM CRES", "PHONE": "None", "URL": "https://www.toronto.ca/explore-enjoy/parks-recreation/places-spaces/parks-and-recreation-facilities/location/?id=1201" }, "geometry": { "type": "MultiPoint", "coordinates": [ [ -79.289465857871505, 43.771376073746502 ] ] } },
{ "type": "Feature", "properties": { "_id": 1503, "LOCATIONID": "1202", "ASSET_ID": 36182.0, "ASSET_NAME": "GLEN PARK PUBLIC SCHOOL", "TYPE": "Community Centre", "AMENITIES": "None", "ADDRESS": "101 ENGLEMOUNT AVE", "PHONE": "None", "URL": "https://www.toronto.ca/explore-enjoy/parks-recreation/places-spaces/parks-and-recreation-facilities/location/?id=1202" }, "geometry": { "type": "MultiPoint", "coordinates": [ [ -79.435722828818101, 43.713364086622903 ] ] } },
{ "type": "Feature", "properties": { "_id": 1504, "LOCATIONID": "1203", "ASSET_ID": 31207.0, "ASSET_NAME": "GLEN RAVINE JUNIOR PUBLIC SCHOOL", "TYPE": "Community Centre", "AMENITIES": "None", "ADDRESS": "11 GADSBY DR", "PHONE": "None", "URL": "https://www.toronto.ca/explore-enjoy/parks-recreation/places-spaces/parks-and-recreation-facilities/location/?id=1203" }, "geometry": { "type": "MultiPoint", "coordinates": [ [ -79.254105007668699, 43.738254016288501 ] ] } },
{ "type": "Feature", "properties": { "_id": 1505, "LOCATIONID": "1204", "ASSET_ID": 31208.0, "ASSET_NAME": "GOLF ROAD ELEMENTARY SCHOOL", "TYPE": "Community Centre", "AMENITIES": "None", "ADDRESS": "730 SCARBOROUGH GOLF CLUB RD", "PHONE": "None", "URL": "https://www.toronto.ca/explore-enjoy/parks-recreation/places-spaces/parks-and-recreation-facilities/location/?id=1204" }, "geometry": { "type": "MultiPoint", "coordinates": [ [ -79.216869051704606, 43.763741128454697 ] ] } },
{ "type": "Feature", "properties": { "_id": 1506, "LOCATIONID": "1205", "ASSET_ID": 13028.0, "ASSET_NAME": "GORDON A. BROWN MIDDLE SCHOOL", "TYPE": "Community Centre", "AMENITIES": "None", "ADDRESS": "2800 ST CLAIR AVE E", "PHONE": "416-392-6368", "URL": "https://www.toronto.ca/explore-enjoy/parks-recreation/places-spaces/parks-and-recreation-facilities/location/?id=1205" }, "geometry": { "type": "MultiPoint", "coordinates": [ [ -79.305464087496404, 43.707710130792698 ] ] } },
{ "type": "Feature", "properties": { "_id": 1507, "LOCATIONID": "1206", "ASSET_ID": 34762.0, "ASSET_NAME": "GOSFORD PUBLIC SCHOOL", "TYPE": "Community Centre", "AMENITIES": "None", "ADDRESS": "30 GOSFORD BLVD", "PHONE": "416-395-6019", "URL": "https://www.toronto.ca/explore-enjoy/parks-recreation/places-spaces/parks-and-recreation-facilities/location/?id=1206" }, "geometry": { "type": "MultiPoint", "coordinates": [ [ -79.5215867025248, 43.763880170352898 ] ] } },
{ "type": "Feature", "properties": { "_id": 1508, "LOCATIONID": "1212", "ASSET_ID": 31211.0, "ASSET_NAME": "HENRY HUDSON SENIOR PUBLIC SCHOOL", "TYPE": "Community Centre", "AMENITIES": "None", "ADDRESS": "350 ORTON PARK RD", "PHONE": "None", "URL": "https://www.toronto.ca/explore-enjoy/parks-recreation/places-spaces/parks-and-recreation-facilities/location/?id=1212" }, "geometry": { "type": "MultiPoint", "coordinates": [ [ -79.214730879151702, 43.777737242606698 ] ] } },
{ "type": "Feature", "properties": { "_id": 1509, "LOCATIONID": "1214", "ASSET_ID": 31212.0, "ASSET_NAME": "HERITAGE PARK PUBLIC SCHOOL", "TYPE": "Community Centre", "AMENITIES": "None", "ADDRESS": "80 OLD FINCH AVE", "PHONE": "None", "URL": "https://www.toronto.ca/explore-enjoy/parks-recreation/places-spaces/parks-and-recreation-facilities/location/?id=1214" }, "geometry": { "type": "MultiPoint", "coordinates": [ [ -79.207691958040996, 43.821295870338702 ] ] } },
{ "type": "Feature", "properties": { "_id": 1510, "LOCATIONID": "1216", "ASSET_ID": 31214.0, "ASSET_NAME": "HIGHCASTLE PUBLIC SCHOOL", "TYPE": "Community Centre", "AMENITIES": "None", "ADDRESS": "370 MILITARY TRL", "PHONE": "None", "URL": "https://www.toronto.ca/explore-enjoy/parks-recreation/places-spaces/parks-and-recreation-facilities/location/?id=1216" }, "geometry": { "type": "MultiPoint", "coordinates": [ [ -79.212512792363, 43.7867552995585 ] ] } },
{ "type": "Feature", "properties": { "_id": 1511, "LOCATIONID": "1219", "ASSET_ID": 13031.0, "ASSET_NAME": "HILLTOP COMMUNITY SCHOOL", "TYPE": "Community Centre", "AMENITIES": "None", "ADDRESS": "35 TREHORNE DR", "PHONE": "416-394-8701", "URL": "https://www.toronto.ca/explore-enjoy/parks-recreation/places-spaces/parks-and-recreation-facilities/location/?id=1219" }, "geometry": { "type": "MultiPoint", "coordinates": [ [ -79.533095757813001, 43.6891410232693 ] ] } },
{ "type": "Feature", "properties": { "_id": 1512, "LOCATIONID": "1221", "ASSET_ID": 13032.0, "ASSET_NAME": "HOLLYCREST COMMUNITY SCHOOL", "TYPE": "Community Centre", "AMENITIES": "None", "ADDRESS": "630 RENFORTH DR", "PHONE": " 416-394-8703", "URL": "https://www.toronto.ca/explore-enjoy/parks-recreation/places-spaces/parks-and-recreation-facilities/location/?id=1221" }, "geometry": { "type": "MultiPoint", "coordinates": [ [ -79.5827663402723, 43.656035870262897 ] ] } },
{ "type": "Feature", "properties": { "_id": 1513, "LOCATIONID": "1222", "ASSET_ID": 44134.0, "ASSET_NAME": "HOLY CROSS CATHOLIC SECONDARY SCHOOL", "TYPE": "Community Centre", "AMENITIES": "None", "ADDRESS": "299 A DONLANDS AVE", "PHONE": "None", "URL": "https://www.toronto.ca/explore-enjoy/parks-recreation/places-spaces/parks-and-recreation-facilities/location/?id=1222" }, "geometry": { "type": "MultiPoint", "coordinates": [ [ -79.340650724344002, 43.690015716276299 ] ] } },
{ "type": "Feature", "properties": { "_id": 1514, "LOCATIONID": "1228", "ASSET_ID": 31723.0, "ASSET_NAME": "HUMBERCREST PUBLIC SCHOOL", "TYPE": "Community Centre", "AMENITIES": "None", "ADDRESS": "14 ST MARK'S RD", "PHONE": "None", "URL": "https://www.toronto.ca/explore-enjoy/parks-recreation/places-spaces/parks-and-recreation-facilities/location/?id=1228" }, "geometry": { "type": "MultiPoint", "coordinates": [ [ -79.491022387016898, 43.660410917301199 ] ] } },
{ "type": "Feature", "properties": { "_id": 1515, "LOCATIONID": "1229", "ASSET_ID": 36062.0, "ASSET_NAME": "HUMEWOOD COMMUNITY SCHOOL", "TYPE": "Community Centre", "AMENITIES": "None", "ADDRESS": "15 CHERRYWOOD AVE", "PHONE": "416-392-0620", "URL": "https://www.toronto.ca/explore-enjoy/parks-recreation/places-spaces/parks-and-recreation-facilities/location/?id=1229" }, "geometry": { "type": "MultiPoint", "coordinates": [ [ -79.428066252645905, 43.6866409817018 ] ] } },
{ "type": "Feature", "properties": { "_id": 1516, "LOCATIONID": "1231", "ASSET_ID": 31215.0, "ASSET_NAME": "IROQUOIS JUNIOR PUBLIC SCHOOL", "TYPE": "Community Centre", "AMENITIES": "None", "ADDRESS": "265 CHARTLAND BLVD S", "PHONE": "None", "URL": "https://www.toronto.ca/explore-enjoy/parks-recreation/places-spaces/parks-and-recreation-facilities/location/?id=1231" }, "geometry": { "type": "MultiPoint", "coordinates": [ [ -79.269444565607699, 43.802678381998902 ] ] } },
{ "type": "Feature", "properties": { "_id": 1517, "LOCATIONID": "1232", "ASSET_ID": 13035.0, "ASSET_NAME": "ISLINGTON COMMUNITY SCHOOL", "TYPE": "Community Centre", "AMENITIES": "None", "ADDRESS": "44 CORDOVA AVE", "PHONE": "416-394-8705", "URL": "https://www.toronto.ca/explore-enjoy/parks-recreation/places-spaces/parks-and-recreation-facilities/location/?id=1232" }, "geometry": { "type": "MultiPoint", "coordinates": [ [ -79.527721584072097, 43.647490468135501 ] ] } },
{ "type": "Feature", "properties": { "_id": 1518, "LOCATIONID": "1234", "ASSET_ID": 13036.0, "ASSET_NAME": "JAMES S. BELL COMMUNITY SCHOOL", "TYPE": "Community Centre", "AMENITIES": "None", "ADDRESS": "90 Thirty First St", "PHONE": "416-394-8707", "URL": "https://www.toronto.ca/explore-enjoy/parks-recreation/places-spaces/parks-and-recreation-facilities/location/?id=1234" }, "geometry": { "type": "MultiPoint", "coordinates": [ [ -79.530116954312106, 43.593899519496397 ] ] } },
{ "type": "Feature", "properties": { "_id": 1519, "LOCATIONID": "1236", "ASSET_ID": 13038.0, "ASSET_NAME": "JOHN ENGLISH COMMUNITY SCHOOL", "TYPE": "Community Centre", "AMENITIES": "None", "ADDRESS": "95 MIMICO AVE", "PHONE": "416-394-8711", "URL": "https://www.toronto.ca/explore-enjoy/parks-recreation/places-spaces/parks-and-recreation-facilities/location/?id=1236" }, "geometry": { "type": "MultiPoint", "coordinates": [ [ -79.494497001594297, 43.611901302875602 ] ] } },
{ "type": "Feature", "properties": { "_id": 1520, "LOCATIONID": "1237", "ASSET_ID": 13039.0, "ASSET_NAME": "JOHN G. ALTHOUSE COMMUNITY SCHOOL", "TYPE": "Community Centre", "AMENITIES": "None", "ADDRESS": "130 LLOYD MANOR RD", "PHONE": "416-394-8709", "URL": "https://www.toronto.ca/explore-enjoy/parks-recreation/places-spaces/parks-and-recreation-facilities/location/?id=1237" }, "geometry": { "type": "MultiPoint", "coordinates": [ [ -79.554050134830604, 43.6682089627068 ] ] } },
{ "type": "Feature", "properties": { "_id": 1521, "LOCATIONID": "100", "ASSET_ID": 1867.0, "ASSET_NAME": "MARY McCORMICK RECREATION CENTRE", "TYPE": "Community Centre", "AMENITIES": "Washroom, Wi-Fi", "ADDRESS": "66 SHERIDAN AVE", "PHONE": "416-392-0742", "URL": "https://www.toronto.ca/explore-enjoy/parks-recreation/places-spaces/parks-and-recreation-facilities/location/?id=100" }, "geometry": { "type": "MultiPoint", "coordinates": [ [ -79.433185628411195, 43.647398458332503 ] ] } },
{ "type": "Feature", "properties": { "_id": 1522, "LOCATIONID": "1045", "ASSET_ID": 63.0, "ASSET_NAME": "BARBARA FRUM RECREATION CENTRE", "TYPE": "Community Centre", "AMENITIES": "Washroom, Wi-Fi", "ADDRESS": "20 COVINGTON RD", "PHONE": "416-395-6123", "URL": "https://www.toronto.ca/explore-enjoy/parks-recreation/places-spaces/parks-and-recreation-facilities/location/?id=1045" }, "geometry": { "type": "MultiPoint", "coordinates": [ [ -79.432182865702302, 43.720800237715302 ] ] } },
{ "type": "Feature", "properties": { "_id": 1523, "LOCATIONID": "1056", "ASSET_ID": 273.0, "ASSET_NAME": "DENNIS R. TIMBRELL RESOURCE CENTRE", "TYPE": "Community Centre", "AMENITIES": "Washroom, Wi-Fi", "ADDRESS": "29 ST DENNIS DR", "PHONE": "416-395-7972", "URL": "https://www.toronto.ca/explore-enjoy/parks-recreation/places-spaces/parks-and-recreation-facilities/location/?id=1056" }, "geometry": { "type": "MultiPoint", "coordinates": [ [ -79.331794567213294, 43.7178757629652 ] ] } },
{ "type": "Feature", "properties": { "_id": 1524, "LOCATIONID": "1063", "ASSET_ID": 2070.0, "ASSET_NAME": "FALSTAFF COMMUNITY RECREATION CENTRE", "TYPE": "Community Centre", "AMENITIES": "Wi-Fi", "ADDRESS": "50 FALSTAFF AVE", "PHONE": "416-395-7924", "URL": "https://www.toronto.ca/explore-enjoy/parks-recreation/places-spaces/parks-and-recreation-facilities/location/?id=1063" }, "geometry": { "type": "MultiPoint", "coordinates": [ [ -79.503796701285296, 43.716619912038801 ] ] } },
{ "type": "Feature", "properties": { "_id": 1525, "LOCATIONID": "1064", "ASSET_ID": 380.0, "ASSET_NAME": "CAMP NAORCA / FVOEC", "TYPE": "Community Centre", "AMENITIES": "None", "ADDRESS": "60 BLUE FOREST DR", "PHONE": "416-395-0150", "URL": "https://www.toronto.ca/explore-enjoy/parks-recreation/places-spaces/parks-and-recreation-facilities/location/?id=1064" }, "geometry": { "type": "MultiPoint", "coordinates": [ [ -79.451443226987294, 43.768022797070202 ] ] } },
{ "type": "Feature", "properties": { "_id": 1526, "LOCATIONID": "1076", "ASSET_ID": 2082.0, "ASSET_NAME": "JENNER JEAN-MARIE COMMUNITY RECREATION CENTRE", "TYPE": "Community Centre", "AMENITIES": "Washroom, Wi-Fi", "ADDRESS": "48 THORNCLIFFE PARK DR", "PHONE": "416-396-2874", "URL": "https://www.toronto.ca/explore-enjoy/parks-recreation/places-spaces/parks-and-recreation-facilities/location/?id=1076" }, "geometry": { "type": "MultiPoint", "coordinates": [ [ -79.342797341729195, 43.703072237564598 ] ] } },
{ "type": "Feature", "properties": { "_id": 1527, "LOCATIONID": "1078", "ASSET_ID": 13041.0, "ASSET_NAME": "KEN COX COMMUNITY CENTRE", "TYPE": "Community Centre", "AMENITIES": "Wi-Fi", "ADDRESS": "28 COLONEL SAMUEL SMITH PARK DR", "PHONE": "416-392-6355", "URL": "https://www.toronto.ca/explore-enjoy/parks-recreation/places-spaces/parks-and-recreation-facilities/location/?id=1078" }, "geometry": { "type": "MultiPoint", "coordinates": [ [ -79.516535141239402, 43.595099078353101 ] ] } },
{ "type": "Feature", "properties": { "_id": 1528, "LOCATIONID": "1093", "ASSET_ID": 2092.0, "ASSET_NAME": "O'CONNOR COMMUNITY CENTRE", "TYPE": "Community Centre", "AMENITIES": "Washroom, Wi-Fi", "ADDRESS": "1386 VICTORIA PARK AVE", "PHONE": "416-395-7957", "URL": "https://www.toronto.ca/explore-enjoy/parks-recreation/places-spaces/parks-and-recreation-facilities/location/?id=1093" }, "geometry": { "type": "MultiPoint", "coordinates": [ [ -79.301799896544296, 43.7176595089147 ] ] } },
{ "type": "Feature", "properties": { "_id": 1529, "LOCATIONID": "1098", "ASSET_ID": 1947.0, "ASSET_NAME": "SCADDING COURT COMMUNITY CENTRE", "TYPE": "Community Centre", "AMENITIES": "Wi-Fi", "ADDRESS": "707 DUNDAS ST W", "PHONE": "416-392-0335", "URL": "https://www.toronto.ca/explore-enjoy/parks-recreation/places-spaces/parks-and-recreation-facilities/location/?id=1098" }, "geometry": { "type": "MultiPoint", "coordinates": [ [ -79.404950411046102, 43.651825276529699 ] ] } },
{ "type": "Feature", "properties": { "_id": 1530, "LOCATIONID": "1105", "ASSET_ID": 2105.0, "ASSET_NAME": "STEPHEN LEACOCK COMMUNITY RECREATION CENTRE", "TYPE": "Community Centre", "AMENITIES": "Wi-Fi", "ADDRESS": "2500 BIRCHMOUNT RD", "PHONE": "416-396-4184", "URL": "https://www.toronto.ca/explore-enjoy/parks-recreation/places-spaces/parks-and-recreation-facilities/location/?id=1105" }, "geometry": { "type": "MultiPoint", "coordinates": [ [ -79.3015668058095, 43.787603825526901 ] ] } },
{ "type": "Feature", "properties": { "_id": 1531, "LOCATIONID": "1108", "ASSET_ID": 31190.0, "ASSET_NAME": "AGINCOURT COLLEGIATE INSTITUTE", "TYPE": "Community Centre", "AMENITIES": "None", "ADDRESS": "2621 MIDLAND AVE", "PHONE": "None", "URL": "https://www.toronto.ca/explore-enjoy/parks-recreation/places-spaces/parks-and-recreation-facilities/location/?id=1108" }, "geometry": { "type": "MultiPoint", "coordinates": [ [ -79.2789378949184, 43.7887883336127 ] ] } },
{ "type": "Feature", "properties": { "_id": 1532, "LOCATIONID": "1109", "ASSET_ID": 41248.0, "ASSET_NAME": "AGNES MACPHAIL JUNIOR ELEMENTARY SCHOOL", "TYPE": "Community Centre", "AMENITIES": "None", "ADDRESS": "112 GOLDHAWK TRL", "PHONE": "None", "URL": "https://www.toronto.ca/explore-enjoy/parks-recreation/places-spaces/parks-and-recreation-facilities/location/?id=1109" }, "geometry": { "type": "MultiPoint", "coordinates": [ [ -79.278457008502997, 43.819199489466797 ] ] } },
{ "type": "Feature", "properties": { "_id": 1533, "LOCATIONID": "1110", "ASSET_ID": 46122.0, "ASSET_NAME": "ALBERT CAMPBELL COLLEGIATE INSTITUTE", "TYPE": "Community Centre", "AMENITIES": "None", "ADDRESS": "1550 SANDHURST CIR", "PHONE": "416-396-4009", "URL": "https://www.toronto.ca/explore-enjoy/parks-recreation/places-spaces/parks-and-recreation-facilities/location/?id=1110" }, "geometry": { "type": "MultiPoint", "coordinates": [ [ -79.2723929161819, 43.809321090681699 ] ] } },
{ "type": "Feature", "properties": { "_id": 1534, "LOCATIONID": "1111", "ASSET_ID": 31192.0, "ASSET_NAME": "ALEXMUIR JUNIOR PUBLIC SCHOOL", "TYPE": "Community Centre", "AMENITIES": "None", "ADDRESS": "95 ALEXMUIR BLVD", "PHONE": "None", "URL": "https://www.toronto.ca/explore-enjoy/parks-recreation/places-spaces/parks-and-recreation-facilities/location/?id=1111" }, "geometry": { "type": "MultiPoint", "coordinates": [ [ -79.285722028486106, 43.809069597316899 ] ] } },
{ "type": "Feature", "properties": { "_id": 1535, "LOCATIONID": "1115", "ASSET_ID": 31193.0, "ASSET_NAME": "ANSON PARK PUBLIC SCHOOL", "TYPE": "Community Centre", "AMENITIES": "None", "ADDRESS": "30 MACDUFF CRES", "PHONE": "None", "URL": "https://www.toronto.ca/explore-enjoy/parks-recreation/places-spaces/parks-and-recreation-facilities/location/?id=1115" }, "geometry": { "type": "MultiPoint", "coordinates": [ [ -79.241086854184204, 43.726147511428302 ] ] } },
{ "type": "Feature", "properties": { "_id": 1536, "LOCATIONID": "1119", "ASSET_ID": 34784.0, "ASSET_NAME": "AVONDALE ALTERNATIVE SECONDARY SCHOOL", "TYPE": "Community Centre", "AMENITIES": "None", "ADDRESS": "171 AVONDALE AVE", "PHONE": "416-395-7848", "URL": "https://www.toronto.ca/explore-enjoy/parks-recreation/places-spaces/parks-and-recreation-facilities/location/?id=1119" }, "geometry": { "type": "MultiPoint", "coordinates": [ [ -79.400356983498895, 43.7595504843339 ] ] } },
{ "type": "Feature", "properties": { "_id": 1537, "LOCATIONID": "1128", "ASSET_ID": 31196.0, "ASSET_NAME": "BEVERLY GLEN JUNIOR PUBLIC SCHOOL", "TYPE": "Community Centre", "AMENITIES": "None", "ADDRESS": "85 BEVERLY GLEN BLVD", "PHONE": "None", "URL": "https://www.toronto.ca/explore-enjoy/parks-recreation/places-spaces/parks-and-recreation-facilities/location/?id=1128" }, "geometry": { "type": "MultiPoint", "coordinates": [ [ -79.323145599899107, 43.7986397818662 ] ] } },
{ "type": "Feature", "properties": { "_id": 1538, "LOCATIONID": "1129", "ASSET_ID": 31197.0, "ASSET_NAME": "BLANTYRE PUBLIC SCHOOL", "TYPE": "Community Centre", "AMENITIES": "None", "ADDRESS": "290 BLANTYRE AVE", "PHONE": "None", "URL": "https://www.toronto.ca/explore-enjoy/parks-recreation/places-spaces/parks-and-recreation-facilities/location/?id=1129" }, "geometry": { "type": "MultiPoint", "coordinates": [ [ -79.283768940022995, 43.685022384155701 ] ] } },
{ "type": "Feature", "properties": { "_id": 1539, "LOCATIONID": "1132", "ASSET_ID": 13012.0, "ASSET_NAME": "BLOORDALE COMMUNITY SCHOOL", "TYPE": "Community Centre", "AMENITIES": "None", "ADDRESS": "10 TOLEDO RD", "PHONE": "416-394-8699", "URL": "https://www.toronto.ca/explore-enjoy/parks-recreation/places-spaces/parks-and-recreation-facilities/location/?id=1132" }, "geometry": { "type": "MultiPoint", "coordinates": [ [ -79.572341175264, 43.639197481838202 ] ] } },
{ "type": "Feature", "properties": { "_id": 1540, "LOCATIONID": "1133", "ASSET_ID": 6256.0, "ASSET_NAME": "NELSON A. BOYLEN COLLEGIATE INSTITUTE", "TYPE": "Community Centre", "AMENITIES": "None", "ADDRESS": "155 FALSTAFF AVE", "PHONE": "416-394-2476", "URL": "https://www.toronto.ca/explore-enjoy/parks-recreation/places-spaces/parks-and-recreation-facilities/location/?id=1133" }, "geometry": { "type": "MultiPoint", "coordinates": [ [ -79.495752903855006, 43.717379116129102 ] ] } },
{ "type": "Feature", "properties": { "_id": 1541, "LOCATIONID": "1139", "ASSET_ID": 31047.0, "ASSET_NAME": "CALICO PUBLIC SCHOOL", "TYPE": "Community Centre", "AMENITIES": "None", "ADDRESS": "35 CALICO DR", "PHONE": "None", "URL": "https://www.toronto.ca/explore-enjoy/parks-recreation/places-spaces/parks-and-recreation-facilities/location/?id=1139" }, "geometry": { "type": "MultiPoint", "coordinates": [ [ -79.503525799776, 43.738004741920797 ] ] } },
{ "type": "Feature", "properties": { "_id": 1542, "LOCATIONID": "1142", "ASSET_ID": 31051.0, "ASSET_NAME": "CEDAR DRIVE JUNIOR PUBLIC SCHOOL", "TYPE": "Community Centre", "AMENITIES": "None", "ADDRESS": "21 GATESVIEW AVE", "PHONE": "None", "URL": "https://www.toronto.ca/explore-enjoy/parks-recreation/places-spaces/parks-and-recreation-facilities/location/?id=1142" }, "geometry": { "type": "MultiPoint", "coordinates": [ [ -79.215027853481402, 43.7464582449918 ] ] } },
{ "type": "Feature", "properties": { "_id": 1543, "LOCATIONID": "1143", "ASSET_ID": 13013.0, "ASSET_NAME": "CEDARBRAE COLLEGIATE INSTITUTE", "TYPE": "Community Centre", "AMENITIES": "None", "ADDRESS": "550 MARKHAM RD", "PHONE": "416-396-4006", "URL": "https://www.toronto.ca/explore-enjoy/parks-recreation/places-spaces/parks-and-recreation-facilities/location/?id=1143" }, "geometry": { "type": "MultiPoint", "coordinates": [ [ -79.225802036566705, 43.756248756125501 ] ] } },
{ "type": "Feature", "properties": { "_id": 1544, "LOCATIONID": "1145", "ASSET_ID": 31199.0, "ASSET_NAME": "CENTENNIAL ROAD JUNIOR PUBLIC SCHOOL", "TYPE": "Community Centre", "AMENITIES": "None", "ADDRESS": "271 CENTENNIAL RD", "PHONE": "None", "URL": "https://www.toronto.ca/explore-enjoy/parks-recreation/places-spaces/parks-and-recreation-facilities/location/?id=1145" }, "geometry": { "type": "MultiPoint", "coordinates": [ [ -79.149974841887499, 43.786909064667697 ] ] } },
{ "type": "Feature", "properties": { "_id": 1545, "LOCATIONID": "1148", "ASSET_ID": 43982.0, "ASSET_NAME": "CHARLOTTETOWN JUNIOR ELEMENTARY SCHOOL", "TYPE": "Community Centre", "AMENITIES": "None", "ADDRESS": "85 CHARLOTTETOWN BLVD", "PHONE": "None", "URL": "https://www.toronto.ca/explore-enjoy/parks-recreation/places-spaces/parks-and-recreation-facilities/location/?id=1148" }, "geometry": { "type": "MultiPoint", "coordinates": [ [ -79.142133196712905, 43.782047233587498 ] ] } },
{ "type": "Feature", "properties": { "_id": 1546, "LOCATIONID": "1149", "ASSET_ID": 43983.0, "ASSET_NAME": "CHESTER LE JUNIOR ELEMENTARY SCHOOL", "TYPE": "Community Centre", "AMENITIES": "None", "ADDRESS": "201 CHESTER LE BLVD", "PHONE": "None", "URL": "https://www.toronto.ca/explore-enjoy/parks-recreation/places-spaces/parks-and-recreation-facilities/location/?id=1149" }, "geometry": { "type": "MultiPoint", "coordinates": [ [ -79.331109337794501, 43.798615958075899 ] ] } },
{ "type": "Feature", "properties": { "_id": 1547, "LOCATIONID": "1150", "ASSET_ID": 31200.0, "ASSET_NAME": "CHIEF DAN GEORGE PUBLIC SCHOOL", "TYPE": "Community Centre", "AMENITIES": "None", "ADDRESS": "185 GENERATION BLVD", "PHONE": "None", "URL": "https://www.toronto.ca/explore-enjoy/parks-recreation/places-spaces/parks-and-recreation-facilities/location/?id=1150" }, "geometry": { "type": "MultiPoint", "coordinates": [ [ -79.163902350734205, 43.802729456997099 ] ] } },
{ "type": "Feature", "properties": { "_id": 1548, "LOCATIONID": "1151", "ASSET_ID": 31201.0, "ASSET_NAME": "CHINE DRIVE PUBLIC SCHOOL", "TYPE": "Community Centre", "AMENITIES": "None", "ADDRESS": "51 CHINE DR", "PHONE": "None", "URL": "https://www.toronto.ca/explore-enjoy/parks-recreation/places-spaces/parks-and-recreation-facilities/location/?id=1151" }, "geometry": { "type": "MultiPoint", "coordinates": [ [ -79.241656049306897, 43.709920121491898 ] ] } },
{ "type": "Feature", "properties": { "_id": 1549, "LOCATIONID": "1156", "ASSET_ID": 43984.0, "ASSET_NAME": "CORNELL JUNIOR PUBLIC SCHOOL", "TYPE": "Community Centre", "AMENITIES": "None", "ADDRESS": "61 HOLMFIRTH TER", "PHONE": "None", "URL": "https://www.toronto.ca/explore-enjoy/parks-recreation/places-spaces/parks-and-recreation-facilities/location/?id=1156" }, "geometry": { "type": "MultiPoint", "coordinates": [ [ -79.2180469615747, 43.759334478888903 ] ] } },
{ "type": "Feature", "properties": { "_id": 1550, "LOCATIONID": "1157", "ASSET_ID": 31052.0, "ASSET_NAME": "CORVETTE JUNIOR PUBLIC SCHOOL", "TYPE": "Community Centre", "AMENITIES": "None", "ADDRESS": "30 CORVETTE AVE", "PHONE": "None", "URL": "https://www.toronto.ca/explore-enjoy/parks-recreation/places-spaces/parks-and-recreation-facilities/location/?id=1157" }, "geometry": { "type": "MultiPoint", "coordinates": [ [ -79.262123186779704, 43.7265157228316 ] ] } },
{ "type": "Feature", "properties": { "_id": 1551, "LOCATIONID": "1163", "ASSET_ID": 6261.0, "ASSET_NAME": "CW JEFFERYS COLLEGIATE INSTITUTE", "TYPE": "Community Centre", "AMENITIES": "None", "ADDRESS": "340 SENTINEL RD", "PHONE": " 416-395-7879", "URL": "https://www.toronto.ca/explore-enjoy/parks-recreation/places-spaces/parks-and-recreation-facilities/location/?id=1163" }, "geometry": { "type": "MultiPoint", "coordinates": [ [ -79.500308122040707, 43.758102006549102 ] ] } },
{ "type": "Feature", "properties": { "_id": 1552, "LOCATIONID": "1164", "ASSET_ID": 13019.0, "ASSET_NAME": "DA MORRISON MIDDLE SCHOOL", "TYPE": "Community Centre", "AMENITIES": "None", "ADDRESS": "271 GLEDHILL AVE", "PHONE": "416-392-0157", "URL": "https://www.toronto.ca/explore-enjoy/parks-recreation/places-spaces/parks-and-recreation-facilities/location/?id=1164" }, "geometry": { "type": "MultiPoint", "coordinates": [ [ -79.311655248063303, 43.695412341202598 ] ] } },
{ "type": "Feature", "properties": { "_id": 1553, "LOCATIONID": "1165", "ASSET_ID": 34742.0, "ASSET_NAME": "DANTE ALIGHIERI ACADEMY", "TYPE": "Community Centre", "AMENITIES": "None", "ADDRESS": "60 PLAYFAIR AVE", "PHONE": "416-395-7961", "URL": "https://www.toronto.ca/explore-enjoy/parks-recreation/places-spaces/parks-and-recreation-facilities/location/?id=1165" }, "geometry": { "type": "MultiPoint", "coordinates": [ [ -79.458072826108705, 43.7103974096473 ] ] } },
{ "type": "Feature", "properties": { "_id": 1554, "LOCATIONID": "1166", "ASSET_ID": 31202.0, "ASSET_NAME": "DAVID AND MARY THOMSON COLLEGIATE INSTITUTE", "TYPE": "Community Centre", "AMENITIES": "None", "ADDRESS": "125 BROCKLEY DR", "PHONE": "None", "URL": "https://www.toronto.ca/explore-enjoy/parks-recreation/places-spaces/parks-and-recreation-facilities/location/?id=1166" }, "geometry": { "type": "MultiPoint", "coordinates": [ [ -79.263459290462805, 43.755861382891503 ] ] } },
{ "type": "Feature", "properties": { "_id": 1555, "LOCATIONID": "1167", "ASSET_ID": 31203.0, "ASSET_NAME": "DAVID LEWIS PUBLIC SCHOOL", "TYPE": "Community Centre", "AMENITIES": "None", "ADDRESS": "130 FUNDY BAY BLVD", "PHONE": "None", "URL": "https://www.toronto.ca/explore-enjoy/parks-recreation/places-spaces/parks-and-recreation-facilities/location/?id=1167" }, "geometry": { "type": "MultiPoint", "coordinates": [ [ -79.317968416145206, 43.809197317065497 ] ] } },
{ "type": "Feature", "properties": { "_id": 1556, "LOCATIONID": "1169", "ASSET_ID": 31046.0, "ASSET_NAME": "DAYSTROM PUBLIC SCHOOL", "TYPE": "Community Centre", "AMENITIES": "None", "ADDRESS": "25 DAYSTROM DR", "PHONE": "None", "URL": "https://www.toronto.ca/explore-enjoy/parks-recreation/places-spaces/parks-and-recreation-facilities/location/?id=1169" }, "geometry": { "type": "MultiPoint", "coordinates": [ [ -79.5469941471856, 43.7478869216338 ] ] } },
{ "type": "Feature", "properties": { "_id": 1557, "LOCATIONID": "1174", "ASSET_ID": 13021.0, "ASSET_NAME": "DON MILLS COLLEGIATE INSTITUTE", "TYPE": "Community Centre", "AMENITIES": "None", "ADDRESS": "15 THE DONWAY E", "PHONE": "416-395-7840", "URL": "https://www.toronto.ca/explore-enjoy/parks-recreation/places-spaces/parks-and-recreation-facilities/location/?id=1174" }, "geometry": { "type": "MultiPoint", "coordinates": [ [ -79.339391203270793, 43.7360264446 ] ] } },
{ "type": "Feature", "properties": { "_id": 1558, "LOCATIONID": "1558", "ASSET_ID": 31198.0, "ASSET_NAME": "CEDARBROOK JUNIOR PUBLIC SCHOOL", "TYPE": "Community Centre", "AMENITIES": "None", "ADDRESS": "56 NELSON ST", "PHONE": "None", "URL": "https://www.toronto.ca/explore-enjoy/parks-recreation/places-spaces/parks-and-recreation-facilities/location/?id=1558" }, "geometry": { "type": "MultiPoint", "coordinates": [ [ -79.2299795570827, 43.7473602808832 ] ] } },
{ "type": "Feature", "properties": { "_id": 1559, "LOCATIONID": "1656", "ASSET_ID": 36102.0, "ASSET_NAME": "HIGHLAND CREEK PUBLIC SCHOOL", "TYPE": "Community Centre", "AMENITIES": "None", "ADDRESS": "1410 MILITARY TRL", "PHONE": "None", "URL": "https://www.toronto.ca/explore-enjoy/parks-recreation/places-spaces/parks-and-recreation-facilities/location/?id=1656" }, "geometry": { "type": "MultiPoint", "coordinates": [ [ -79.1785835190271, 43.7834493144031 ] ] } },
{ "type": "Feature", "properties": { "_id": 1560, "LOCATIONID": "17", "ASSET_ID": 2046.0, "ASSET_NAME": "ANNETTE COMMUNITY RECREATION CENTRE", "TYPE": "Community Centre", "AMENITIES": "Washroom, Wi-Fi", "ADDRESS": "333 ANNETTE ST", "PHONE": "416-392-0736", "URL": "https://www.toronto.ca/explore-enjoy/parks-recreation/places-spaces/parks-and-recreation-facilities/location/?id=17" }, "geometry": { "type": "MultiPoint", "coordinates": [ [ -79.473882200639295, 43.6611733014945 ] ] } },
{ "type": "Feature", "properties": { "_id": 1561, "LOCATIONID": "171", "ASSET_ID": 13023.0, "ASSET_NAME": "EARL BALES COMMUNITY CENTRE", "TYPE": "Community Centre", "AMENITIES": "Washroom, Wi-Fi", "ADDRESS": "4169 BATHURST ST", "PHONE": "416-395-7873", "URL": "https://www.toronto.ca/explore-enjoy/parks-recreation/places-spaces/parks-and-recreation-facilities/location/?id=171" }, "geometry": { "type": "MultiPoint", "coordinates": [ [ -79.433978671653506, 43.7545952196445 ] ] } },
{ "type": "Feature", "properties": { "_id": 1562, "LOCATIONID": "1760", "ASSET_ID": 31225.0, "ASSET_NAME": "SILVER SPRINGS ELEMENTARY SCHOOL", "TYPE": "Community Centre", "AMENITIES": "None", "ADDRESS": "222 SILVER SPRINGS BLVD", "PHONE": "None", "URL": "https://www.toronto.ca/explore-enjoy/parks-recreation/places-spaces/parks-and-recreation-facilities/location/?id=1760" }, "geometry": { "type": "MultiPoint", "coordinates": [ [ -79.301915900821101, 43.804428899799497 ] ] } },
{ "type": "Feature", "properties": { "_id": 1563, "LOCATIONID": "1820", "ASSET_ID": 31054.0, "ASSET_NAME": "WALTER PERRY JUNIOR PUBLIC SCHOOL", "TYPE": "Community Centre", "AMENITIES": "None", "ADDRESS": "45 FALMOUTH AVE", "PHONE": "None", "URL": "https://www.toronto.ca/explore-enjoy/parks-recreation/places-spaces/parks-and-recreation-facilities/location/?id=1820" }, "geometry": { "type": "MultiPoint", "coordinates": [ [ -79.251269521154398, 43.733435080552297 ] ] } },
{ "type": "Feature", "properties": { "_id": 1564, "LOCATIONID": "1857", "ASSET_ID": 36083.0, "ASSET_NAME": "GEORGE WEBSTER ELEMENTARY SCHOOL", "TYPE": "Community Centre", "AMENITIES": "None", "ADDRESS": "2 CEDARCREST BLVD", "PHONE": "416-396-2878", "URL": "https://www.toronto.ca/explore-enjoy/parks-recreation/places-spaces/parks-and-recreation-facilities/location/?id=1857" }, "geometry": { "type": "MultiPoint", "coordinates": [ [ -79.299210623377604, 43.701665718764303 ] ] } },
{ "type": "Feature", "properties": { "_id": 1565, "LOCATIONID": "1865", "ASSET_ID": 1569.0, "ASSET_NAME": "WARDEN HILLTOP COMMUNITY CENTRE", "TYPE": "Community Centre", "AMENITIES": "Basketball Court, Wi-Fi", "ADDRESS": "25 MENDELSSOHN ST", "PHONE": "416-392-7640", "URL": "https://www.toronto.ca/explore-enjoy/parks-recreation/places-spaces/parks-and-recreation-facilities/location/?id=1865" }, "geometry": { "type": "MultiPoint", "coordinates": [ [ -79.280361637037302, 43.714747574681397 ] ] } },
{ "type": "Feature", "properties": { "_id": 1566, "LOCATIONID": "1873", "ASSET_ID": 14344.0, "ASSET_NAME": "STEPHEN LEACOCK SENIORS' COMMUNITY CENTRE", "TYPE": "Community Centre", "AMENITIES": "Washroom, Wi-Fi", "ADDRESS": "2520 BIRCHMOUNT RD", "PHONE": "416-396-4040", "URL": "https://www.toronto.ca/explore-enjoy/parks-recreation/places-spaces/parks-and-recreation-facilities/location/?id=1873" }, "geometry": { "type": "MultiPoint", "coordinates": [ [ -79.302538404984105, 43.786611431069502 ] ] } },
{ "type": "Feature", "properties": { "_id": 1567, "LOCATIONID": "2007", "ASSET_ID": 2026.0, "ASSET_NAME": "WESTON LIONS RECREATION ARENA", "TYPE": "Community Centre", "AMENITIES": "None", "ADDRESS": "2125 Lawrence Ave W", "PHONE": "None", "URL": "https://www.toronto.ca/explore-enjoy/parks-recreation/places-spaces/parks-and-recreation-facilities/location/?id=2007" }, "geometry": { "type": "MultiPoint", "coordinates": [ [ -79.5180978285549, 43.698558374537903 ] ] } },
{ "type": "Feature", "properties": { "_id": 1568, "LOCATIONID": "2012", "ASSET_ID": 14322.0, "ASSET_NAME": "PAM McCONNELL AQUATIC CENTRE", "TYPE": "Community Centre", "AMENITIES": "Wi-Fi", "ADDRESS": "640 DUNDAS ST E", "PHONE": " 416-338-2237", "URL": "https://www.toronto.ca/explore-enjoy/parks-recreation/places-spaces/parks-and-recreation-facilities/location/?id=2012" }, "geometry": { "type": "MultiPoint", "coordinates": [ [ -79.361101833000305, 43.661228864511997 ] ] } },
{ "type": "Feature", "properties": { "_id": 1569, "LOCATIONID": "1874", "ASSET_ID": 31044.0, "ASSET_NAME": "JOHN D. PARKER JUNIOR PUBLIC SCHOOL", "TYPE": "Community Centre", "AMENITIES": "None", "ADDRESS": "202 MOUNT OLIVE DR", "PHONE": "None", "URL": "https://www.toronto.ca/explore-enjoy/parks-recreation/places-spaces/parks-and-recreation-facilities/location/?id=1874" }, "geometry": { "type": "MultiPoint", "coordinates": [ [ -79.596418815926498, 43.753409719435403 ] ] } },
{ "type": "Feature", "properties": { "_id": 1570, "LOCATIONID": "189", "ASSET_ID": 1886.0, "ASSET_NAME": "NORTH TORONTO MEMORIAL COMMUNITY CENTRE", "TYPE": "Community Centre", "AMENITIES": "Washroom, Wi-Fi", "ADDRESS": "200 EGLINTON AVE W", "PHONE": "416-392-6591", "URL": "https://www.toronto.ca/explore-enjoy/parks-recreation/places-spaces/parks-and-recreation-facilities/location/?id=189" }, "geometry": { "type": "MultiPoint", "coordinates": [ [ -79.404594387591104, 43.706060300560502 ] ] } },
{ "type": "Feature", "properties": { "_id": 1571, "LOCATIONID": "1244", "ASSET_ID": 13042.0, "ASSET_NAME": "KINGSVIEW VILLAGE COMMUNITY SCHOOL", "TYPE": "Community Centre", "AMENITIES": "None", "ADDRESS": "1 YORK RD", "PHONE": "416-394-5540", "URL": "https://www.toronto.ca/explore-enjoy/parks-recreation/places-spaces/parks-and-recreation-facilities/location/?id=1244" }, "geometry": { "type": "MultiPoint", "coordinates": [ [ -79.550863630903294, 43.697694088709298 ] ] } },
{ "type": "Feature", "properties": { "_id": 1572, "LOCATIONID": "1246", "ASSET_ID": 31216.0, "ASSET_NAME": "KNOB HILL JUNIOR PUBLIC SCHOOL", "TYPE": "Community Centre", "AMENITIES": "None", "ADDRESS": "25 SEMINOLE AVE", "PHONE": "None", "URL": "https://www.toronto.ca/explore-enjoy/parks-recreation/places-spaces/parks-and-recreation-facilities/location/?id=1246" }, "geometry": { "type": "MultiPoint", "coordinates": [ [ -79.249887807842896, 43.745253984471503 ] ] } },
{ "type": "Feature", "properties": { "_id": 1573, "LOCATIONID": "1250", "ASSET_ID": 29082.0, "ASSET_NAME": "L'AMOREAUX COLLEGIATE INSTITUTE", "TYPE": "Community Centre", "AMENITIES": "None", "ADDRESS": "2501 BRIDLETOWNE CIR", "PHONE": "416-396-4005", "URL": "https://www.toronto.ca/explore-enjoy/parks-recreation/places-spaces/parks-and-recreation-facilities/location/?id=1250" }, "geometry": { "type": "MultiPoint", "coordinates": [ [ -79.318095981963907, 43.802630712859802 ] ] } },
{ "type": "Feature", "properties": { "_id": 1574, "LOCATIONID": "1255", "ASSET_ID": 13046.0, "ASSET_NAME": "LESTER B. PEARSON COLLEGIATE INSTITUTE", "TYPE": "Community Centre", "AMENITIES": "None", "ADDRESS": "150 TAPSCOTT RD", "PHONE": "416-396-4010", "URL": "https://www.toronto.ca/explore-enjoy/parks-recreation/places-spaces/parks-and-recreation-facilities/location/?id=1255" }, "geometry": { "type": "MultiPoint", "coordinates": [ [ -79.225565723013602, 43.803229801942301 ] ] } },
{ "type": "Feature", "properties": { "_id": 1575, "LOCATIONID": "1257", "ASSET_ID": 31061.0, "ASSET_NAME": "LORD ROBERTS JUNIOR PUBLIC SCHOOL", "TYPE": "Community Centre", "AMENITIES": "None", "ADDRESS": "165 LORD ROBERTS DR", "PHONE": "None", "URL": "https://www.toronto.ca/explore-enjoy/parks-recreation/places-spaces/parks-and-recreation-facilities/location/?id=1257" }, "geometry": { "type": "MultiPoint", "coordinates": [ [ -79.263524629039196, 43.741361489946797 ] ] } },
{ "type": "Feature", "properties": { "_id": 1576, "LOCATIONID": "1264", "ASSET_ID": 31217.0, "ASSET_NAME": "MAPLEWOOD HIGH SCHOOL", "TYPE": "Community Centre", "AMENITIES": "None", "ADDRESS": "120 GALLOWAY RD", "PHONE": "None", "URL": "https://www.toronto.ca/explore-enjoy/parks-recreation/places-spaces/parks-and-recreation-facilities/location/?id=1264" }, "geometry": { "type": "MultiPoint", "coordinates": [ [ -79.194772671617201, 43.759014470542503 ] ] } },
{ "type": "Feature", "properties": { "_id": 1577, "LOCATIONID": "1267", "ASSET_ID": 31219.0, "ASSET_NAME": "MASON ROAD JUNIOR PUBLIC SCHOOL", "TYPE": "Community Centre", "AMENITIES": "None", "ADDRESS": "78 MASON RD", "PHONE": "None", "URL": "https://www.toronto.ca/explore-enjoy/parks-recreation/places-spaces/parks-and-recreation-facilities/location/?id=1267" }, "geometry": { "type": "MultiPoint", "coordinates": [ [ -79.225669112928998, 43.739161075935698 ] ] } },
{ "type": "Feature", "properties": { "_id": 1578, "LOCATIONID": "1269", "ASSET_ID": 34806.0, "ASSET_NAME": "MCKEE PUBLIC SCHOOL", "TYPE": "Community Centre", "AMENITIES": "None", "ADDRESS": "35 CHURCH AVE", "PHONE": "416-395-0262", "URL": "https://www.toronto.ca/explore-enjoy/parks-recreation/places-spaces/parks-and-recreation-facilities/location/?id=1269" }, "geometry": { "type": "MultiPoint", "coordinates": [ [ -79.410544782415798, 43.774116505986797 ] ] } },
{ "type": "Feature", "properties": { "_id": 1579, "LOCATIONID": "1270", "ASSET_ID": 1870.0, "ASSET_NAME": "MEADOWVALE PUBLIC SCHOOL", "TYPE": "Community Centre", "AMENITIES": "None", "ADDRESS": "761 Meadowvale Rd", "PHONE": "None", "URL": "https://www.toronto.ca/explore-enjoy/parks-recreation/places-spaces/parks-and-recreation-facilities/location/?id=1270" }, "geometry": { "type": "MultiPoint", "coordinates": [ [ -79.164188930874204, 43.7955775509201 ] ] } },
{ "type": "Feature", "properties": { "_id": 1580, "LOCATIONID": "1272", "ASSET_ID": 31220.0, "ASSET_NAME": "MILITARY TRAIL JUNIOR ELEMENTARY SCHOOL", "TYPE": "Community Centre", "AMENITIES": "None", "ADDRESS": "701 MILITARY TRL", "PHONE": "None", "URL": "https://www.toronto.ca/explore-enjoy/parks-recreation/places-spaces/parks-and-recreation-facilities/location/?id=1272" }, "geometry": { "type": "MultiPoint", "coordinates": [ [ -79.197459137248302, 43.789487010869699 ] ] } },
{ "type": "Feature", "properties": { "_id": 1581, "LOCATIONID": "1275", "ASSET_ID": 31221.0, "ASSET_NAME": "MORRISH PUBLIC SCHOOL", "TYPE": "Community Centre", "AMENITIES": "None", "ADDRESS": "61 CANMORE BLVD", "PHONE": "None", "URL": "https://www.toronto.ca/explore-enjoy/parks-recreation/places-spaces/parks-and-recreation-facilities/location/?id=1275" }, "geometry": { "type": "MultiPoint", "coordinates": [ [ -79.179379649829599, 43.793211906431502 ] ] } },
{ "type": "Feature", "properties": { "_id": 1582, "LOCATIONID": "1283", "ASSET_ID": 34702.0, "ASSET_NAME": "OAKDALE PARK MIDDLE SCHOOL", "TYPE": "Community Centre", "AMENITIES": "None", "ADDRESS": "315 GRANDRAVINE DR", "PHONE": "416-395-3060", "URL": "https://www.toronto.ca/explore-enjoy/parks-recreation/places-spaces/parks-and-recreation-facilities/location/?id=1283" }, "geometry": { "type": "MultiPoint", "coordinates": [ [ -79.511870328224006, 43.747538834179501 ] ] } },
{ "type": "Feature", "properties": { "_id": 1583, "LOCATIONID": "1284", "ASSET_ID": 31048.0, "ASSET_NAME": "O'CONNOR PUBLIC SCHOOL", "TYPE": "Community Centre", "AMENITIES": "None", "ADDRESS": "1665 O'CONNOR DR", "PHONE": "416-397-2980", "URL": "https://www.toronto.ca/explore-enjoy/parks-recreation/places-spaces/parks-and-recreation-facilities/location/?id=1284" }, "geometry": { "type": "MultiPoint", "coordinates": [ [ -79.304232088454, 43.716439673958803 ] ] } },
{ "type": "Feature", "properties": { "_id": 1584, "LOCATIONID": "1288", "ASSET_ID": 13059.0, "ASSET_NAME": "PARK LAWN COMMUNITY SCHOOL", "TYPE": "Community Centre", "AMENITIES": "None", "ADDRESS": "71 BALLACAINE DR", "PHONE": "416-394-8713", "URL": "https://www.toronto.ca/explore-enjoy/parks-recreation/places-spaces/parks-and-recreation-facilities/location/?id=1288" }, "geometry": { "type": "MultiPoint", "coordinates": [ [ -79.496422001972604, 43.637751190695198 ] ] } },
{ "type": "Feature", "properties": { "_id": 1585, "LOCATIONID": "1293", "ASSET_ID": 34802.0, "ASSET_NAME": "PLEASANT VIEW JUNIOR HIGH SCHOOL", "TYPE": "Community Centre", "AMENITIES": "None", "ADDRESS": "175 BRIAN DR", "PHONE": "416-395-6006", "URL": "https://www.toronto.ca/explore-enjoy/parks-recreation/places-spaces/parks-and-recreation-facilities/location/?id=1293" }, "geometry": { "type": "MultiPoint", "coordinates": [ [ -79.333911359285096, 43.787476399316297 ] ] } },
{ "type": "Feature", "properties": { "_id": 1586, "LOCATIONID": "1294", "ASSET_ID": 31224.0, "ASSET_NAME": "PORT ROYAL PUBLIC SCHOOL", "TYPE": "Community Centre", "AMENITIES": "None", "ADDRESS": "408 PORT ROYAL TRL", "PHONE": "None", "URL": "https://www.toronto.ca/explore-enjoy/parks-recreation/places-spaces/parks-and-recreation-facilities/location/?id=1294" }, "geometry": { "type": "MultiPoint", "coordinates": [ [ -79.289921833842797, 43.824621008064497 ] ] } },
{ "type": "Feature", "properties": { "_id": 1587, "LOCATIONID": "13", "ASSET_ID": 4.0, "ASSET_NAME": "ADAM BECK COMMUNITY CENTRE", "TYPE": "Community Centre", "AMENITIES": "Washroom", "ADDRESS": "79 LAWLOR AVE", "PHONE": "416-392-0741", "URL": "https://www.toronto.ca/explore-enjoy/parks-recreation/places-spaces/parks-and-recreation-facilities/location/?id=13" }, "geometry": { "type": "MultiPoint", "coordinates": [ [ -79.288664263314502, 43.683078760361603 ] ] } },
{ "type": "Feature", "properties": { "_id": 1588, "LOCATIONID": "1301", "ASSET_ID": 31049.0, "ASSET_NAME": "REGINA MUNDI CATHOLIC SCHOOL", "TYPE": "Community Centre", "AMENITIES": "None", "ADDRESS": "70 PLAYFAIR AVE", "PHONE": "None", "URL": "https://www.toronto.ca/explore-enjoy/parks-recreation/places-spaces/parks-and-recreation-facilities/location/?id=1301" }, "geometry": { "type": "MultiPoint", "coordinates": [ [ -79.459464258205401, 43.7101457950818 ] ] } },
{ "type": "Feature", "properties": { "_id": 1589, "LOCATIONID": "1309", "ASSET_ID": 36082.0, "ASSET_NAME": "SELWYN PUBLIC SCHOOL", "TYPE": "Community Centre", "AMENITIES": "None", "ADDRESS": "1 SELWYN AVE", "PHONE": "416-392-0199", "URL": "https://www.toronto.ca/explore-enjoy/parks-recreation/places-spaces/parks-and-recreation-facilities/location/?id=1309" }, "geometry": { "type": "MultiPoint", "coordinates": [ [ -79.306391338991503, 43.708670070071101 ] ] } },
{ "type": "Feature", "properties": { "_id": 1590, "LOCATIONID": "1313", "ASSET_ID": 31060.0, "ASSET_NAME": "SIR ERNEST MACMILLAN SENIOR PUBLIC SCHOOL", "TYPE": "Community Centre", "AMENITIES": "None", "ADDRESS": "149 HUNTSMILL BLVD", "PHONE": "None", "URL": "https://www.toronto.ca/explore-enjoy/parks-recreation/places-spaces/parks-and-recreation-facilities/location/?id=1313" }, "geometry": { "type": "MultiPoint", "coordinates": [ [ -79.328774331580206, 43.806624793674096 ] ] } },
{ "type": "Feature", "properties": { "_id": 1591, "LOCATIONID": "1315", "ASSET_ID": 13065.0, "ASSET_NAME": "SIR OLIVER MOWAT COLLEGIATE INSTITUTE", "TYPE": "Community Centre", "AMENITIES": "None", "ADDRESS": "5400 LAWRENCE AVE E", "PHONE": "416-396-4007", "URL": "https://www.toronto.ca/explore-enjoy/parks-recreation/places-spaces/parks-and-recreation-facilities/location/?id=1315" }, "geometry": { "type": "MultiPoint", "coordinates": [ [ -79.142197126726103, 43.7792186700934 ] ] } },
{ "type": "Feature", "properties": { "_id": 1592, "LOCATIONID": "1317", "ASSET_ID": 13066.0, "ASSET_NAME": "SIR WILFRID LAURIER COLLEGIATE INSTITUTE", "TYPE": "Community Centre", "AMENITIES": "None", "ADDRESS": "145 GUILDWOOD PKWY", "PHONE": "416-396-4011", "URL": "https://www.toronto.ca/explore-enjoy/parks-recreation/places-spaces/parks-and-recreation-facilities/location/?id=1317" }, "geometry": { "type": "MultiPoint", "coordinates": [ [ -79.196857774401593, 43.7471449075667 ] ] } },
{ "type": "Feature", "properties": { "_id": 1593, "LOCATIONID": "1319", "ASSET_ID": 34805.0, "ASSET_NAME": "SLOANE PUBLIC SCHOOL", "TYPE": "Community Centre", "AMENITIES": "None", "ADDRESS": "110 SLOANE AVE", "PHONE": "416-395-0159", "URL": "https://www.toronto.ca/explore-enjoy/parks-recreation/places-spaces/parks-and-recreation-facilities/location/?id=1319" }, "geometry": { "type": "MultiPoint", "coordinates": [ [ -79.310405533380006, 43.731319944610497 ] ] } },
{ "type": "Feature", "properties": { "_id": 1594, "LOCATIONID": "1320", "ASSET_ID": 13067.0, "ASSET_NAME": "SMITHFIELD COMMUNITY SCHOOL", "TYPE": "Community Centre", "AMENITIES": "None", "ADDRESS": "175 MOUNT OLIVE DR", "PHONE": "416-394-8715", "URL": "https://www.toronto.ca/explore-enjoy/parks-recreation/places-spaces/parks-and-recreation-facilities/location/?id=1320" }, "geometry": { "type": "MultiPoint", "coordinates": [ [ -79.595648214289696, 43.7497510817525 ] ] } },
{ "type": "Feature", "properties": { "_id": 1595, "LOCATIONID": "1324", "ASSET_ID": 44146.0, "ASSET_NAME": "ST. ALPHONSUS CATHOLIC SECONDARY SCHOOL", "TYPE": "Community Centre", "AMENITIES": "None", "ADDRESS": "60 ATLAS AVE", "PHONE": "None", "URL": "https://www.toronto.ca/explore-enjoy/parks-recreation/places-spaces/parks-and-recreation-facilities/location/?id=1324" }, "geometry": { "type": "MultiPoint", "coordinates": [ [ -79.432090548944998, 43.6829466426992 ] ] } },
{ "type": "Feature", "properties": { "_id": 1596, "LOCATIONID": "1326", "ASSET_ID": 44147.0, "ASSET_NAME": "ST. ANDREWS JUNIOR HIGH SCHOOL", "TYPE": "Community Centre", "AMENITIES": "None", "ADDRESS": "131 FENN AVE", "PHONE": "416-395-6175", "URL": "https://www.toronto.ca/explore-enjoy/parks-recreation/places-spaces/parks-and-recreation-facilities/location/?id=1326" }, "geometry": { "type": "MultiPoint", "coordinates": [ [ -79.390260218204801, 43.751492476145799 ] ] } },
{ "type": "Feature", "properties": { "_id": 1597, "LOCATIONID": "1327", "ASSET_ID": 34782.0, "ASSET_NAME": "ST. AUGUSTINE CATHOLIC SCHOOL", "TYPE": "Community Centre", "AMENITIES": "None", "ADDRESS": "98 SHOREHAM DR", "PHONE": "416-395-6019", "URL": "https://www.toronto.ca/explore-enjoy/parks-recreation/places-spaces/parks-and-recreation-facilities/location/?id=1327" }, "geometry": { "type": "MultiPoint", "coordinates": [ [ -79.524906339269606, 43.768201167964797 ] ] } },
{ "type": "Feature", "properties": { "_id": 1598, "LOCATIONID": "1328", "ASSET_ID": 31059.0, "ASSET_NAME": "ST. BARBARA CATHOLIC SCHOOL", "TYPE": "Community Centre", "AMENITIES": "None", "ADDRESS": "25 JANRAY DR", "PHONE": "None", "URL": "https://www.toronto.ca/explore-enjoy/parks-recreation/places-spaces/parks-and-recreation-facilities/location/?id=1328" }, "geometry": { "type": "MultiPoint", "coordinates": [ [ -79.218979564369803, 43.762455496121902 ] ] } },
{ "type": "Feature", "properties": { "_id": 1599, "LOCATIONID": "1329", "ASSET_ID": 31058.0, "ASSET_NAME": "ST. BARNABAS CATHOLIC SCHOOL", "TYPE": "Community Centre", "AMENITIES": "None", "ADDRESS": "30 WASHBURN WAY", "PHONE": "None", "URL": "https://www.toronto.ca/explore-enjoy/parks-recreation/places-spaces/parks-and-recreation-facilities/location/?id=1329" }, "geometry": { "type": "MultiPoint", "coordinates": [ [ -79.2285169005862, 43.797265930344402 ] ] } },
{ "type": "Feature", "properties": { "_id": 1600, "LOCATIONID": "1330", "ASSET_ID": 31228.0, "ASSET_NAME": "ST. BARTHOLOMEW CATHOLIC SECONDARY SCHOOL", "TYPE": "Community Centre", "AMENITIES": "None", "ADDRESS": "51 HEATHER RD", "PHONE": "None", "URL": "https://www.toronto.ca/explore-enjoy/parks-recreation/places-spaces/parks-and-recreation-facilities/location/?id=1330" }, "geometry": { "type": "MultiPoint", "coordinates": [ [ -79.271604828195905, 43.789852062217697 ] ] } },
{ "type": "Feature", "properties": { "_id": 1601, "LOCATIONID": "1331", "ASSET_ID": 31057.0, "ASSET_NAME": "ST. BONIFACE CATHOLIC SCHOOL", "TYPE": "Community Centre", "AMENITIES": "None", "ADDRESS": "20 MARKANNA DR", "PHONE": "None", "URL": "https://www.toronto.ca/explore-enjoy/parks-recreation/places-spaces/parks-and-recreation-facilities/location/?id=1331" }, "geometry": { "type": "MultiPoint", "coordinates": [ [ -79.219826036609305, 43.740570453740197 ] ] } },
{ "type": "Feature", "properties": { "_id": 1602, "LOCATIONID": "1336", "ASSET_ID": 31056.0, "ASSET_NAME": "ST. ELIZABETH SETON CATHOLIC SCHOOL", "TYPE": "Community Centre", "AMENITIES": "None", "ADDRESS": "25 HAVENVIEW RD", "PHONE": "None", "URL": "https://www.toronto.ca/explore-enjoy/parks-recreation/places-spaces/parks-and-recreation-facilities/location/?id=1336" }, "geometry": { "type": "MultiPoint", "coordinates": [ [ -79.246727918606794, 43.7889217250749 ] ] } },
{ "type": "Feature", "properties": { "_id": 1603, "LOCATIONID": "1340", "ASSET_ID": 34745.0, "ASSET_NAME": "ST. ISAAC JOGUES CATHOLIC SCHOOL", "TYPE": "Community Centre", "AMENITIES": "None", "ADDRESS": "1330 YORK MILLS RD", "PHONE": "416-395-7966", "URL": "https://www.toronto.ca/explore-enjoy/parks-recreation/places-spaces/parks-and-recreation-facilities/location/?id=1340" }, "geometry": { "type": "MultiPoint", "coordinates": [ [ -79.321860766228397, 43.762413282814698 ] ] } },
{ "type": "Feature", "properties": { "_id": 1604, "LOCATIONID": "1344", "ASSET_ID": 13068.0, "ASSET_NAME": "ST. MARCELLUS COMMUNITY SCHOOL", "TYPE": "Community Centre", "AMENITIES": "Wi-Fi", "ADDRESS": "15 DENFIELD ST", "PHONE": "416-394-5490", "URL": "https://www.toronto.ca/explore-enjoy/parks-recreation/places-spaces/parks-and-recreation-facilities/location/?id=1344" }, "geometry": { "type": "MultiPoint", "coordinates": [ [ -79.554185777815704, 43.679714489638499 ] ] } },
{ "type": "Feature", "properties": { "_id": 1605, "LOCATIONID": "1345", "ASSET_ID": 31055.0, "ASSET_NAME": "ST. MARTIN DE PORRES CATHOLIC SCHOOL", "TYPE": "Community Centre", "AMENITIES": "None", "ADDRESS": "230 MORNINGSIDE AVE", "PHONE": "None", "URL": "https://www.toronto.ca/explore-enjoy/parks-recreation/places-spaces/parks-and-recreation-facilities/location/?id=1345" }, "geometry": { "type": "MultiPoint", "coordinates": [ [ -79.186525133357307, 43.766978433465603 ] ] } },
{ "type": "Feature", "properties": { "_id": 1606, "LOCATIONID": "1348", "ASSET_ID": 46305.0, "ASSET_NAME": "ST. NICHOLAS OF BARI CATHOLIC SCHOOL", "TYPE": "Community Centre", "AMENITIES": "None", "ADDRESS": "363 ROGERS RD", "PHONE": "None", "URL": "https://www.toronto.ca/explore-enjoy/parks-recreation/places-spaces/parks-and-recreation-facilities/location/?id=1348" }, "geometry": { "type": "MultiPoint", "coordinates": [ [ -79.460403342950698, 43.6827599113969 ] ] } },
{ "type": "Feature", "properties": { "_id": 1607, "LOCATIONID": "1363", "ASSET_ID": 31229.0, "ASSET_NAME": "TECUMSEH SENIOR PUBLIC SCHOOL", "TYPE": "Community Centre", "AMENITIES": "None", "ADDRESS": "720 SCARBOROUGH GOLF CLUB RD", "PHONE": "None", "URL": "https://www.toronto.ca/explore-enjoy/parks-recreation/places-spaces/parks-and-recreation-facilities/location/?id=1363" }, "geometry": { "type": "MultiPoint", "coordinates": [ [ -79.216672109009295, 43.762822673299901 ] ] } },
{ "type": "Feature", "properties": { "_id": 1608, "LOCATIONID": "1369", "ASSET_ID": 34743.0, "ASSET_NAME": "TOPCLIFF PUBLIC SCHOOL", "TYPE": "Community Centre", "AMENITIES": "None", "ADDRESS": "65 TOPCLIFF AVE", "PHONE": "416-395-0488", "URL": "https://www.toronto.ca/explore-enjoy/parks-recreation/places-spaces/parks-and-recreation-facilities/location/?id=1369" }, "geometry": { "type": "MultiPoint", "coordinates": [ [ -79.5106431682551, 43.755433188741399 ] ] } },
{ "type": "Feature", "properties": { "_id": 1609, "LOCATIONID": "1371", "ASSET_ID": 13074.0, "ASSET_NAME": "VAUGHAN ROAD ACADEMY", "TYPE": "Community Centre", "AMENITIES": "None", "ADDRESS": "529 VAUGHAN RD", "PHONE": "None", "URL": "https://www.toronto.ca/explore-enjoy/parks-recreation/places-spaces/parks-and-recreation-facilities/location/?id=1371" }, "geometry": { "type": "MultiPoint", "coordinates": [ [ -79.436735662527397, 43.690940682925302 ] ] } },
{ "type": "Feature", "properties": { "_id": 1610, "LOCATIONID": "1373", "ASSET_ID": 13075.0, "ASSET_NAME": "VICTORIA PARK COLLEGIATE INSTITUTE", "TYPE": "Community Centre", "AMENITIES": "None", "ADDRESS": "15 WALLINGFORD RD", "PHONE": "None", "URL": "https://www.toronto.ca/explore-enjoy/parks-recreation/places-spaces/parks-and-recreation-facilities/location/?id=1373" }, "geometry": { "type": "MultiPoint", "coordinates": [ [ -79.321362610408698, 43.755873412716099 ] ] } },
{ "type": "Feature", "properties": { "_id": 1611, "LOCATIONID": "1375", "ASSET_ID": 31231.0, "ASSET_NAME": "VRADENBURG JUNIOR PUBLIC SCHOOL", "TYPE": "Community Centre", "AMENITIES": "None", "ADDRESS": "50 VRADENBERG DR", "PHONE": "None", "URL": "https://www.toronto.ca/explore-enjoy/parks-recreation/places-spaces/parks-and-recreation-facilities/location/?id=1375" }, "geometry": { "type": "MultiPoint", "coordinates": [ [ -79.308411936777802, 43.774330577830703 ] ] } },
{ "type": "Feature", "properties": { "_id": 1612, "LOCATIONID": "1381", "ASSET_ID": 13076.0, "ASSET_NAME": "WEST HILL COLLEGIATE INSTITUTE", "TYPE": "Community Centre", "AMENITIES": "None", "ADDRESS": "350 MORNINGSIDE AVE", "PHONE": "416-396-4008", "URL": "https://www.toronto.ca/explore-enjoy/parks-recreation/places-spaces/parks-and-recreation-facilities/location/?id=1381" }, "geometry": { "type": "MultiPoint", "coordinates": [ [ -79.190574166712906, 43.7758145503024 ] ] } },
{ "type": "Feature", "properties": { "_id": 1613, "LOCATIONID": "1382", "ASSET_ID": 31232.0, "ASSET_NAME": "WEST HILL PUBLIC SCHOOL", "TYPE": "Community Centre", "AMENITIES": "None", "ADDRESS": "299 MORNINGSIDE AVE", "PHONE": "None", "URL": "https://www.toronto.ca/explore-enjoy/parks-recreation/places-spaces/parks-and-recreation-facilities/location/?id=1382" }, "geometry": { "type": "MultiPoint", "coordinates": [ [ -79.186890297860202, 43.772638314760698 ] ] } },
{ "type": "Feature", "properties": { "_id": 1614, "LOCATIONID": "1384", "ASSET_ID": 13078.0, "ASSET_NAME": "WESTON COLLEGIATE INSTITUTE", "TYPE": "Community Centre", "AMENITIES": "None", "ADDRESS": "100 PINE ST", "PHONE": "416-394-2739", "URL": "https://www.toronto.ca/explore-enjoy/parks-recreation/places-spaces/parks-and-recreation-facilities/location/?id=1384" }, "geometry": { "type": "MultiPoint", "coordinates": [ [ -79.509915306389004, 43.703706768760497 ] ] } },
{ "type": "Feature", "properties": { "_id": 1615, "LOCATIONID": "1387", "ASSET_ID": 13079.0, "ASSET_NAME": "WEXFORD COLLEGIATE INSTITUTE", "TYPE": "Community Centre", "AMENITIES": "None", "ADDRESS": "1176 PHARMACY AVE", "PHONE": "416-336-4016", "URL": "https://www.toronto.ca/explore-enjoy/parks-recreation/places-spaces/parks-and-recreation-facilities/location/?id=1387" }, "geometry": { "type": "MultiPoint", "coordinates": [ [ -79.3067036249967, 43.746010980251398 ] ] } },
{ "type": "Feature", "properties": { "_id": 1616, "LOCATIONID": "1388", "ASSET_ID": 31233.0, "ASSET_NAME": "WHITE HAVEN PUBLIC SCHOOL", "TYPE": "Community Centre", "AMENITIES": "None", "ADDRESS": "105 INVERGORDON AVE", "PHONE": "None", "URL": "https://www.toronto.ca/explore-enjoy/parks-recreation/places-spaces/parks-and-recreation-facilities/location/?id=1388" }, "geometry": { "type": "MultiPoint", "coordinates": [ [ -79.247278902195703, 43.7872901919974 ] ] } },
{ "type": "Feature", "properties": { "_id": 1617, "LOCATIONID": "1390", "ASSET_ID": 31053.0, "ASSET_NAME": "WILLOW PARK JUNIOR PUBLIC SCHOOL", "TYPE": "Community Centre", "AMENITIES": "None", "ADDRESS": "45 WINDOVER DR", "PHONE": "None", "URL": "https://www.toronto.ca/explore-enjoy/parks-recreation/places-spaces/parks-and-recreation-facilities/location/?id=1390" }, "geometry": { "type": "MultiPoint", "coordinates": [ [ -79.209570370589603, 43.761209605099701 ] ] } },
{ "type": "Feature", "properties": { "_id": 1618, "LOCATIONID": "1393", "ASSET_ID": 31227.0, "ASSET_NAME": "WINSTON CHURCHILL COLLEGIATE INSTITUTE", "TYPE": "Community Centre", "AMENITIES": "None", "ADDRESS": "2239 LAWRENCE AVE E", "PHONE": "None", "URL": "https://www.toronto.ca/explore-enjoy/parks-recreation/places-spaces/parks-and-recreation-facilities/location/?id=1393" }, "geometry": { "type": "MultiPoint", "coordinates": [ [ -79.278130807741405, 43.747904050528 ] ] } },
{ "type": "Feature", "properties": { "_id": 1619, "LOCATIONID": "1395", "ASSET_ID": 31234.0, "ASSET_NAME": "WOBURN COLLEGIATE INSTITUTE", "TYPE": "Community Centre", "AMENITIES": "None", "ADDRESS": "2222 ELLESMERE RD", "PHONE": "None", "URL": "https://www.toronto.ca/explore-enjoy/parks-recreation/places-spaces/parks-and-recreation-facilities/location/?id=1395" }, "geometry": { "type": "MultiPoint", "coordinates": [ [ -79.228587782314705, 43.778140810002498 ] ] } },
{ "type": "Feature", "properties": { "_id": 1620, "LOCATIONID": "1399", "ASSET_ID": 13083.0, "ASSET_NAME": "YORK MILLS COLLEGIATE INSTITUTE", "TYPE": "Community Centre", "AMENITIES": "None", "ADDRESS": "490 YORK MILLS RD", "PHONE": "None", "URL": "https://www.toronto.ca/explore-enjoy/parks-recreation/places-spaces/parks-and-recreation-facilities/location/?id=1399" }, "geometry": { "type": "MultiPoint", "coordinates": [ [ -79.373635318492802, 43.751540131885598 ] ] } },
{ "type": "Feature", "properties": { "_id": 1621, "LOCATIONID": "1403", "ASSET_ID": 66902.0, "ASSET_NAME": "ZION HEIGHTS MIDDLE SCHOOL", "TYPE": "Community Centre", "AMENITIES": "None", "ADDRESS": "5900 LESLIE ST", "PHONE": "None", "URL": "https://www.toronto.ca/explore-enjoy/parks-recreation/places-spaces/parks-and-recreation-facilities/location/?id=1403" }, "geometry": { "type": "MultiPoint", "coordinates": [ [ -79.371177472549505, 43.798125979443803 ] ] } },
{ "type": "Feature", "properties": { "_id": 1622, "LOCATIONID": "1404", "ASSET_ID": 44128.0, "ASSET_NAME": "FRANK OKE SECONDARY SCHOOL", "TYPE": "Community Centre", "AMENITIES": "None", "ADDRESS": "500 ALLIANCE AVE", "PHONE": "None", "URL": "https://www.toronto.ca/explore-enjoy/parks-recreation/places-spaces/parks-and-recreation-facilities/location/?id=1404" }, "geometry": { "type": "MultiPoint", "coordinates": [ [ -79.488780501496294, 43.677482573425799 ] ] } },
{ "type": "Feature", "properties": { "_id": 1623, "LOCATIONID": "1429", "ASSET_ID": 13061.0, "ASSET_NAME": "POWER HOUSE RECREATION CENTRE", "TYPE": "Community Centre", "AMENITIES": "Washroom, Wi-Fi", "ADDRESS": "65 COLONEL SAMUEL SMITH PARK DR", "PHONE": "416-338-1081", "URL": "https://www.toronto.ca/explore-enjoy/parks-recreation/places-spaces/parks-and-recreation-facilities/location/?id=1429" }, "geometry": { "type": "MultiPoint", "coordinates": [ [ -79.515343570139194, 43.593524440817902 ] ] } },
{ "type": "Feature", "properties": { "_id": 1624, "LOCATIONID": "1463", "ASSET_ID": 2065.0, "ASSET_NAME": "EDITHVALE COMMUNITY CENTRE", "TYPE": "Community Centre", "AMENITIES": "Wi-Fi", "ADDRESS": "131 FINCH AVE W", "PHONE": "416-395-6164", "URL": "https://www.toronto.ca/explore-enjoy/parks-recreation/places-spaces/parks-and-recreation-facilities/location/?id=1463" }, "geometry": { "type": "MultiPoint", "coordinates": [ [ -79.426381100862798, 43.776938101635203 ] ] } },
{ "type": "Feature", "properties": { "_id": 1625, "LOCATIONID": "234", "ASSET_ID": 1866.0, "ASSET_NAME": "MATTY ECKLER RECREATION CENTRE", "TYPE": "Community Centre", "AMENITIES": "Washroom, Wi-Fi", "ADDRESS": "953 GERRARD ST E", "PHONE": "416-392-0750", "URL": "https://www.toronto.ca/explore-enjoy/parks-recreation/places-spaces/parks-and-recreation-facilities/location/?id=234" }, "geometry": { "type": "MultiPoint", "coordinates": [ [ -79.339583520765402, 43.667904015874399 ] ] } },
{ "type": "Feature", "properties": { "_id": 1626, "LOCATIONID": "24", "ASSET_ID": 71.0, "ASSET_NAME": "BEACHES RECREATION CENTRE", "TYPE": "Community Centre", "AMENITIES": "Washroom, Wi-Fi", "ADDRESS": "6 WILLIAMSON RD", "PHONE": "416-392-0740", "URL": "https://www.toronto.ca/explore-enjoy/parks-recreation/places-spaces/parks-and-recreation-facilities/location/?id=24" }, "geometry": { "type": "MultiPoint", "coordinates": [ [ -79.298778240351098, 43.673983271151499 ] ] } },
{ "type": "Feature", "properties": { "_id": 1627, "LOCATIONID": "243", "ASSET_ID": 1902.0, "ASSET_NAME": "PARKDALE COMMUNITY RECREATION CENTRE", "TYPE": "Community Centre", "AMENITIES": "None", "ADDRESS": "75 LANSDOWNE AVE", "PHONE": "416-392-6696", "URL": "https://www.toronto.ca/explore-enjoy/parks-recreation/places-spaces/parks-and-recreation-facilities/location/?id=243" }, "geometry": { "type": "MultiPoint", "coordinates": [ [ -79.437113304398594, 43.643359683905402 ] ] } },
{ "type": "Feature", "properties": { "_id": 1628, "LOCATIONID": "2759", "ASSET_ID": 34744.0, "ASSET_NAME": "BLESSED MARGHERITA OF CITTA DI CASTELLO", "TYPE": "Community Centre", "AMENITIES": "None", "ADDRESS": "108 SPENVALLEY DR", "PHONE": "416-395-6182", "URL": "https://www.toronto.ca/explore-enjoy/parks-recreation/places-spaces/parks-and-recreation-facilities/location/?id=2759" }, "geometry": { "type": "MultiPoint", "coordinates": [ [ -79.507932703517994, 43.743753041038701 ] ] } },
{ "type": "Feature", "properties": { "_id": 1629, "LOCATIONID": "2773", "ASSET_ID": 44942.0, "ASSET_NAME": "TORONTO PAN AM SPORTS CENTRE", "TYPE": "Community Centre", "AMENITIES": "Wi-Fi", "ADDRESS": "875 MORNINGSIDE AVE", "PHONE": "416-283-5222", "URL": "https://www.toronto.ca/explore-enjoy/parks-recreation/places-spaces/parks-and-recreation-facilities/location/?id=2773" }, "geometry": { "type": "MultiPoint", "coordinates": [ [ -79.193715813137601, 43.790697171437401 ] ] } },
{ "type": "Feature", "properties": { "_id": 1630, "LOCATIONID": "2780", "ASSET_ID": 46303.0, "ASSET_NAME": "ST. AMBROSE CATHOLIC SCHOOL", "TYPE": "Community Centre", "AMENITIES": "None", "ADDRESS": "20 COULES CRT", "PHONE": "None", "URL": "https://www.toronto.ca/explore-enjoy/parks-recreation/places-spaces/parks-and-recreation-facilities/location/?id=2780" }, "geometry": { "type": "MultiPoint", "coordinates": [ [ -79.550235498986297, 43.608307813001097 ] ] } },
{ "type": "Feature", "properties": { "_id": 1631, "LOCATIONID": "2781", "ASSET_ID": 46304.0, "ASSET_NAME": "ST. GERALD CATHOLIC SCHOOL", "TYPE": "Community Centre", "AMENITIES": "None", "ADDRESS": "200 OLD SHEPPARD AVE", "PHONE": "None", "URL": "https://www.toronto.ca/explore-enjoy/parks-recreation/places-spaces/parks-and-recreation-facilities/location/?id=2781" }, "geometry": { "type": "MultiPoint", "coordinates": [ [ -79.326363308443803, 43.780696777013901 ] ] } },
{ "type": "Feature", "properties": { "_id": 1632, "LOCATIONID": "2791", "ASSET_ID": 45042.0, "ASSET_NAME": "PARKWAY FOREST COMMUNITY CENTRE", "TYPE": "Community Centre", "AMENITIES": "Wi-Fi", "ADDRESS": "55 FOREST MANOR RD", "PHONE": "416-392-6383", "URL": "https://www.toronto.ca/explore-enjoy/parks-recreation/places-spaces/parks-and-recreation-facilities/location/?id=2791" }, "geometry": { "type": "MultiPoint", "coordinates": [ [ -79.343607041188406, 43.772566604035902 ] ] } },
{ "type": "Feature", "properties": { "_id": 1633, "LOCATIONID": "282", "ASSET_ID": 1016.0, "ASSET_NAME": "SWANSEA COMMUNITY RECREATION CENTRE", "TYPE": "Community Centre", "AMENITIES": "Wi-Fi", "ADDRESS": "15 WALLER AVE", "PHONE": "416-392-6796", "URL": "https://www.toronto.ca/explore-enjoy/parks-recreation/places-spaces/parks-and-recreation-facilities/location/?id=282" }, "geometry": { "type": "MultiPoint", "coordinates": [ [ -79.477100623453495, 43.643979939887402 ] ] } },
{ "type": "Feature", "properties": { "_id": 1634, "LOCATIONID": "2831", "ASSET_ID": 46603.0, "ASSET_NAME": "DAVISVILLE JUNIOR PUBLIC SCHOOL", "TYPE": "Community Centre", "AMENITIES": "None", "ADDRESS": "43 MILLWOOD RD", "PHONE": "416-392-6826", "URL": "https://www.toronto.ca/explore-enjoy/parks-recreation/places-spaces/parks-and-recreation-facilities/location/?id=2831" }, "geometry": { "type": "MultiPoint", "coordinates": [ [ -79.394662690731494, 43.6990501874321 ] ] } },
{ "type": "Feature", "properties": { "_id": 1635, "LOCATIONID": "2833", "ASSET_ID": 46606.0, "ASSET_NAME": "SAMUEL HEARNE MIDDLE SCHOOL", "TYPE": "Community Centre", "AMENITIES": "None", "ADDRESS": "21 NEWPORT AVE", "PHONE": "None", "URL": "https://www.toronto.ca/explore-enjoy/parks-recreation/places-spaces/parks-and-recreation-facilities/location/?id=2833" }, "geometry": { "type": "MultiPoint", "coordinates": [ [ -79.283391045227006, 43.695009164235401 ] ] } },
{ "type": "Feature", "properties": { "_id": 1636, "LOCATIONID": "2836", "ASSET_ID": 31725.0, "ASSET_NAME": "CENTRAL ETOBICOKE HIGH SCHOOL", "TYPE": "Community Centre", "AMENITIES": "None", "ADDRESS": "10 DENFIELD ST", "PHONE": "None", "URL": "https://www.toronto.ca/explore-enjoy/parks-recreation/places-spaces/parks-and-recreation-facilities/location/?id=2836" }, "geometry": { "type": "MultiPoint", "coordinates": [ [ -79.555442818588801, 43.678934687996602 ] ] } },
{ "type": "Feature", "properties": { "_id": 1637, "LOCATIONID": "2837", "ASSET_ID": 25262.0, "ASSET_NAME": "LORETTO COLLEGE", "TYPE": "Community Centre", "AMENITIES": "None", "ADDRESS": "151 ROSEMOUNT AVE", "PHONE": "None", "URL": "https://www.toronto.ca/explore-enjoy/parks-recreation/places-spaces/parks-and-recreation-facilities/location/?id=2837" }, "geometry": { "type": "MultiPoint", "coordinates": [ [ -79.443505935961397, 43.675633461778297 ] ] } },
{ "type": "Feature", "properties": { "_id": 1638, "LOCATIONID": "287", "ASSET_ID": 2006.0, "ASSET_NAME": "TRINITY COMMUNITY RECREATION CENTRE", "TYPE": "Community Centre", "AMENITIES": "Washroom, Wi-Fi", "ADDRESS": "155 CRAWFORD ST", "PHONE": "416-392-0743", "URL": "https://www.toronto.ca/explore-enjoy/parks-recreation/places-spaces/parks-and-recreation-facilities/location/?id=287" }, "geometry": { "type": "MultiPoint", "coordinates": [ [ -79.414877807014093, 43.646250454503303 ] ] } },
{ "type": "Feature", "properties": { "_id": 1639, "LOCATIONID": "289", "ASSET_ID": 105.0, "ASSET_NAME": "BIRKDALE COMMUNITY CENTRE", "TYPE": "Community Centre", "AMENITIES": "Washroom, Wi-Fi", "ADDRESS": "1299 ELLESMERE RD", "PHONE": "416-396-4069", "URL": "https://www.toronto.ca/explore-enjoy/parks-recreation/places-spaces/parks-and-recreation-facilities/location/?id=289" }, "geometry": { "type": "MultiPoint", "coordinates": [ [ -79.263868253498401, 43.768229140572402 ] ] } },
{ "type": "Feature", "properties": { "_id": 1640, "LOCATIONID": "2907", "ASSET_ID": 988872.0, "ASSET_NAME": "BUCHANAN PUBLIC SCHOOL", "TYPE": "Community Centre", "AMENITIES": "None", "ADDRESS": "4 BUCHANNAN RD", "PHONE": "None", "URL": "https://www.toronto.ca/explore-enjoy/parks-recreation/places-spaces/parks-and-recreation-facilities/location/?id=2907" }, "geometry": { "type": "MultiPoint", "coordinates": [ [ -79.299930807057606, 43.751567335065403 ] ] } },
{ "type": "Feature", "properties": { "_id": 1641, "LOCATIONID": "294", "ASSET_ID": 2013.0, "ASSET_NAME": "WALLACE EMERSON COMMUNITY RECREATION CENTRE", "TYPE": "Community Centre", "AMENITIES": "Washroom", "ADDRESS": "1260 DUFFERIN ST", "PHONE": "416-392-0039", "URL": "https://www.toronto.ca/explore-enjoy/parks-recreation/places-spaces/parks-and-recreation-facilities/location/?id=294" }, "geometry": { "type": "MultiPoint", "coordinates": [ [ -79.439314481687205, 43.667336887022103 ] ] } },
{ "type": "Feature", "properties": { "_id": 1642, "LOCATIONID": "297", "ASSET_ID": 2104.0, "ASSET_NAME": "STAN WADLOW CLUBHOUSE", "TYPE": "Community Centre", "AMENITIES": "Washroom, Wi-Fi", "ADDRESS": "373 CEDARVALE AVE", "PHONE": "416-396-2842", "URL": "https://www.toronto.ca/explore-enjoy/parks-recreation/places-spaces/parks-and-recreation-facilities/location/?id=297" }, "geometry": { "type": "MultiPoint", "coordinates": [ [ -79.315117737066899, 43.698194458497802 ] ] } },
{ "type": "Feature", "properties": { "_id": 1643, "LOCATIONID": "30", "ASSET_ID": 2052.0, "ASSET_NAME": "BOB ABATE COMMUNITY RECREATION CENTRE", "TYPE": "Community Centre", "AMENITIES": "Washroom, Wi-Fi", "ADDRESS": "485 MONTROSE AVE", "PHONE": "416-392-0744", "URL": "https://www.toronto.ca/explore-enjoy/parks-recreation/places-spaces/parks-and-recreation-facilities/location/?id=30" }, "geometry": { "type": "MultiPoint", "coordinates": [ [ -79.420310091895502, 43.662390459824103 ] ] } },
{ "type": "Feature", "properties": { "_id": 1644, "LOCATIONID": "303", "ASSET_ID": 1741.0, "ASSET_NAME": "FENSIDE ARENA", "TYPE": "Community Centre", "AMENITIES": "Washroom, Wi-Fi", "ADDRESS": "30 SLIDELL CRES", "PHONE": "416-395-7846", "URL": "https://www.toronto.ca/explore-enjoy/parks-recreation/places-spaces/parks-and-recreation-facilities/location/?id=303" }, "geometry": { "type": "MultiPoint", "coordinates": [ [ -79.3270927188684, 43.764354339024202 ] ] } },
{ "type": "Feature", "properties": { "_id": 1645, "LOCATIONID": "342", "ASSET_ID": 13057.0, "ASSET_NAME": "NORTHVIEW HEIGHTS SECONDARY SCHOOL", "TYPE": "Community Centre", "AMENITIES": "None", "ADDRESS": "550 FINCH AVE W", "PHONE": "416-395-7965", "URL": "https://www.toronto.ca/explore-enjoy/parks-recreation/places-spaces/parks-and-recreation-facilities/location/?id=342" }, "geometry": { "type": "MultiPoint", "coordinates": [ [ -79.445571259740504, 43.774446581994702 ] ] } },
{ "type": "Feature", "properties": { "_id": 1646, "LOCATIONID": "3451", "ASSET_ID": 58324.0, "ASSET_NAME": "ST. NORBERT CATHOLIC SCHOOL", "TYPE": "Community Centre", "AMENITIES": "None", "ADDRESS": "60 MANIZA RD", "PHONE": "None", "URL": "https://www.toronto.ca/explore-enjoy/parks-recreation/places-spaces/parks-and-recreation-facilities/location/?id=3451" }, "geometry": { "type": "MultiPoint", "coordinates": [ [ -79.464475231920403, 43.734506710238598 ] ] } },
{ "type": "Feature", "properties": { "_id": 1647, "LOCATIONID": "346", "ASSET_ID": 13467.0, "ASSET_NAME": "EARL BALES PARK SENIOR CENTRE", "TYPE": "Community Centre", "AMENITIES": "Washroom", "ADDRESS": "4169 BATHURST ST", "PHONE": "None", "URL": "https://www.toronto.ca/explore-enjoy/parks-recreation/places-spaces/parks-and-recreation-facilities/location/?id=346" }, "geometry": { "type": "MultiPoint", "coordinates": [ [ -79.436238982975198, 43.754509425332699 ] ] } },
{ "type": "Feature", "properties": { "_id": 1648, "LOCATIONID": "3489", "ASSET_ID": 1840.0, "ASSET_NAME": "LARRY GROSSMAN FOREST HILL MEMORIAL ARENA", "TYPE": "Community Centre", "AMENITIES": "Washroom", "ADDRESS": "340 CHAPLIN CRES", "PHONE": "416-488-1800", "URL": "https://www.toronto.ca/explore-enjoy/parks-recreation/places-spaces/parks-and-recreation-facilities/location/?id=3489" }, "geometry": { "type": "MultiPoint", "coordinates": [ [ -79.420185279634595, 43.704250374337001 ] ] } },
{ "type": "Feature", "properties": { "_id": 1649, "LOCATIONID": "3490", "ASSET_ID": 13051.0, "ASSET_NAME": "MCCORMICK ARENA", "TYPE": "Community Centre", "AMENITIES": "None", "ADDRESS": "179 BROCK AVE", "PHONE": "416-392-0647", "URL": "https://www.toronto.ca/explore-enjoy/parks-recreation/places-spaces/parks-and-recreation-facilities/location/?id=3490" }, "geometry": { "type": "MultiPoint", "coordinates": [ [ -79.433941224556193, 43.647238421108902 ] ] } },
{ "type": "Feature", "properties": { "_id": 1650, "LOCATIONID": "3491", "ASSET_ID": 13054.0, "ASSET_NAME": "MOSS PARK ARENA", "TYPE": "Community Centre", "AMENITIES": "Washroom", "ADDRESS": "140 SHERBOURNE ST", "PHONE": "416-392-1060", "URL": "https://www.toronto.ca/explore-enjoy/parks-recreation/places-spaces/parks-and-recreation-facilities/location/?id=3491" }, "geometry": { "type": "MultiPoint", "coordinates": [ [ -79.370295433365797, 43.655029563686597 ] ] } },
{ "type": "Feature", "properties": { "_id": 1651, "LOCATIONID": "3492", "ASSET_ID": 13056.0, "ASSET_NAME": "NORTH TORONTO MEMORIAL ARENA", "TYPE": "Community Centre", "AMENITIES": "None", "ADDRESS": "174 ORCHARD VIEW BLVD", "PHONE": "416-485-0301", "URL": "https://www.toronto.ca/explore-enjoy/parks-recreation/places-spaces/parks-and-recreation-facilities/location/?id=3492" }, "geometry": { "type": "MultiPoint", "coordinates": [ [ -79.404558673875499, 43.706985286460501 ] ] } },
{ "type": "Feature", "properties": { "_id": 1652, "LOCATIONID": "3493", "ASSET_ID": 989430.0, "ASSET_NAME": "SCARBOROUGH ARENA GARDENS", "TYPE": "Community Centre", "AMENITIES": "Wi-Fi", "ADDRESS": "75 BIRCHMOUNT RD", "PHONE": "416-396-4953", "URL": "https://www.toronto.ca/explore-enjoy/parks-recreation/places-spaces/parks-and-recreation-facilities/location/?id=3493" }, "geometry": { "type": "MultiPoint", "coordinates": [ [ -79.261938380097902, 43.694657457772301 ] ] } },
{ "type": "Feature", "properties": { "_id": 1653, "LOCATIONID": "3494", "ASSET_ID": 13070.0, "ASSET_NAME": "TED REEVE COMMUNITY ARENA", "TYPE": "Community Centre", "AMENITIES": "Washroom", "ADDRESS": "175 MAIN ST", "PHONE": "416-694-6893", "URL": "https://www.toronto.ca/explore-enjoy/parks-recreation/places-spaces/parks-and-recreation-facilities/location/?id=3494" }, "geometry": { "type": "MultiPoint", "coordinates": [ [ -79.299226682582699, 43.684544328070402 ] ] } },
{ "type": "Feature", "properties": { "_id": 1654, "LOCATIONID": "3495", "ASSET_ID": 13080.0, "ASSET_NAME": "WILLIAM H. BOLTON ARENA", "TYPE": "Community Centre", "AMENITIES": "Washroom", "ADDRESS": "40 ROSSMORE RD", "PHONE": "416-392-0088", "URL": "https://www.toronto.ca/explore-enjoy/parks-recreation/places-spaces/parks-and-recreation-facilities/location/?id=3495" }, "geometry": { "type": "MultiPoint", "coordinates": [ [ -79.415206126821701, 43.671195935205397 ] ] } },
{ "type": "Feature", "properties": { "_id": 1655, "LOCATIONID": "350", "ASSET_ID": 2054.0, "ASSET_NAME": "CARMINE STEFANO COMMUNITY CENTRE", "TYPE": "Community Centre", "AMENITIES": "Washroom", "ADDRESS": "3100 WESTON RD", "PHONE": "416-395-6127", "URL": "https://www.toronto.ca/explore-enjoy/parks-recreation/places-spaces/parks-and-recreation-facilities/location/?id=350" }, "geometry": { "type": "MultiPoint", "coordinates": [ [ -79.539142518658707, 43.733813451114898 ] ] } },
{ "type": "Feature", "properties": { "_id": 1656, "LOCATIONID": "3501", "ASSET_ID": 45062.0, "ASSET_NAME": "YORK RECREATION CENTRE", "TYPE": "Community Centre", "AMENITIES": "Wi-Fi", "ADDRESS": "115 BLACK CREEK DR", "PHONE": "416-392-9675", "URL": "https://www.toronto.ca/explore-enjoy/parks-recreation/places-spaces/parks-and-recreation-facilities/location/?id=3501" }, "geometry": { "type": "MultiPoint", "coordinates": [ [ -79.482034413673503, 43.687872905789 ] ] } },
{ "type": "Feature", "properties": { "_id": 1657, "LOCATIONID": "3502", "ASSET_ID": 45463.0, "ASSET_NAME": "REGENT PARK COMMUNITY CENTRE", "TYPE": "Community Centre", "AMENITIES": "Wi-Fi", "ADDRESS": "402 Shuter St", "PHONE": "416-392-5490", "URL": "https://www.toronto.ca/explore-enjoy/parks-recreation/places-spaces/parks-and-recreation-facilities/location/?id=3502" }, "geometry": { "type": "MultiPoint", "coordinates": [ [ -79.361692250138702, 43.658274519757498 ] ] } },
{ "type": "Feature", "properties": { "_id": 1658, "LOCATIONID": "3506", "ASSET_ID": 49424.0, "ASSET_NAME": "ST. JOACHIM CATHOLIC SCHOOL", "TYPE": "Community Centre", "AMENITIES": "None", "ADDRESS": "3395 ST CLAIR AVE E", "PHONE": "None", "URL": "https://www.toronto.ca/explore-enjoy/parks-recreation/places-spaces/parks-and-recreation-facilities/location/?id=3506" }, "geometry": { "type": "MultiPoint", "coordinates": [ [ -79.275366525182903, 43.712974394877897 ] ] } },
{ "type": "Feature", "properties": { "_id": 1659, "LOCATIONID": "3507", "ASSET_ID": 49425.0, "ASSET_NAME": "ST. MAURICE CATHOLIC SCHOOL", "TYPE": "Community Centre", "AMENITIES": "None", "ADDRESS": "45 KINGSVIEW BLVD", "PHONE": "None", "URL": "https://www.toronto.ca/explore-enjoy/parks-recreation/places-spaces/parks-and-recreation-facilities/location/?id=3507" }, "geometry": { "type": "MultiPoint", "coordinates": [ [ -79.554031152890303, 43.697870230738403 ] ] } },
{ "type": "Feature", "properties": { "_id": 1660, "LOCATIONID": "3508", "ASSET_ID": 49427.0, "ASSET_NAME": "TREDWAY WOODSWORTH PUBLIC SCHOOL", "TYPE": "Community Centre", "AMENITIES": "None", "ADDRESS": "112 SEDGEMOUNT DR", "PHONE": "None", "URL": "https://www.toronto.ca/explore-enjoy/parks-recreation/places-spaces/parks-and-recreation-facilities/location/?id=3508" }, "geometry": { "type": "MultiPoint", "coordinates": [ [ -79.235328565357705, 43.764935832726003 ] ] } },
{ "type": "Feature", "properties": { "_id": 1661, "LOCATIONID": "308", "ASSET_ID": 1740.0, "ASSET_NAME": "FAIRMOUNT PARK COMMUNITY CENTRE", "TYPE": "Community Centre", "AMENITIES": "Washroom", "ADDRESS": "1757 GERRARD ST E", "PHONE": "416-392-7060", "URL": "https://www.toronto.ca/explore-enjoy/parks-recreation/places-spaces/parks-and-recreation-facilities/location/?id=308" }, "geometry": { "type": "MultiPoint", "coordinates": [ [ -79.314923309495697, 43.676685743372602 ] ] } },
{ "type": "Feature", "properties": { "_id": 1662, "LOCATIONID": "325", "ASSET_ID": 13063.0, "ASSET_NAME": "SECORD COMMUNITY CENTRE", "TYPE": "Community Centre", "AMENITIES": "Washroom, Wi-Fi", "ADDRESS": "91 BARRINGTON AVE", "PHONE": "416-396-2857", "URL": "https://www.toronto.ca/explore-enjoy/parks-recreation/places-spaces/parks-and-recreation-facilities/location/?id=325" }, "geometry": { "type": "MultiPoint", "coordinates": [ [ -79.301657136656502, 43.692115332864702 ] ] } },
{ "type": "Feature", "properties": { "_id": 1663, "LOCATIONID": "329", "ASSET_ID": 317.0, "ASSET_NAME": "EAST YORK COMMUNITY RECREATION CENTRE", "TYPE": "Community Centre", "AMENITIES": "Washroom, Wi-Fi", "ADDRESS": "1081 1/2 PAPE AVE", "PHONE": "416-396-2880", "URL": "https://www.toronto.ca/explore-enjoy/parks-recreation/places-spaces/parks-and-recreation-facilities/location/?id=329" }, "geometry": { "type": "MultiPoint", "coordinates": [ [ -79.349255902306197, 43.6917662225624 ] ] } },
{ "type": "Feature", "properties": { "_id": 1664, "LOCATIONID": "33", "ASSET_ID": 6257.0, "ASSET_NAME": "BROWN COMMUNITY CENTRE", "TYPE": "Community Centre", "AMENITIES": "Washroom", "ADDRESS": "454 AVENUE RD", "PHONE": "416-392-6826", "URL": "https://www.toronto.ca/explore-enjoy/parks-recreation/places-spaces/parks-and-recreation-facilities/location/?id=33" }, "geometry": { "type": "MultiPoint", "coordinates": [ [ -79.401361579051596, 43.684958462353499 ] ] } },
{ "type": "Feature", "properties": { "_id": 1665, "LOCATIONID": "330", "ASSET_ID": 13024.0, "ASSET_NAME": "EAST YORK MEMORIAL ARENA", "TYPE": "Community Centre", "AMENITIES": "Washroom, Wi-Fi", "ADDRESS": "888 COSBURN AVE", "PHONE": "416-396-2869", "URL": "https://www.toronto.ca/explore-enjoy/parks-recreation/places-spaces/parks-and-recreation-facilities/location/?id=330" }, "geometry": { "type": "MultiPoint", "coordinates": [ [ -79.315310593279705, 43.697447069599299 ] ] } },
{ "type": "Feature", "properties": { "_id": 1666, "LOCATIONID": "336", "ASSET_ID": 13071.0, "ASSET_NAME": "TERRY FOX COMMUNITY CENTRE", "TYPE": "Community Centre", "AMENITIES": "None", "ADDRESS": "2 GLEDHILL AVE", "PHONE": "416-396-2842", "URL": "https://www.toronto.ca/explore-enjoy/parks-recreation/places-spaces/parks-and-recreation-facilities/location/?id=336" }, "geometry": { "type": "MultiPoint", "coordinates": [ [ -79.309333976514907, 43.687543630252101 ] ] } },
{ "type": "Feature", "properties": { "_id": 1667, "LOCATIONID": "267", "ASSET_ID": 1943.0, "ASSET_NAME": "S.H. ARMSTRONG COMMUNITY RECREATION CENTRE", "TYPE": "Community Centre", "AMENITIES": "Skateboarding, Washroom, Wi-Fi", "ADDRESS": "56 WOODFIELD RD", "PHONE": "416-392-0734", "URL": "https://www.toronto.ca/explore-enjoy/parks-recreation/places-spaces/parks-and-recreation-facilities/location/?id=267" }, "geometry": { "type": "MultiPoint", "coordinates": [ [ -79.322816610666607, 43.665903491258597 ] ] } },
{ "type": "Feature", "properties": { "_id": 1668, "LOCATIONID": "27", "ASSET_ID": 2050.0, "ASSET_NAME": "BEDFORD PARK COMMUNITY CENTRE", "TYPE": "Community Centre", "AMENITIES": "Washroom", "ADDRESS": "81 RANLEIGH AVE", "PHONE": "416-392-0618", "URL": "https://www.toronto.ca/explore-enjoy/parks-recreation/places-spaces/parks-and-recreation-facilities/location/?id=27" }, "geometry": { "type": "MultiPoint", "coordinates": [ [ -79.399792238302496, 43.727998299592898 ] ] } },
{ "type": "Feature", "properties": { "_id": 1669, "LOCATIONID": "272", "ASSET_ID": 2103.0, "ASSET_NAME": "ST. LAWRENCE COMMUNITY RECREATION CENTRE", "TYPE": "Community Centre", "AMENITIES": "Washroom, Wi-Fi", "ADDRESS": "230 THE ESPLANADE", "PHONE": "416-392-1347", "URL": "https://www.toronto.ca/explore-enjoy/parks-recreation/places-spaces/parks-and-recreation-facilities/location/?id=272" }, "geometry": { "type": "MultiPoint", "coordinates": [ [ -79.364947864823804, 43.649759116537403 ] ] } },
{ "type": "Feature", "properties": { "_id": 1670, "LOCATIONID": "3782", "ASSET_ID": 13043.0, "ASSET_NAME": "FORD PERFORMANCE CENTRE", "TYPE": "Community Centre", "AMENITIES": "None", "ADDRESS": "400 KIPLING AVE", "PHONE": "416-251-5219", "URL": "https://www.toronto.ca/explore-enjoy/parks-recreation/places-spaces/parks-and-recreation-facilities/location/?id=3782" }, "geometry": { "type": "MultiPoint", "coordinates": [ [ -79.519913367667499, 43.602957915289799 ] ] } },
{ "type": "Feature", "properties": { "_id": 1671, "LOCATIONID": "3830", "ASSET_ID": 1000744.0, "ASSET_NAME": "ST. MICHAEL CATHOLIC SCHOOL", "TYPE": "Community Centre", "AMENITIES": "None", "ADDRESS": "50 GEORGE STREET S", "PHONE": "416-392-2489", "URL": "https://www.toronto.ca/explore-enjoy/parks-recreation/places-spaces/parks-and-recreation-facilities/location/?id=3830" }, "geometry": { "type": "MultiPoint", "coordinates": [ [ -79.3698902194308, 43.647869350647497 ] ] } },
{ "type": "Feature", "properties": { "_id": 1672, "LOCATIONID": "3851", "ASSET_ID": 988492.0, "ASSET_NAME": "Pape Avenue Junior Public School", "TYPE": "Community Centre", "AMENITIES": "None", "ADDRESS": "540 JONES AVE", "PHONE": "None", "URL": "https://www.toronto.ca/explore-enjoy/parks-recreation/places-spaces/parks-and-recreation-facilities/location/?id=3851" }, "geometry": { "type": "MultiPoint", "coordinates": [ [ -79.342226730188401, 43.670363797491198 ] ] } },
{ "type": "Feature", "properties": { "_id": 1673, "LOCATIONID": "3857", "ASSET_ID": 984790.0, "ASSET_NAME": "EAST BAYFRONT COMMUNITY RECREATION CENTRE", "TYPE": "Community Centre", "AMENITIES": "Wi-Fi", "ADDRESS": "261 QUEENS QUAY E", "PHONE": "416-394-8459", "URL": "https://www.toronto.ca/explore-enjoy/parks-recreation/places-spaces/parks-and-recreation-facilities/location/?id=3857" }, "geometry": { "type": "MultiPoint", "coordinates": [ [ -79.361041868015903, 43.646004205993698 ] ] } },
{ "type": "Feature", "properties": { "_id": 1674, "LOCATIONID": "3858", "ASSET_ID": 971308.0, "ASSET_NAME": "ROUGE VALLEY COMMUNITY RECREATION CENTRE", "TYPE": "Community Centre", "AMENITIES": "Wi-Fi", "ADDRESS": "8450 SHEPPARD AVE E", "PHONE": "416-338-8333", "URL": "https://www.toronto.ca/explore-enjoy/parks-recreation/places-spaces/parks-and-recreation-facilities/location/?id=3858" }, "geometry": { "type": "MultiPoint", "coordinates": [ [ -79.189814620785, 43.805385464592 ] ] } },
{ "type": "Feature", "properties": { "_id": 1675, "LOCATIONID": "39", "ASSET_ID": 2071.0, "ASSET_NAME": "FRANKLAND COMMUNITY CENTRE", "TYPE": "Community Centre", "AMENITIES": "Washroom", "ADDRESS": "816 LOGAN AVE", "PHONE": "416-392-0749", "URL": "https://www.toronto.ca/explore-enjoy/parks-recreation/places-spaces/parks-and-recreation-facilities/location/?id=39" }, "geometry": { "type": "MultiPoint", "coordinates": [ [ -79.350146902896697, 43.677243507995797 ] ] } },
{ "type": "Feature", "properties": { "_id": 1676, "LOCATIONID": "396", "ASSET_ID": 2108.0, "ASSET_NAME": "WEST ACRES SENIORS CENTRE", "TYPE": "Community Centre", "AMENITIES": "Washroom, Wi-Fi", "ADDRESS": "65 HINTON RD", "PHONE": "416-394-8680", "URL": "https://www.toronto.ca/explore-enjoy/parks-recreation/places-spaces/parks-and-recreation-facilities/location/?id=396" }, "geometry": { "type": "MultiPoint", "coordinates": [ [ -79.570641296685096, 43.725258545679303 ] ] } },
{ "type": "Feature", "properties": { "_id": 1677, "LOCATIONID": "405", "ASSET_ID": 1874.0, "ASSET_NAME": "MILLIKEN PARK COMMUNITY RECREATION CENTRE", "TYPE": "Community Centre", "AMENITIES": "Washroom, Wi-Fi", "ADDRESS": "4325 MCCOWAN RD", "PHONE": "416-396-7757", "URL": "https://www.toronto.ca/explore-enjoy/parks-recreation/places-spaces/parks-and-recreation-facilities/location/?id=405" }, "geometry": { "type": "MultiPoint", "coordinates": [ [ -79.274155344134201, 43.829751005493399 ] ] } },
{ "type": "Feature", "properties": { "_id": 1678, "LOCATIONID": "42", "ASSET_ID": 1621.0, "ASSET_NAME": "ANTIBES COMMUNITY CENTRE", "TYPE": "Community Centre", "AMENITIES": "Basketball Court, Outdoor Dry Pad, Outdoor Ping Pong/Table Tennis, Pickleball Court, Playground, Tennis Court, Wi-Fi", "ADDRESS": "140 ANTIBES DR", "PHONE": "416-395-0096", "URL": "https://www.toronto.ca/explore-enjoy/parks-recreation/places-spaces/parks-and-recreation-facilities/location/?id=42" }, "geometry": { "type": "MultiPoint", "coordinates": [ [ -79.446995759367596, 43.7811383805631 ] ] } },
{ "type": "Feature", "properties": { "_id": 1679, "LOCATIONID": "45", "ASSET_ID": 1768.0, "ASSET_NAME": "HARRISON POOL", "TYPE": "Community Centre", "AMENITIES": "Washroom", "ADDRESS": "15 STEPHANIE ST", "PHONE": "416-392-7984", "URL": "https://www.toronto.ca/explore-enjoy/parks-recreation/places-spaces/parks-and-recreation-facilities/location/?id=45" }, "geometry": { "type": "MultiPoint", "coordinates": [ [ -79.390836523173405, 43.651088258615601 ] ] } },
{ "type": "Feature", "properties": { "_id": 1680, "LOCATIONID": "451", "ASSET_ID": 1095.0, "ASSET_NAME": "WELLESLEY COMMUNITY CENTRE", "TYPE": "Community Centre", "AMENITIES": "Washroom, Wi-Fi", "ADDRESS": "495 SHERBOURNE ST", "PHONE": "416-392-0227", "URL": "https://www.toronto.ca/explore-enjoy/parks-recreation/places-spaces/parks-and-recreation-facilities/location/?id=451" }, "geometry": { "type": "MultiPoint", "coordinates": [ [ -79.374555887487304, 43.667700855032102 ] ] } },
{ "type": "Feature", "properties": { "_id": 1681, "LOCATIONID": "487", "ASSET_ID": 2045.0, "ASSET_NAME": "ANCASTER COMMUNITY CENTRE", "TYPE": "Community Centre", "AMENITIES": "Washroom, Wi-Fi", "ADDRESS": "41 ANCASTER RD", "PHONE": "416-395-6057", "URL": "https://www.toronto.ca/explore-enjoy/parks-recreation/places-spaces/parks-and-recreation-facilities/location/?id=487" }, "geometry": { "type": "MultiPoint", "coordinates": [ [ -79.465678714324895, 43.732562713299401 ] ] } },
{ "type": "Feature", "properties": { "_id": 1682, "LOCATIONID": "499", "ASSET_ID": 2060.0, "ASSET_NAME": "CUMMER PARK COMMUNITY CENTRE", "TYPE": "Community Centre", "AMENITIES": "Washroom, Wi-Fi", "ADDRESS": "6000 LESLIE ST", "PHONE": "None", "URL": "https://www.toronto.ca/explore-enjoy/parks-recreation/places-spaces/parks-and-recreation-facilities/location/?id=499" }, "geometry": { "type": "MultiPoint", "coordinates": [ [ -79.371273405938595, 43.8001014474603 ] ] } },
{ "type": "Feature", "properties": { "_id": 1683, "LOCATIONID": "503", "ASSET_ID": 46.0, "ASSET_NAME": "ARMOUR HEIGHTS COMMUNITY CENTRE", "TYPE": "Community Centre", "AMENITIES": "Washroom, Wi-Fi", "ADDRESS": "2140 AVENUE RD", "PHONE": "416-395-7848", "URL": "https://www.toronto.ca/explore-enjoy/parks-recreation/places-spaces/parks-and-recreation-facilities/location/?id=503" }, "geometry": { "type": "MultiPoint", "coordinates": [ [ -79.421909928734607, 43.739386694905498 ] ] } },
{ "type": "Feature", "properties": { "_id": 1684, "LOCATIONID": "506", "ASSET_ID": 13052.0, "ASSET_NAME": "McGREGOR PARK COMMUNITY CENTRE", "TYPE": "Community Centre", "AMENITIES": "Washroom, Wi-Fi", "ADDRESS": "2231 LAWRENCE AVE E", "PHONE": "416-396-4023", "URL": "https://www.toronto.ca/explore-enjoy/parks-recreation/places-spaces/parks-and-recreation-facilities/location/?id=506" }, "geometry": { "type": "MultiPoint", "coordinates": [ [ -79.280321241681193, 43.7476393794948 ] ] } },
{ "type": "Feature", "properties": { "_id": 1685, "LOCATIONID": "507", "ASSET_ID": 2051.0, "ASSET_NAME": "BIRCHMOUNT COMMUNITY CENTRE", "TYPE": "Community Centre", "AMENITIES": "Washroom, Wi-Fi", "ADDRESS": "93 BIRCHMOUNT RD", "PHONE": "416-396-4311", "URL": "https://www.toronto.ca/explore-enjoy/parks-recreation/places-spaces/parks-and-recreation-facilities/location/?id=507" }, "geometry": { "type": "MultiPoint", "coordinates": [ [ -79.262180529227294, 43.695485432137197 ] ] } },
{ "type": "Feature", "properties": { "_id": 1686, "LOCATIONID": "509", "ASSET_ID": 1820.0, "ASSET_NAME": "JOSEPH J. PICCININNI COMMUNITY RECREATION CENTRE", "TYPE": "Community Centre", "AMENITIES": "Washroom, Wi-Fi", "ADDRESS": "1369 ST CLAIR AVE W", "PHONE": "416-392-0036", "URL": "https://www.toronto.ca/explore-enjoy/parks-recreation/places-spaces/parks-and-recreation-facilities/location/?id=509" }, "geometry": { "type": "MultiPoint", "coordinates": [ [ -79.451449928817993, 43.675320724324997 ] ] } },
{ "type": "Feature", "properties": { "_id": 1687, "LOCATIONID": "510", "ASSET_ID": 13062.0, "ASSET_NAME": "RUNNYMEDE COLLEGIATE INSTITUTE", "TYPE": "Community Centre", "AMENITIES": "None", "ADDRESS": "569 JANE ST", "PHONE": "416-394-2747", "URL": "https://www.toronto.ca/explore-enjoy/parks-recreation/places-spaces/parks-and-recreation-facilities/location/?id=510" }, "geometry": { "type": "MultiPoint", "coordinates": [ [ -79.489595301806105, 43.663382211685899 ] ] } },
{ "type": "Feature", "properties": { "_id": 1688, "LOCATIONID": "511", "ASSET_ID": 13008.0, "ASSET_NAME": "BANBURY COMMUNITY CENTRE", "TYPE": "Community Centre", "AMENITIES": "Washroom, Wi-Fi", "ADDRESS": "120 BANBURY RD", "PHONE": "416-395-6101", "URL": "https://www.toronto.ca/explore-enjoy/parks-recreation/places-spaces/parks-and-recreation-facilities/location/?id=511" }, "geometry": { "type": "MultiPoint", "coordinates": [ [ -79.369535912107906, 43.742803662089301 ] ] } },
{ "type": "Feature", "properties": { "_id": 1689, "LOCATIONID": "512", "ASSET_ID": 1631.0, "ASSET_NAME": "BAYCREST ARENA", "TYPE": "Community Centre", "AMENITIES": "Washroom, Wi-Fi", "ADDRESS": "160 NEPTUNE DR", "PHONE": "416-395-7960", "URL": "https://www.toronto.ca/explore-enjoy/parks-recreation/places-spaces/parks-and-recreation-facilities/location/?id=512" }, "geometry": { "type": "MultiPoint", "coordinates": [ [ -79.443135863145798, 43.728947223944701 ] ] } },
{ "type": "Feature", "properties": { "_id": 1690, "LOCATIONID": "460", "ASSET_ID": 1048.0, "ASSET_NAME": "TORONTO TRACK AND FIELD CENTRE", "TYPE": "Community Centre", "AMENITIES": "Washroom, Wi-Fi", "ADDRESS": "231 IAN MAC DONALD BLVD", "PHONE": "416-395-7939", "URL": "https://www.toronto.ca/explore-enjoy/parks-recreation/places-spaces/parks-and-recreation-facilities/location/?id=460" }, "geometry": { "type": "MultiPoint", "coordinates": [ [ -79.506973733214096, 43.776590210518897 ] ] } },
{ "type": "Feature", "properties": { "_id": 1691, "LOCATIONID": "472", "ASSET_ID": 2044.0, "ASSET_NAME": "AMESBURY COMMUNITY CENTRE", "TYPE": "Community Centre", "AMENITIES": "Washroom, Wi-Fi", "ADDRESS": "1507 LAWRENCE AVE W", "PHONE": "416-395-0145", "URL": "https://www.toronto.ca/explore-enjoy/parks-recreation/places-spaces/parks-and-recreation-facilities/location/?id=472" }, "geometry": { "type": "MultiPoint", "coordinates": [ [ -79.482665667254295, 43.707122282096798 ] ] } },
{ "type": "Feature", "properties": { "_id": 1692, "LOCATIONID": "474", "ASSET_ID": 1676.0, "ASSET_NAME": "THE NEW GENERATION YOUTH RECREATION CENTRE", "TYPE": "Community Centre", "AMENITIES": "Wi-Fi", "ADDRESS": "2694 EGLINTON AVE W", "PHONE": "416-394-2717", "URL": "https://www.toronto.ca/explore-enjoy/parks-recreation/places-spaces/parks-and-recreation-facilities/location/?id=474" }, "geometry": { "type": "MultiPoint", "coordinates": [ [ -79.477036197558903, 43.690286330672301 ] ] } },
{ "type": "Feature", "properties": { "_id": 1693, "LOCATIONID": "476", "ASSET_ID": 2058.0, "ASSET_NAME": "CHRIS TONKS ARENA", "TYPE": "Community Centre", "AMENITIES": "Washroom, Wi-Fi", "ADDRESS": "95 BLACK CREEK DR", "PHONE": "416-394-2733", "URL": "https://www.toronto.ca/explore-enjoy/parks-recreation/places-spaces/parks-and-recreation-facilities/location/?id=476" }, "geometry": { "type": "MultiPoint", "coordinates": [ [ -79.478867092758705, 43.687668070556398 ] ] } },
{ "type": "Feature", "properties": { "_id": 1694, "LOCATIONID": "477", "ASSET_ID": 1908.0, "ASSET_NAME": "PHIL WHITE ARENA", "TYPE": "Community Centre", "AMENITIES": "Washroom, Wi-Fi", "ADDRESS": "443 ARLINGTON AVE", "PHONE": "416-394-2734", "URL": "https://www.toronto.ca/explore-enjoy/parks-recreation/places-spaces/parks-and-recreation-facilities/location/?id=477" }, "geometry": { "type": "MultiPoint", "coordinates": [ [ -79.4315518192318, 43.691275794072602 ] ] } },
{ "type": "Feature", "properties": { "_id": 1695, "LOCATIONID": "479", "ASSET_ID": 1833.0, "ASSET_NAME": "LAMBTON ARENA", "TYPE": "Community Centre", "AMENITIES": "Washroom, Wi-Fi", "ADDRESS": "4100 DUNDAS ST W", "PHONE": "416-394-2735", "URL": "https://www.toronto.ca/explore-enjoy/parks-recreation/places-spaces/parks-and-recreation-facilities/location/?id=479" }, "geometry": { "type": "MultiPoint", "coordinates": [ [ -79.505892662985801, 43.664960909202499 ] ] } },
{ "type": "Feature", "properties": { "_id": 1696, "LOCATIONID": "48", "ASSET_ID": 13030.0, "ASSET_NAME": "HILLCREST COMMUNITY CENTRE", "TYPE": "Community Centre", "AMENITIES": "Wi-Fi", "ADDRESS": "1339 BATHURST ST", "PHONE": "416-392-0746", "URL": "https://www.toronto.ca/explore-enjoy/parks-recreation/places-spaces/parks-and-recreation-facilities/location/?id=48" }, "geometry": { "type": "MultiPoint", "coordinates": [ [ -79.415994949932397, 43.679192805670802 ] ] } },
{ "type": "Feature", "properties": { "_id": 1697, "LOCATIONID": "480", "ASSET_ID": 1617.0, "ASSET_NAME": "AMESBURY SPORTS COMPLEX", "TYPE": "Community Centre", "AMENITIES": "Washroom, Wi-Fi", "ADDRESS": "155 CULFORD RD", "PHONE": "416-395-6683", "URL": "https://www.toronto.ca/explore-enjoy/parks-recreation/places-spaces/parks-and-recreation-facilities/location/?id=480" }, "geometry": { "type": "MultiPoint", "coordinates": [ [ -79.486779201016503, 43.706029276301997 ] ] } },
{ "type": "Feature", "properties": { "_id": 1698, "LOCATIONID": "482", "ASSET_ID": 13487.0, "ASSET_NAME": "FAIRBANK MEMORIAL COMMUNITY CENTRE", "TYPE": "Community Centre", "AMENITIES": "Washroom, Wi-Fi", "ADDRESS": "2213 DUFFERIN ST", "PHONE": "416-394-2473", "URL": "https://www.toronto.ca/explore-enjoy/parks-recreation/places-spaces/parks-and-recreation-facilities/location/?id=482" }, "geometry": { "type": "MultiPoint", "coordinates": [ [ -79.447986721552596, 43.691299441015303 ] ] } },
{ "type": "Feature", "properties": { "_id": 1699, "LOCATIONID": "483", "ASSET_ID": 478.0, "ASSET_NAME": "HERBERT H. CARNEGIE CENTENNIAL CENTRE", "TYPE": "Community Centre", "AMENITIES": "Washroom, Wi-Fi", "ADDRESS": "580 FINCH AVE W", "PHONE": "416-395-6067", "URL": "https://www.toronto.ca/explore-enjoy/parks-recreation/places-spaces/parks-and-recreation-facilities/location/?id=483" }, "geometry": { "type": "MultiPoint", "coordinates": [ [ -79.450136722755303, 43.773594139282302 ] ] } },
{ "type": "Feature", "properties": { "_id": 1700, "LOCATIONID": "486", "ASSET_ID": 2057.0, "ASSET_NAME": "CHALKFARM COMMUNITY RECREATION CENTRE", "TYPE": "Community Centre", "AMENITIES": "Washroom, Wi-Fi", "ADDRESS": "180 CHALKFARM DR", "PHONE": "416-395-7802", "URL": "https://www.toronto.ca/explore-enjoy/parks-recreation/places-spaces/parks-and-recreation-facilities/location/?id=486" }, "geometry": { "type": "MultiPoint", "coordinates": [ [ -79.511626970524503, 43.723965538541698 ] ] } },
{ "type": "Feature", "properties": { "_id": 1701, "LOCATIONID": "3509", "ASSET_ID": 49462.0, "ASSET_NAME": "ST. NICHOLAS CATHOLIC SCHOOL", "TYPE": "Community Centre", "AMENITIES": "None", "ADDRESS": "33 AMARILLO DR", "PHONE": "None", "URL": "https://www.toronto.ca/explore-enjoy/parks-recreation/places-spaces/parks-and-recreation-facilities/location/?id=3509" }, "geometry": { "type": "MultiPoint", "coordinates": [ [ -79.232850864511093, 43.747788572393098 ] ] } },
{ "type": "Feature", "properties": { "_id": 1702, "LOCATIONID": "354", "ASSET_ID": 2106.0, "ASSET_NAME": "THISTLETOWN MULTI-SERVICE CENTRE", "TYPE": "Community Centre", "AMENITIES": "Washroom, Wi-Fi", "ADDRESS": "925 ALBION RD", "PHONE": "416-394-8717", "URL": "https://www.toronto.ca/explore-enjoy/parks-recreation/places-spaces/parks-and-recreation-facilities/location/?id=354" }, "geometry": { "type": "MultiPoint", "coordinates": [ [ -79.562401558907396, 43.735389928045201 ] ] } },
{ "type": "Feature", "properties": { "_id": 1703, "LOCATIONID": "357", "ASSET_ID": 6278.0, "ASSET_NAME": "HUMBER COMMUNITY POOL", "TYPE": "Community Centre", "AMENITIES": "None", "ADDRESS": "205 HUMBER COLLEGE BLVD", "PHONE": "416-394-6050", "URL": "https://www.toronto.ca/explore-enjoy/parks-recreation/places-spaces/parks-and-recreation-facilities/location/?id=357" }, "geometry": { "type": "MultiPoint", "coordinates": [ [ -79.608667828785499, 43.730551781286898 ] ] } },
{ "type": "Feature", "properties": { "_id": 1704, "LOCATIONID": "3571", "ASSET_ID": 61524.0, "ASSET_NAME": "ST. BRUNO CATHOLIC SCHOOL", "TYPE": "Community Centre", "AMENITIES": "None", "ADDRESS": "402 MELITA CRES", "PHONE": "416-393-5376", "URL": "https://www.toronto.ca/explore-enjoy/parks-recreation/places-spaces/parks-and-recreation-facilities/location/?id=3571" }, "geometry": { "type": "MultiPoint", "coordinates": [ [ -79.427297504622601, 43.6732853984944 ] ] } },
{ "type": "Feature", "properties": { "_id": 1705, "LOCATIONID": "3572", "ASSET_ID": 61525.0, "ASSET_NAME": "WINONA DRIVE SENIOR PUBLIC SCHOOL", "TYPE": "Community Centre", "AMENITIES": "None", "ADDRESS": "101 WINONA DR", "PHONE": "416-393-1680", "URL": "https://www.toronto.ca/explore-enjoy/parks-recreation/places-spaces/parks-and-recreation-facilities/location/?id=3572" }, "geometry": { "type": "MultiPoint", "coordinates": [ [ -79.430713594230994, 43.677294800464097 ] ] } },
{ "type": "Feature", "properties": { "_id": 1706, "LOCATIONID": "3590", "ASSET_ID": 67223.0, "ASSET_NAME": "CHAMINADE COLLEGE SCHOOL", "TYPE": "Community Centre", "AMENITIES": "None", "ADDRESS": "490 QUEENS DR", "PHONE": "None", "URL": "https://www.toronto.ca/explore-enjoy/parks-recreation/places-spaces/parks-and-recreation-facilities/location/?id=3590" }, "geometry": { "type": "MultiPoint", "coordinates": [ [ -79.495961280630695, 43.710069226488798 ] ] } },
{ "type": "Feature", "properties": { "_id": 1707, "LOCATIONID": "3595", "ASSET_ID": 67224.0, "ASSET_NAME": "NORTHERN SECONDARY SCHOOL", "TYPE": "Community Centre", "AMENITIES": "None", "ADDRESS": "851 MT PLEASANT RD", "PHONE": "None", "URL": "https://www.toronto.ca/explore-enjoy/parks-recreation/places-spaces/parks-and-recreation-facilities/location/?id=3595" }, "geometry": { "type": "MultiPoint", "coordinates": [ [ -79.390101688578497, 43.710521186172301 ] ] } },
{ "type": "Feature", "properties": { "_id": 1708, "LOCATIONID": "3599", "ASSET_ID": 67322.0, "ASSET_NAME": "D'ARCY MCGEE CATHOLIC SCHOOL", "TYPE": "Community Centre", "AMENITIES": "None", "ADDRESS": "20 BANSLEY AVE", "PHONE": "None", "URL": "https://www.toronto.ca/explore-enjoy/parks-recreation/places-spaces/parks-and-recreation-facilities/location/?id=3599" }, "geometry": { "type": "MultiPoint", "coordinates": [ [ -79.4430236561344, 43.692435531801898 ] ] } },
{ "type": "Feature", "properties": { "_id": 1709, "LOCATIONID": "36", "ASSET_ID": 1720.0, "ASSET_NAME": "EARL BEATTY COMMUNITY CENTRE", "TYPE": "Community Centre", "AMENITIES": "Washroom", "ADDRESS": "455 GLEBEHOLME BLVD", "PHONE": "416-392-0752", "URL": "https://www.toronto.ca/explore-enjoy/parks-recreation/places-spaces/parks-and-recreation-facilities/location/?id=36" }, "geometry": { "type": "MultiPoint", "coordinates": [ [ -79.321148492191995, 43.686161466606698 ] ] } },
{ "type": "Feature", "properties": { "_id": 1710, "LOCATIONID": "3615", "ASSET_ID": 70142.0, "ASSET_NAME": "GROOVE SCHOOL OF DANCE", "TYPE": "Community Centre", "AMENITIES": "None", "ADDRESS": "491 EGLINTON AVE W", "PHONE": "None", "URL": "https://www.toronto.ca/explore-enjoy/parks-recreation/places-spaces/parks-and-recreation-facilities/location/?id=3615" }, "geometry": { "type": "MultiPoint", "coordinates": [ [ -79.412842388479504, 43.7034093147901 ] ] } },
{ "type": "Feature", "properties": { "_id": 1711, "LOCATIONID": "3616", "ASSET_ID": 70262.0, "ASSET_NAME": "ST. URSULA CATHOLIC SCHOOL", "TYPE": "Community Centre", "AMENITIES": "None", "ADDRESS": "215 LIVINGSTON RD", "PHONE": "None", "URL": "https://www.toronto.ca/explore-enjoy/parks-recreation/places-spaces/parks-and-recreation-facilities/location/?id=3616" }, "geometry": { "type": "MultiPoint", "coordinates": [ [ -79.199683282214394, 43.749787674976297 ] ] } },
{ "type": "Feature", "properties": { "_id": 1712, "LOCATIONID": "3643", "ASSET_ID": 63202.0, "ASSET_NAME": "CANOE LANDING COMMUNITY RECREATION CENTRE", "TYPE": "Community Centre", "AMENITIES": "Basketball Court, Outdoor Track, Playground, Washroom, Wi-Fi", "ADDRESS": "45 FORT YORK BLVD", "PHONE": "416-397-4200", "URL": "https://www.toronto.ca/explore-enjoy/parks-recreation/places-spaces/parks-and-recreation-facilities/location/?id=3643" }, "geometry": { "type": "MultiPoint", "coordinates": [ [ -79.394731493620995, 43.639437794695603 ] ] } },
{ "type": "Feature", "properties": { "_id": 1713, "LOCATIONID": "3655", "ASSET_ID": 44145.0, "ASSET_NAME": "SHOREHAM PUBLIC SCHOOL", "TYPE": "Community Centre", "AMENITIES": "None", "ADDRESS": "31 SHOREHAM DR", "PHONE": "None", "URL": "https://www.toronto.ca/explore-enjoy/parks-recreation/places-spaces/parks-and-recreation-facilities/location/?id=3655" }, "geometry": { "type": "MultiPoint", "coordinates": [ [ -79.517348131032705, 43.768742158489403 ] ] } },
{ "type": "Feature", "properties": { "_id": 1714, "LOCATIONID": "3732", "ASSET_ID": 101347.0, "ASSET_NAME": "ONE YONGE COMMUNITY RECREATION CENTRE", "TYPE": "Community Centre", "AMENITIES": "Washroom, Wi-Fi", "ADDRESS": "24 Freeland St", "PHONE": "None", "URL": "https://www.toronto.ca/explore-enjoy/parks-recreation/places-spaces/parks-and-recreation-facilities/location/?id=3732" }, "geometry": { "type": "MultiPoint", "coordinates": [ [ -79.373998525273294, 43.643794974087903 ] ] } },
{ "type": "Feature", "properties": { "_id": 1715, "LOCATIONID": "3775", "ASSET_ID": 103250.0, "ASSET_NAME": "ETHENNONNHAWAHSTIHNEN' COMMUNITY RECREATION CENTRE & LIBRARY", "TYPE": "Community Centre", "AMENITIES": "Washroom, Wi-Fi", "ADDRESS": "100 Ethennonnhawahstihnen' Lane", "PHONE": "416-392-4826", "URL": "https://www.toronto.ca/explore-enjoy/parks-recreation/places-spaces/parks-and-recreation-facilities/location/?id=3775" }, "geometry": { "type": "MultiPoint", "coordinates": [ [ -79.375640430376606, 43.768395766760399 ] ] } },
{ "type": "Feature", "properties": { "_id": 1716, "LOCATIONID": "617", "ASSET_ID": 1729.0, "ASSET_NAME": "ELLESMERE COMMUNITY RECREATION CENTRE", "TYPE": "Community Centre", "AMENITIES": "Washroom, Wi-Fi", "ADDRESS": "20 CANADIAN RD", "PHONE": "416-396-5536", "URL": "https://www.toronto.ca/explore-enjoy/parks-recreation/places-spaces/parks-and-recreation-facilities/location/?id=617" }, "geometry": { "type": "MultiPoint", "coordinates": [ [ -79.299336633689293, 43.760690756419997 ] ] } },
{ "type": "Feature", "properties": { "_id": 1717, "LOCATIONID": "63", "ASSET_ID": 1818.0, "ASSET_NAME": "JOHN INNES COMMUNITY RECREATION CENTRE", "TYPE": "Community Centre", "AMENITIES": "Washroom, Wi-Fi", "ADDRESS": "150 SHERBOURNE ST", "PHONE": "416-392-6779", "URL": "https://www.toronto.ca/explore-enjoy/parks-recreation/places-spaces/parks-and-recreation-facilities/location/?id=63" }, "geometry": { "type": "MultiPoint", "coordinates": [ [ -79.370343779895407, 43.655423130660303 ] ] } },
{ "type": "Feature", "properties": { "_id": 1718, "LOCATIONID": "633", "ASSET_ID": 2079.0, "ASSET_NAME": "HERON PARK COMMUNITY RECREATION CENTRE", "TYPE": "Community Centre", "AMENITIES": "Washroom, Wi-Fi", "ADDRESS": "292 MANSE RD", "PHONE": "416-396-4035", "URL": "https://www.toronto.ca/explore-enjoy/parks-recreation/places-spaces/parks-and-recreation-facilities/location/?id=633" }, "geometry": { "type": "MultiPoint", "coordinates": [ [ -79.177254819636104, 43.768836387635602 ] ] } },
{ "type": "Feature", "properties": { "_id": 1719, "LOCATIONID": "638", "ASSET_ID": 2074.0, "ASSET_NAME": "GLEN LONG COMMUNITY CENTRE", "TYPE": "Community Centre", "AMENITIES": "Outdoor Dry Pad, Washroom, Wi-Fi", "ADDRESS": "35 GLEN LONG AVE", "PHONE": "416-395-7921", "URL": "https://www.toronto.ca/explore-enjoy/parks-recreation/places-spaces/parks-and-recreation-facilities/location/?id=638" }, "geometry": { "type": "MultiPoint", "coordinates": [ [ -79.455867498376406, 43.708778367577104 ] ] } },
{ "type": "Feature", "properties": { "_id": 1720, "LOCATIONID": "642", "ASSET_ID": 13027.0, "ASSET_NAME": "GORD AND IRENE RISK COMMUNITY RECREATION CENTRE", "TYPE": "Community Centre", "AMENITIES": "Washroom, Wi-Fi", "ADDRESS": "2650 FINCH AVE W", "PHONE": "416-395-0355", "URL": "https://www.toronto.ca/explore-enjoy/parks-recreation/places-spaces/parks-and-recreation-facilities/location/?id=642" }, "geometry": { "type": "MultiPoint", "coordinates": [ [ -79.566509252955399, 43.747436550902002 ] ] } },
{ "type": "Feature", "properties": { "_id": 1721, "LOCATIONID": "643", "ASSET_ID": 2076.0, "ASSET_NAME": "GOULDING COMMUNITY CENTRE", "TYPE": "Community Centre", "AMENITIES": "Washroom, Wi-Fi", "ADDRESS": "45 GOULDING AVE", "PHONE": "416-395-0123", "URL": "https://www.toronto.ca/explore-enjoy/parks-recreation/places-spaces/parks-and-recreation-facilities/location/?id=643" }, "geometry": { "type": "MultiPoint", "coordinates": [ [ -79.422110716316496, 43.790627127580798 ] ] } },
{ "type": "Feature", "properties": { "_id": 1722, "LOCATIONID": "647", "ASSET_ID": 14342.0, "ASSET_NAME": "GRANDRAVINE COMMUNITY RECREATION CENTRE", "TYPE": "Community Centre", "AMENITIES": "Washroom, Wi-Fi", "ADDRESS": "23 GRANDRAVINE DR", "PHONE": "416-395-6171", "URL": "https://www.toronto.ca/explore-enjoy/parks-recreation/places-spaces/parks-and-recreation-facilities/location/?id=647" }, "geometry": { "type": "MultiPoint", "coordinates": [ [ -79.490651506463706, 43.751915264737598 ] ] } },
{ "type": "Feature", "properties": { "_id": 1723, "LOCATIONID": "652", "ASSET_ID": 13029.0, "ASSET_NAME": "HABITANT ARENA", "TYPE": "Community Centre", "AMENITIES": "Washroom, Wi-Fi", "ADDRESS": "3383 WESTON RD", "PHONE": "416-395-7949", "URL": "https://www.toronto.ca/explore-enjoy/parks-recreation/places-spaces/parks-and-recreation-facilities/location/?id=652" }, "geometry": { "type": "MultiPoint", "coordinates": [ [ -79.540251158512802, 43.746979112965299 ] ] } },
{ "type": "Feature", "properties": { "_id": 1724, "LOCATIONID": "664", "ASSET_ID": 2080.0, "ASSET_NAME": "IRVING W. CHAPLEY COMMUNITY CENTRE", "TYPE": "Community Centre", "AMENITIES": "Outdoor Dry Pad, Washroom", "ADDRESS": "205 WILMINGTON AVE", "PHONE": "416-395-0475", "URL": "https://www.toronto.ca/explore-enjoy/parks-recreation/places-spaces/parks-and-recreation-facilities/location/?id=664" }, "geometry": { "type": "MultiPoint", "coordinates": [ [ -79.455867411458996, 43.761619405120697 ] ] } },
{ "type": "Feature", "properties": { "_id": 1725, "LOCATIONID": "667", "ASSET_ID": 13037.0, "ASSET_NAME": "JOHN BOOTH MEMORIAL ARENA", "TYPE": "Community Centre", "AMENITIES": "Washroom, Wi-Fi", "ADDRESS": "230 GOSFORD BLVD", "PHONE": "None", "URL": "https://www.toronto.ca/explore-enjoy/parks-recreation/places-spaces/parks-and-recreation-facilities/location/?id=667" }, "geometry": { "type": "MultiPoint", "coordinates": [ [ -79.524148613785698, 43.769736021699998 ] ] } },
{ "type": "Feature", "properties": { "_id": 1726, "LOCATIONID": "675", "ASSET_ID": 612.0, "ASSET_NAME": "LAWRENCE HEIGHTS COMMUNITY CENTRE", "TYPE": "Community Centre", "AMENITIES": "Skateboarding, Washroom, Wi-Fi", "ADDRESS": "5 REPLIN RD", "PHONE": "416-395-6118", "URL": "https://www.toronto.ca/explore-enjoy/parks-recreation/places-spaces/parks-and-recreation-facilities/location/?id=675" }, "geometry": { "type": "MultiPoint", "coordinates": [ [ -79.442218014886905, 43.718048766678102 ] ] } },
{ "type": "Feature", "properties": { "_id": 1727, "LOCATIONID": "712", "ASSET_ID": 281.0, "ASSET_NAME": "DON MONTGOMERY COMMUNITY RECREATION CENTRE", "TYPE": "Community Centre", "AMENITIES": "Washroom, Wi-Fi", "ADDRESS": "2467 EGLINTON AVE E", "PHONE": "416-396-4043", "URL": "https://www.toronto.ca/explore-enjoy/parks-recreation/places-spaces/parks-and-recreation-facilities/location/?id=712" }, "geometry": { "type": "MultiPoint", "coordinates": [ [ -79.261699425388699, 43.732629026348697 ] ] } },
{ "type": "Feature", "properties": { "_id": 1728, "LOCATIONID": "714", "ASSET_ID": 2095.0, "ASSET_NAME": "ORIOLE COMMUNITY RECREATION CENTRE", "TYPE": "Community Centre", "AMENITIES": "Washroom, Wi-Fi", "ADDRESS": "2975 DON MILLS RD W", "PHONE": "416-395-6005", "URL": "https://www.toronto.ca/explore-enjoy/parks-recreation/places-spaces/parks-and-recreation-facilities/location/?id=714" }, "geometry": { "type": "MultiPoint", "coordinates": [ [ -79.351409423926199, 43.781760869988702 ] ] } },
{ "type": "Feature", "properties": { "_id": 1729, "LOCATIONID": "731", "ASSET_ID": 1439.0, "ASSET_NAME": "OAKRIDGE COMMUNITY RECREATION CENTRE", "TYPE": "Community Centre", "AMENITIES": "Washroom, Wi-Fi", "ADDRESS": "63 PHARMACY AVE", "PHONE": "416-338-1966", "URL": "https://www.toronto.ca/explore-enjoy/parks-recreation/places-spaces/parks-and-recreation-facilities/location/?id=731" }, "geometry": { "type": "MultiPoint", "coordinates": [ [ -79.284093747093806, 43.694935494945199 ] ] } },
{ "type": "Feature", "properties": { "_id": 1730, "LOCATIONID": "732", "ASSET_ID": 2097.0, "ASSET_NAME": "PLEASANTVIEW COMMUNITY CENTRE", "TYPE": "Community Centre", "AMENITIES": "Washroom, Wi-Fi", "ADDRESS": "545 VAN HORNE AVE", "PHONE": "416-395-6006", "URL": "https://www.toronto.ca/explore-enjoy/parks-recreation/places-spaces/parks-and-recreation-facilities/location/?id=732" }, "geometry": { "type": "MultiPoint", "coordinates": [ [ -79.336831007574602, 43.786993687976903 ] ] } },
{ "type": "Feature", "properties": { "_id": 1731, "LOCATIONID": "693", "ASSET_ID": 14343.0, "ASSET_NAME": "MITCHELL FIELD COMMUNITY CENTRE", "TYPE": "Community Centre", "AMENITIES": "Washroom, Wi-Fi", "ADDRESS": "89 CHURCH AVE", "PHONE": "None", "URL": "https://www.toronto.ca/explore-enjoy/parks-recreation/places-spaces/parks-and-recreation-facilities/location/?id=693" }, "geometry": { "type": "MultiPoint", "coordinates": [ [ -79.408663320675004, 43.774508944915297 ] ] } },
{ "type": "Feature", "properties": { "_id": 1732, "LOCATIONID": "7", "ASSET_ID": 2053.0, "ASSET_NAME": "BROADLANDS COMMUNITY RECREATION CENTRE", "TYPE": "Community Centre", "AMENITIES": "Outdoor Dry Pad, Washroom, Wi-Fi", "ADDRESS": "19 CASTLEGROVE BLVD", "PHONE": "416-395-7966", "URL": "https://www.toronto.ca/explore-enjoy/parks-recreation/places-spaces/parks-and-recreation-facilities/location/?id=7" }, "geometry": { "type": "MultiPoint", "coordinates": [ [ -79.322760226913104, 43.745918316579697 ] ] } },
{ "type": "Feature", "properties": { "_id": 1733, "LOCATIONID": "702", "ASSET_ID": 13047.0, "ASSET_NAME": "MALVERN RECREATION CENTRE", "TYPE": "Community Centre", "AMENITIES": "Skateboarding, Washroom, Wi-Fi", "ADDRESS": "30 SEWELLS RD", "PHONE": "416-396-4054", "URL": "https://www.toronto.ca/explore-enjoy/parks-recreation/places-spaces/parks-and-recreation-facilities/location/?id=702" }, "geometry": { "type": "MultiPoint", "coordinates": [ [ -79.216384451957495, 43.808566747201802 ] ] } },
{ "type": "Feature", "properties": { "_id": 1734, "LOCATIONID": "703", "ASSET_ID": 771.0, "ASSET_NAME": "NORTHWOOD COMMUNITY CENTRE", "TYPE": "Community Centre", "AMENITIES": "Washroom, Wi-Fi", "ADDRESS": "15 CLUBHOUSE CRT", "PHONE": "416-395-7876", "URL": "https://www.toronto.ca/explore-enjoy/parks-recreation/places-spaces/parks-and-recreation-facilities/location/?id=703" }, "geometry": { "type": "MultiPoint", "coordinates": [ [ -79.500080692676804, 43.745529867552499 ] ] } },
{ "type": "Feature", "properties": { "_id": 1735, "LOCATIONID": "705", "ASSET_ID": 13073.0, "ASSET_NAME": "TRACE MANES PARK COMMUNITY CENTRE", "TYPE": "Community Centre", "AMENITIES": "Washroom, Wi-Fi", "ADDRESS": "110 RUMSEY RD", "PHONE": "416-396-2853", "URL": "https://www.toronto.ca/explore-enjoy/parks-recreation/places-spaces/parks-and-recreation-facilities/location/?id=705" }, "geometry": { "type": "MultiPoint", "coordinates": [ [ -79.367308351988697, 43.705590236222697 ] ] } },
{ "type": "Feature", "properties": { "_id": 1736, "LOCATIONID": "515", "ASSET_ID": 13009.0, "ASSET_NAME": "BAYVIEW ARENA", "TYPE": "Community Centre", "AMENITIES": "Washroom, Wi-Fi", "ADDRESS": "3230 BAYVIEW AVE", "PHONE": "416-395-7825", "URL": "https://www.toronto.ca/explore-enjoy/parks-recreation/places-spaces/parks-and-recreation-facilities/location/?id=515" }, "geometry": { "type": "MultiPoint", "coordinates": [ [ -79.393684686362406, 43.787958461104402 ] ] } },
{ "type": "Feature", "properties": { "_id": 1737, "LOCATIONID": "52", "ASSET_ID": 13033.0, "ASSET_NAME": "HOLY FAMILY COMMUNITY CENTRE", "TYPE": "Community Centre", "AMENITIES": "None", "ADDRESS": "141 CLOSE AVE", "PHONE": "416-392 6695", "URL": "https://www.toronto.ca/explore-enjoy/parks-recreation/places-spaces/parks-and-recreation-facilities/location/?id=52" }, "geometry": { "type": "MultiPoint", "coordinates": [ [ -79.434550431636296, 43.638540069818298 ] ] } },
{ "type": "Feature", "properties": { "_id": 1738, "LOCATIONID": "523", "ASSET_ID": 1608.0, "ASSET_NAME": "AGINCOURT COMMUNITY RECREATION CENTRE", "TYPE": "Community Centre", "AMENITIES": "Washroom, Wi-Fi", "ADDRESS": "31 GLEN WATFORD DR", "PHONE": "416-396-4037", "URL": "https://www.toronto.ca/explore-enjoy/parks-recreation/places-spaces/parks-and-recreation-facilities/location/?id=523" }, "geometry": { "type": "MultiPoint", "coordinates": [ [ -79.275752016438503, 43.788500382454899 ] ] } },
{ "type": "Feature", "properties": { "_id": 1739, "LOCATIONID": "535", "ASSET_ID": 13011.0, "ASSET_NAME": "BERNER TRAIL COMMUNITY CENTRE", "TYPE": "Community Centre", "AMENITIES": "Washroom", "ADDRESS": "120 BERNER TRAIL", "PHONE": "416-396-4054", "URL": "https://www.toronto.ca/explore-enjoy/parks-recreation/places-spaces/parks-and-recreation-facilities/location/?id=535" }, "geometry": { "type": "MultiPoint", "coordinates": [ [ -79.220928227381407, 43.801822319075299 ] ] } },
{ "type": "Feature", "properties": { "_id": 1740, "LOCATIONID": "537", "ASSET_ID": 1675.0, "ASSET_NAME": "CENTENNIAL RECREATION CENTRE - SCARBOROUGH", "TYPE": "Community Centre", "AMENITIES": "Washroom, Wi-Fi", "ADDRESS": "1967 ELLESMERE RD", "PHONE": "416-396-4057", "URL": "https://www.toronto.ca/explore-enjoy/parks-recreation/places-spaces/parks-and-recreation-facilities/location/?id=537" }, "geometry": { "type": "MultiPoint", "coordinates": [ [ -79.237028707105694, 43.774533769377598 ] ] } },
{ "type": "Feature", "properties": { "_id": 1741, "LOCATIONID": "548", "ASSET_ID": 280.0, "ASSET_NAME": "DON MILLS CIVITAN ARENA", "TYPE": "Community Centre", "AMENITIES": "Washroom, Wi-Fi", "ADDRESS": "1030 DON MILLS RD", "PHONE": "416-395-7843", "URL": "https://www.toronto.ca/explore-enjoy/parks-recreation/places-spaces/parks-and-recreation-facilities/location/?id=548" }, "geometry": { "type": "MultiPoint", "coordinates": [ [ -79.343825067833393, 43.733119053763197 ] ] } },
{ "type": "Feature", "properties": { "_id": 1742, "LOCATIONID": "558", "ASSET_ID": 1698.0, "ASSET_NAME": "COMMANDER RECREATION CENTRE", "TYPE": "Community Centre", "AMENITIES": "Washroom, Wi-Fi", "ADDRESS": "140 COMMANDER BLVD", "PHONE": "416-396-4024", "URL": "https://www.toronto.ca/explore-enjoy/parks-recreation/places-spaces/parks-and-recreation-facilities/location/?id=558" }, "geometry": { "type": "MultiPoint", "coordinates": [ [ -79.267846767840595, 43.795037604451799 ] ] } },
{ "type": "Feature", "properties": { "_id": 1743, "LOCATIONID": "567", "ASSET_ID": 1715.0, "ASSET_NAME": "DOUGLAS SNOW AQUATIC CENTRE", "TYPE": "Community Centre", "AMENITIES": "Washroom, Wi-Fi", "ADDRESS": "5100 YONGE ST", "PHONE": "None", "URL": "https://www.toronto.ca/explore-enjoy/parks-recreation/places-spaces/parks-and-recreation-facilities/location/?id=567" }, "geometry": { "type": "MultiPoint", "coordinates": [ [ -79.4153038932578, 43.767127041139901 ] ] } },
{ "type": "Feature", "properties": { "_id": 1744, "LOCATIONID": "568", "ASSET_ID": 13022.0, "ASSET_NAME": "DOWNSVIEW ARENA", "TYPE": "Community Centre", "AMENITIES": "Washroom, Wi-Fi", "ADDRESS": "1633 WILSON AVE", "PHONE": "416-395-7831", "URL": "https://www.toronto.ca/explore-enjoy/parks-recreation/places-spaces/parks-and-recreation-facilities/location/?id=568" }, "geometry": { "type": "MultiPoint", "coordinates": [ [ -79.512610965303196, 43.719026439955201 ] ] } },
{ "type": "Feature", "properties": { "_id": 1745, "LOCATIONID": "575", "ASSET_ID": 2064.0, "ASSET_NAME": "DRIFTWOOD COMMUNITY RECREATION CENTRE", "TYPE": "Community Centre", "AMENITIES": "Washroom, Wi-Fi", "ADDRESS": "4401 JANE ST", "PHONE": "416-395-0226", "URL": "https://www.toronto.ca/explore-enjoy/parks-recreation/places-spaces/parks-and-recreation-facilities/location/?id=575" }, "geometry": { "type": "MultiPoint", "coordinates": [ [ -79.518743471355805, 43.7654199458755 ] ] } },
{ "type": "Feature", "properties": { "_id": 1746, "LOCATIONID": "58", "ASSET_ID": 1817.0, "ASSET_NAME": "JIMMIE SIMPSON RECREATION CENTRE", "TYPE": "Community Centre", "AMENITIES": "Skateboarding, Washroom, Wi-Fi", "ADDRESS": "870 QUEEN ST E", "PHONE": "416-392-0751", "URL": "https://www.toronto.ca/explore-enjoy/parks-recreation/places-spaces/parks-and-recreation-facilities/location/?id=58" }, "geometry": { "type": "MultiPoint", "coordinates": [ [ -79.345313347794004, 43.660447580593399 ] ] } },
{ "type": "Feature", "properties": { "_id": 1747, "LOCATIONID": "582", "ASSET_ID": 374.0, "ASSET_NAME": "ANGELA JAMES ARENA", "TYPE": "Community Centre", "AMENITIES": "Pickleball Court, Tennis Court, Washroom, Wi-Fi", "ADDRESS": "165 GRENOBLE DR", "PHONE": "416-395-7838", "URL": "https://www.toronto.ca/explore-enjoy/parks-recreation/places-spaces/parks-and-recreation-facilities/location/?id=582" }, "geometry": { "type": "MultiPoint", "coordinates": [ [ -79.327634979830094, 43.7131479661019 ] ] } },
{ "type": "Feature", "properties": { "_id": 1748, "LOCATIONID": "583", "ASSET_ID": 1745.0, "ASSET_NAME": "FLEMINGDON COMMUNITY CENTRE AND PLAYGROUND PARADISE", "TYPE": "Community Centre", "AMENITIES": "Playground, Washroom, Wi-Fi", "ADDRESS": "150 GRENOBLE DR", "PHONE": "416-395-6014", "URL": "https://www.toronto.ca/explore-enjoy/parks-recreation/places-spaces/parks-and-recreation-facilities/location/?id=583" }, "geometry": { "type": "MultiPoint", "coordinates": [ [ -79.326381354993998, 43.713567327787501 ] ] } },
{ "type": "Feature", "properties": { "_id": 1749, "LOCATIONID": "584", "ASSET_ID": 2109.0, "ASSET_NAME": "WEST ROUGE COMMUNITY CENTRE", "TYPE": "Community Centre", "AMENITIES": "Washroom, Wi-Fi", "ADDRESS": "270 ROUGE HILLS DR", "PHONE": "416-396-4147", "URL": "https://www.toronto.ca/explore-enjoy/parks-recreation/places-spaces/parks-and-recreation-facilities/location/?id=584" }, "geometry": { "type": "MultiPoint", "coordinates": [ [ -79.125154595044506, 43.792113174836501 ] ] } },
{ "type": "Feature", "properties": { "_id": 1750, "LOCATIONID": "591", "ASSET_ID": 1662.0, "ASSET_NAME": "BURROWS HALL COMMUNITY CENTRE", "TYPE": "Community Centre", "AMENITIES": "Washroom, Wi-Fi", "ADDRESS": "1081 PROGRESS AVE", "PHONE": "416-396-4670", "URL": "https://www.toronto.ca/explore-enjoy/parks-recreation/places-spaces/parks-and-recreation-facilities/location/?id=591" }, "geometry": { "type": "MultiPoint", "coordinates": [ [ -79.234292291916105, 43.793989492075603 ] ] } },
{ "type": "Feature", "properties": { "_id": 1751, "LOCATIONID": "600", "ASSET_ID": 2055.0, "ASSET_NAME": "CEDARBROOK COMMUNITY CENTRE", "TYPE": "Community Centre", "AMENITIES": "Washroom, Wi-Fi", "ADDRESS": "91 EASTPARK BLVD", "PHONE": "416-396-4028", "URL": "https://www.toronto.ca/explore-enjoy/parks-recreation/places-spaces/parks-and-recreation-facilities/location/?id=600" }, "geometry": { "type": "MultiPoint", "coordinates": [ [ -79.227395332096805, 43.755623906232799 ] ] } },
{ "type": "Feature", "properties": { "_id": 1752, "LOCATIONID": "868", "ASSET_ID": 31726.0, "ASSET_NAME": "SIR ADAM BECK JUNIOR SCHOOL", "TYPE": "Community Centre", "AMENITIES": "None", "ADDRESS": "544 HORNER AVE", "PHONE": "None", "URL": "https://www.toronto.ca/explore-enjoy/parks-recreation/places-spaces/parks-and-recreation-facilities/location/?id=868" }, "geometry": { "type": "MultiPoint", "coordinates": [ [ -79.548011874754195, 43.6016944705814 ] ] } },
{ "type": "Feature", "properties": { "_id": 1753, "LOCATIONID": "882", "ASSET_ID": 31218.0, "ASSET_NAME": "MARYVALE PUBLIC SCHOOL", "TYPE": "Community Centre", "AMENITIES": "None", "ADDRESS": "1325 PHARMACY AVE", "PHONE": "None", "URL": "https://www.toronto.ca/explore-enjoy/parks-recreation/places-spaces/parks-and-recreation-facilities/location/?id=882" }, "geometry": { "type": "MultiPoint", "coordinates": [ [ -79.307941027282595, 43.754772170782097 ] ] } },
{ "type": "Feature", "properties": { "_id": 1754, "LOCATIONID": "883", "ASSET_ID": 829.0, "ASSET_NAME": "PORT UNION COMMUNITY RECREATION CENTRE", "TYPE": "Community Centre", "AMENITIES": "Basketball Court, Outdoor Dry Pad, Skateboarding, Washroom, Wi-Fi", "ADDRESS": "5450 LAWRENCE AVE E", "PHONE": "416-396-4031", "URL": "https://www.toronto.ca/explore-enjoy/parks-recreation/places-spaces/parks-and-recreation-facilities/location/?id=883" }, "geometry": { "type": "MultiPoint", "coordinates": [ [ -79.140280811939206, 43.779665889715801 ] ] } },
{ "type": "Feature", "properties": { "_id": 1755, "LOCATIONID": "89", "ASSET_ID": 13049.0, "ASSET_NAME": "MASARYK - COWAN COMMUNITY RECREATION CENTRE", "TYPE": "Community Centre", "AMENITIES": "Washroom, Wi-Fi", "ADDRESS": "220 COWAN AVE", "PHONE": "416-392-6928", "URL": "https://www.toronto.ca/explore-enjoy/parks-recreation/places-spaces/parks-and-recreation-facilities/location/?id=89" }, "geometry": { "type": "MultiPoint", "coordinates": [ [ -79.433257367688, 43.640643583347 ] ] } },
{ "type": "Feature", "properties": { "_id": 1756, "LOCATIONID": "891", "ASSET_ID": 1873.0, "ASSET_NAME": "MEMORIAL POOL AND HEALTH CLUB", "TYPE": "Community Centre", "AMENITIES": "Washroom, Wi-Fi", "ADDRESS": "44 MONTGOMERY RD", "PHONE": "416-394-8731", "URL": "https://www.toronto.ca/explore-enjoy/parks-recreation/places-spaces/parks-and-recreation-facilities/location/?id=891" }, "geometry": { "type": "MultiPoint", "coordinates": [ [ -79.519617496591096, 43.6483790866303 ] ] } },
{ "type": "Feature", "properties": { "_id": 1757, "LOCATIONID": "892", "ASSET_ID": 1737.0, "ASSET_NAME": "ETOBICOKE OLYMPIUM", "TYPE": "Community Centre", "AMENITIES": "Washroom, Wi-Fi", "ADDRESS": "590 RATHBURN RD", "PHONE": "416-394-8111", "URL": "https://www.toronto.ca/explore-enjoy/parks-recreation/places-spaces/parks-and-recreation-facilities/location/?id=892" }, "geometry": { "type": "MultiPoint", "coordinates": [ [ -79.584432752695406, 43.650230054853999 ] ] } },
{ "type": "Feature", "properties": { "_id": 1758, "LOCATIONID": "893", "ASSET_ID": 13006.0, "ASSET_NAME": "ALBION POOL AND HEALTH CLUB", "TYPE": "Community Centre", "AMENITIES": "Wi-Fi", "ADDRESS": "1485 ALBION RD", "PHONE": "416-394-8676", "URL": "https://www.toronto.ca/explore-enjoy/parks-recreation/places-spaces/parks-and-recreation-facilities/location/?id=893" }, "geometry": { "type": "MultiPoint", "coordinates": [ [ -79.581130002736899, 43.739263241149096 ] ] } },
{ "type": "Feature", "properties": { "_id": 1759, "LOCATIONID": "896", "ASSET_ID": 1764.0, "ASSET_NAME": "GUS RYDER POOL AND HEALTH CLUB", "TYPE": "Community Centre", "AMENITIES": "Washroom, Wi-Fi", "ADDRESS": "1 FAUSTINA DR", "PHONE": "416-394-8726", "URL": "https://www.toronto.ca/explore-enjoy/parks-recreation/places-spaces/parks-and-recreation-facilities/location/?id=896" }, "geometry": { "type": "MultiPoint", "coordinates": [ [ -79.521947007418305, 43.6012154857506 ] ] } },
{ "type": "Feature", "properties": { "_id": 1760, "LOCATIONID": "897", "ASSET_ID": 1610.0, "ASSET_NAME": "ALDERWOOD POOL", "TYPE": "Community Centre", "AMENITIES": "Wi-Fi", "ADDRESS": "2 ORIANNA DR", "PHONE": "416-394-8738", "URL": "https://www.toronto.ca/explore-enjoy/parks-recreation/places-spaces/parks-and-recreation-facilities/location/?id=897" }, "geometry": { "type": "MultiPoint", "coordinates": [ [ -79.547330905718795, 43.601860471008301 ] ] } },
{ "type": "Feature", "properties": { "_id": 1761, "LOCATIONID": "913", "ASSET_ID": 13014.0, "ASSET_NAME": "CENTENNIAL PARK ARENA - ETOBICOKE", "TYPE": "Community Centre", "AMENITIES": "Washroom, Wi-Fi", "ADDRESS": "156 CENTENNIAL PARK RD", "PHONE": "416-394-8756", "URL": "https://www.toronto.ca/explore-enjoy/parks-recreation/places-spaces/parks-and-recreation-facilities/location/?id=913" }, "geometry": { "type": "MultiPoint", "coordinates": [ [ -79.585875733021098, 43.656085811545502 ] ] } },
{ "type": "Feature", "properties": { "_id": 1762, "LOCATIONID": "96", "ASSET_ID": 13050.0, "ASSET_NAME": "MAURICE CODY COMMUNITY CENTRE", "TYPE": "Community Centre", "AMENITIES": "Washroom", "ADDRESS": "181 CLEVELAND ST", "PHONE": "416-392-0747", "URL": "https://www.toronto.ca/explore-enjoy/parks-recreation/places-spaces/parks-and-recreation-facilities/location/?id=96" }, "geometry": { "type": "MultiPoint", "coordinates": [ [ -79.378082024255306, 43.704935510751298 ] ] } },
{ "type": "Feature", "properties": { "_id": 1763, "LOCATIONID": "743", "ASSET_ID": 925.0, "ASSET_NAME": "SCARBOROUGH VILLAGE RECREATION CENTRE", "TYPE": "Community Centre", "AMENITIES": "Washroom, Wi-Fi", "ADDRESS": "3600 KINGSTON RD", "PHONE": "416-396-4048", "URL": "https://www.toronto.ca/explore-enjoy/parks-recreation/places-spaces/parks-and-recreation-facilities/location/?id=743" }, "geometry": { "type": "MultiPoint", "coordinates": [ [ -79.216596863709498, 43.740172155036298 ] ] } },
{ "type": "Feature", "properties": { "_id": 1764, "LOCATIONID": "744", "ASSET_ID": 2099.0, "ASSET_NAME": "RODING COMMUNITY CENTRE", "TYPE": "Community Centre", "AMENITIES": "Washroom, Wi-Fi", "ADDRESS": "600 RODING ST", "PHONE": "416-395-7964", "URL": "https://www.toronto.ca/explore-enjoy/parks-recreation/places-spaces/parks-and-recreation-facilities/location/?id=744" }, "geometry": { "type": "MultiPoint", "coordinates": [ [ -79.492730310705696, 43.7291977709408 ] ] } },
{ "type": "Feature", "properties": { "_id": 1765, "LOCATIONID": "749", "ASSET_ID": 13055.0, "ASSET_NAME": "NORTH KIPLING COMMUNITY CENTRE", "TYPE": "Community Centre", "AMENITIES": "Washroom, Wi-Fi", "ADDRESS": "2 ROWNTREE RD", "PHONE": "416-394-8679", "URL": "https://www.toronto.ca/explore-enjoy/parks-recreation/places-spaces/parks-and-recreation-facilities/location/?id=749" }, "geometry": { "type": "MultiPoint", "coordinates": [ [ -79.584499093309205, 43.752197771375897 ] ] } },
{ "type": "Feature", "properties": { "_id": 1766, "LOCATIONID": "750", "ASSET_ID": 1732.0, "ASSET_NAME": "ELMBANK COMMUNITY CENTRE", "TYPE": "Community Centre", "AMENITIES": "Washroom, Wi-Fi", "ADDRESS": "10 RAMPART RD", "PHONE": "416-394-8671", "URL": "https://www.toronto.ca/explore-enjoy/parks-recreation/places-spaces/parks-and-recreation-facilities/location/?id=750" }, "geometry": { "type": "MultiPoint", "coordinates": [ [ -79.588712926547899, 43.734777356129399 ] ] } },
{ "type": "Feature", "properties": { "_id": 1767, "LOCATIONID": "751", "ASSET_ID": 13064.0, "ASSET_NAME": "SENECA VILLAGE COMMUNITY CENTRE", "TYPE": "Community Centre", "AMENITIES": "Wi-Fi", "ADDRESS": "1700 FINCH AVE E", "PHONE": "416-395-7671", "URL": "https://www.toronto.ca/explore-enjoy/parks-recreation/places-spaces/parks-and-recreation-facilities/location/?id=751" }, "geometry": { "type": "MultiPoint", "coordinates": [ [ -79.351304633616294, 43.794144487515098 ] ] } },
{ "type": "Feature", "properties": { "_id": 1768, "LOCATIONID": "755", "ASSET_ID": 13034.0, "ASSET_NAME": "HUMBERWOOD COMMUNITY CENTRE", "TYPE": "Community Centre", "AMENITIES": "Washroom, Wi-Fi", "ADDRESS": "850 HUMBERWOOD BLVD", "PHONE": "416-394-5700", "URL": "https://www.toronto.ca/explore-enjoy/parks-recreation/places-spaces/parks-and-recreation-facilities/location/?id=755" }, "geometry": { "type": "MultiPoint", "coordinates": [ [ -79.619042044035496, 43.7288921423389 ] ] } },
{ "type": "Feature", "properties": { "_id": 1769, "LOCATIONID": "760", "ASSET_ID": 13020.0, "ASSET_NAME": "DOMENICO DILUCA COMMUNITY RECREATION CENTRE", "TYPE": "Community Centre", "AMENITIES": "Washroom, Wi-Fi", "ADDRESS": "25 STANLEY RD", "PHONE": "416-395-6673", "URL": "https://www.toronto.ca/explore-enjoy/parks-recreation/places-spaces/parks-and-recreation-facilities/location/?id=760" }, "geometry": { "type": "MultiPoint", "coordinates": [ [ -79.515801313800395, 43.7424676247375 ] ] } },
{ "type": "Feature", "properties": { "_id": 1770, "LOCATIONID": "771", "ASSET_ID": 1075.0, "ASSET_NAME": "VICTORIA VILLAGE ARENA", "TYPE": "Community Centre", "AMENITIES": "Washroom, Wi-Fi", "ADDRESS": "190 BERMONDSEY RD", "PHONE": "416-395-0143", "URL": "https://www.toronto.ca/explore-enjoy/parks-recreation/places-spaces/parks-and-recreation-facilities/location/?id=771" }, "geometry": { "type": "MultiPoint", "coordinates": [ [ -79.315633488800302, 43.723189802764502 ] ] } },
{ "type": "Feature", "properties": { "_id": 1771, "LOCATIONID": "778", "ASSET_ID": 13082.0, "ASSET_NAME": "YORK MILLS ARENA", "TYPE": "Community Centre", "AMENITIES": "Washroom, Wi-Fi", "ADDRESS": "2539 BAYVIEW AVE", "PHONE": "416-395-7844", "URL": "https://www.toronto.ca/explore-enjoy/parks-recreation/places-spaces/parks-and-recreation-facilities/location/?id=778" }, "geometry": { "type": "MultiPoint", "coordinates": [ [ -79.383420268906207, 43.747653297861497 ] ] } },
{ "type": "Feature", "properties": { "_id": 1772, "LOCATIONID": "780", "ASSET_ID": 1892.0, "ASSET_NAME": "OAKDALE COMMUNITY CENTRE", "TYPE": "Community Centre", "AMENITIES": "Washroom, Wi-Fi", "ADDRESS": "350 GRANDRAVINE DR", "PHONE": "416-395-0488", "URL": "https://www.toronto.ca/explore-enjoy/parks-recreation/places-spaces/parks-and-recreation-facilities/location/?id=780" }, "geometry": { "type": "MultiPoint", "coordinates": [ [ -79.513127447585504, 43.747833783294801 ] ] } },
{ "type": "Feature", "properties": { "_id": 1773, "LOCATIONID": "788", "ASSET_ID": 13866.0, "ASSET_NAME": "L'AMOREAUX COMMUNITY RECREATION CENTRE", "TYPE": "Community Centre", "AMENITIES": "Washroom, Wi-Fi", "ADDRESS": "2000 MCNICOLL AVE", "PHONE": "416-396-4510", "URL": "https://www.toronto.ca/explore-enjoy/parks-recreation/places-spaces/parks-and-recreation-facilities/location/?id=788" }, "geometry": { "type": "MultiPoint", "coordinates": [ [ -79.305056196934302, 43.812611473842999 ] ] } },
{ "type": "Feature", "properties": { "_id": 1774, "LOCATIONID": "789", "ASSET_ID": 1845.0, "ASSET_NAME": "LEASIDE MEMORIAL COMMUNITY GARDENS ARENA", "TYPE": "Community Centre", "AMENITIES": "None", "ADDRESS": "1073 Millwood Rd", "PHONE": "416-421-4944", "URL": "https://www.toronto.ca/explore-enjoy/parks-recreation/places-spaces/parks-and-recreation-facilities/location/?id=789" }, "geometry": { "type": "MultiPoint", "coordinates": [ [ -79.360887945448994, 43.701760328037999 ] ] } },
{ "type": "Feature", "properties": { "_id": 1775, "LOCATIONID": "793", "ASSET_ID": 13058.0, "ASSET_NAME": "OURLAND COMMUNITY CENTRE", "TYPE": "Community Centre", "AMENITIES": "Washroom, Wi-Fi", "ADDRESS": "18 OURLAND AVE", "PHONE": "416-394-8673", "URL": "https://www.toronto.ca/explore-enjoy/parks-recreation/places-spaces/parks-and-recreation-facilities/location/?id=793" }, "geometry": { "type": "MultiPoint", "coordinates": [ [ -79.508484407792395, 43.615130163729098 ] ] } },
{ "type": "Feature", "properties": { "_id": 1776, "LOCATIONID": "795", "ASSET_ID": 1987.0, "ASSET_NAME": "THE ELMS COMMUNITY SCHOOL AND POOL", "TYPE": "Community Centre", "AMENITIES": "Wi-Fi", "ADDRESS": "45 Golfdown Dr", "PHONE": "416-394-8722", "URL": "https://www.toronto.ca/explore-enjoy/parks-recreation/places-spaces/parks-and-recreation-facilities/location/?id=795" }, "geometry": { "type": "MultiPoint", "coordinates": [ [ -79.551984150905, 43.722197364642597 ] ] } },
{ "type": "Feature", "properties": { "_id": 1777, "LOCATIONID": "797", "ASSET_ID": 1885.0, "ASSET_NAME": "NORSEMAN COMMUNITY SCHOOL AND POOL", "TYPE": "Community Centre", "AMENITIES": "Washroom, Wi-Fi", "ADDRESS": "105 NORSEMAN ST", "PHONE": "416-394-8719", "URL": "https://www.toronto.ca/explore-enjoy/parks-recreation/places-spaces/parks-and-recreation-facilities/location/?id=797" }, "geometry": { "type": "MultiPoint", "coordinates": [ [ -79.516483360234304, 43.634294553032902 ] ] } },
{ "type": "Feature", "properties": { "_id": 1778, "LOCATIONID": "800", "ASSET_ID": 15.0, "ASSET_NAME": "ALBION ARENA", "TYPE": "Community Centre", "AMENITIES": "Washroom, Wi-Fi", "ADDRESS": "1501 ALBION RD", "PHONE": "416-394-8690", "URL": "https://www.toronto.ca/explore-enjoy/parks-recreation/places-spaces/parks-and-recreation-facilities/location/?id=800" }, "geometry": { "type": "MultiPoint", "coordinates": [ [ -79.582830483097993, 43.739562500235699 ] ] } },
{ "type": "Feature", "properties": { "_id": 1779, "LOCATIONID": "801", "ASSET_ID": 1910.0, "ASSET_NAME": "PINE POINT ARENA", "TYPE": "Community Centre", "AMENITIES": "Washroom", "ADDRESS": "15 GRIERSON RD", "PHONE": "416-394-8692", "URL": "https://www.toronto.ca/explore-enjoy/parks-recreation/places-spaces/parks-and-recreation-facilities/location/?id=801" }, "geometry": { "type": "MultiPoint", "coordinates": [ [ -79.542618999421194, 43.712644274477697 ] ] } },
{ "type": "Feature", "properties": { "_id": 1780, "LOCATIONID": "802", "ASSET_ID": 721.0, "ASSET_NAME": "MIMICO ARENA", "TYPE": "Community Centre", "AMENITIES": "Washroom, Wi-Fi", "ADDRESS": "31 DRUMMOND ST", "PHONE": "416-394-8695", "URL": "https://www.toronto.ca/explore-enjoy/parks-recreation/places-spaces/parks-and-recreation-facilities/location/?id=802" }, "geometry": { "type": "MultiPoint", "coordinates": [ [ -79.498787514812406, 43.612330364643398 ] ] } },
{ "type": "Feature", "properties": { "_id": 1781, "LOCATIONID": "803", "ASSET_ID": 1853.0, "ASSET_NAME": "LONG BRANCH ARENA", "TYPE": "Community Centre", "AMENITIES": "Washroom, Wi-Fi", "ADDRESS": "75 ARCADIAN CIR", "PHONE": "416-394-8694", "URL": "https://www.toronto.ca/explore-enjoy/parks-recreation/places-spaces/parks-and-recreation-facilities/location/?id=803" }, "geometry": { "type": "MultiPoint", "coordinates": [ [ -79.527287236511796, 43.591943692289803 ] ] } },
{ "type": "Feature", "properties": { "_id": 1782, "LOCATIONID": "821", "ASSET_ID": 1813.0, "ASSET_NAME": "ISLINGTON SENIORS' CENTRE", "TYPE": "Community Centre", "AMENITIES": "Washroom", "ADDRESS": "4968 DUNDAS ST W", "PHONE": "416-231-3431", "URL": "https://www.toronto.ca/explore-enjoy/parks-recreation/places-spaces/parks-and-recreation-facilities/location/?id=821" }, "geometry": { "type": "MultiPoint", "coordinates": [ [ -79.530121152907498, 43.647657952559499 ] ] } },
{ "type": "Feature", "properties": { "_id": 1783, "LOCATIONID": "822", "ASSET_ID": 2068.0, "ASSET_NAME": "FAIRFIELD SENIORS' CENTRE", "TYPE": "Community Centre", "AMENITIES": "Washroom, Wi-Fi", "ADDRESS": "80 LOTHIAN AVE", "PHONE": "416-394-8686", "URL": "https://www.toronto.ca/explore-enjoy/parks-recreation/places-spaces/parks-and-recreation-facilities/location/?id=822" }, "geometry": { "type": "MultiPoint", "coordinates": [ [ -79.519243470007893, 43.639531999255603 ] ] } },
{ "type": "Feature", "properties": { "_id": 1784, "LOCATIONID": "823", "ASSET_ID": 500.0, "ASSET_NAME": "HORNER AVENUE SENIORS CENTRE", "TYPE": "Community Centre", "AMENITIES": "Washroom, Wi-Fi", "ADDRESS": "320 HORNER AVE", "PHONE": "416-394-6000", "URL": "https://www.toronto.ca/explore-enjoy/parks-recreation/places-spaces/parks-and-recreation-facilities/location/?id=823" }, "geometry": { "type": "MultiPoint", "coordinates": [ [ -79.526837697179005, 43.606283915425699 ] ] } },
{ "type": "Feature", "properties": { "_id": 1785, "LOCATIONID": "824", "ASSET_ID": 2056.0, "ASSET_NAME": "CENTRAL ARENA", "TYPE": "Community Centre", "AMENITIES": "Washroom, Wi-Fi", "ADDRESS": "50 MONTGOMERY RD", "PHONE": "416-394-5439", "URL": "https://www.toronto.ca/explore-enjoy/parks-recreation/places-spaces/parks-and-recreation-facilities/location/?id=824" }, "geometry": { "type": "MultiPoint", "coordinates": [ [ -79.520268165243493, 43.648549566975198 ] ] } },
{ "type": "Feature", "properties": { "_id": 1786, "LOCATIONID": "84", "ASSET_ID": 17168.0, "ASSET_NAME": "KEELE COMMUNITY CENTRE", "TYPE": "Community Centre", "AMENITIES": "Washroom, Wi-Fi", "ADDRESS": "181 GLENLAKE AVE", "PHONE": "416-392-0695", "URL": "https://www.toronto.ca/explore-enjoy/parks-recreation/places-spaces/parks-and-recreation-facilities/location/?id=84" }, "geometry": { "type": "MultiPoint", "coordinates": [ [ -79.4616734489626, 43.657594336098398 ] ] } },
{ "type": "Feature", "properties": { "_id": 1787, "LOCATIONID": "85", "ASSET_ID": 2085.0, "ASSET_NAME": "MAIN SQUARE COMMUNITY RECREATION CENTRE", "TYPE": "Community Centre", "AMENITIES": "Washroom, Wi-Fi", "ADDRESS": "245 MAIN ST", "PHONE": "416-392-1070", "URL": "https://www.toronto.ca/explore-enjoy/parks-recreation/places-spaces/parks-and-recreation-facilities/location/?id=85" }, "geometry": { "type": "MultiPoint", "coordinates": [ [ -79.299788494371498, 43.687172370629 ] ] } }
]
}
