{
"type": "FeatureCollection",
"name": "EarlyON Child and Family Centres Locations - geometry - 4326",
"crs": { "type": "name", "properties": { "name": "urn:ogc:def:crs:OGC:1.3:CRS84" } },
"features": [
{ "type": "Feature", "properties": { "_id": 1, "service_system_manager": "City of Toronto", "agency": "Regent Park Community Health Centre", "loc_id": 13650, "program_name": "101 Spruce St EarlyON Child and Family Centre", "languages": "", "french_language_program": null, "indigenous_program": null, "programTypes": "", "serviceName": "Drop-in", "buildingName": "Toronto Kiwanis Boys & Girls Clubs", "address": "101 Spruce St", "full_address": "101 Spruce St, Toronto, ON M5A 2J3", "major_intersection": null, "ward": 13, "ward_name": "TORONTO CENTRE", "located_in_school": "No", "school_name": null, "lat": 43.664194018000003, "lng": -79.362233990999997, "website": "https://regentparkchc.org/program/earlyon-drop-in-centre/", "website_name": "Regent Park Community Health Centre Website", "website_description": " Website for Agency Regent Park Community Health Centre", "consultant_fullname": "Roxanne Martin", "consultant_phone": "416", "email": "Roxanne.Martin@toronto.ca", "contact_fullname": "Maleda Mulu", "contact_title": "PROGRAM MANAGER", "phone": "416-362-0805 X 230", "contact_email": "maledam@regentparkchc.org", "dropinHours": "Wednesday: 9:00 a.m. - 11:30 a.m.  ", "registeredHours": "Thursday: 9:00 a.m. - 11:30 a.m.  ", "virtualHours": null, "centre_type": "Centre" }, "geometry": { "type": "MultiPoint", "coordinates": [ [ -79.362233991, 43.664194018 ] ] } },
{ "type": "Feature", "properties": { "_id": 2, "service_system_manager": "City of Toronto", "agency": "West Neighbourhood House O/a St. Christopher House", "loc_id": 14380, "program_name": "1033 EarlyON Child and Family Centre", "languages": "", "french_language_program": null, "indigenous_program": null, "programTypes": "", "serviceName": null, "buildingName": null, "address": "1033 King St W", "full_address": "1033 King St W, Toronto, ON M6K 3N3", "major_intersection": "King St W/shaw St", "ward": 10, "ward_name": "SPADINA-FORT YORK", "located_in_school": "No", "school_name": null, "lat": 43.640968279, "lng": -79.416392031000001, "website": "https://www.westnh.org/earlyon-program/", "website_name": "West Neighbourhood House O/a St. Christopher House Website", "website_description": " Website for Agency West Neighbourhood House O/a St. Christopher House", "consultant_fullname": "Roxanne Martin", "consultant_phone": "416", "email": "Roxanne.Martin@toronto.ca", "contact_fullname": "Angela Elzinga Cheng", "contact_title": "DIRECTOR OF COMMUNITY PROGRAMS", "phone": "647-438-0038", "contact_email": "angelael@westnh.org", "dropinHours": null, "registeredHours": null, "virtualHours": null, "centre_type": "Centre" }, "geometry": { "type": "MultiPoint", "coordinates": [ [ -79.416392031, 43.640968279 ] ] } },
{ "type": "Feature", "properties": { "_id": 3, "service_system_manager": "City of Toronto", "agency": "Macaulay Centres for Children", "loc_id": 14660, "program_name": "2010 Eglinton", "languages": "", "french_language_program": null, "indigenous_program": null, "programTypes": "", "serviceName": null, "buildingName": "2010 Eglinton Avenue West", "address": "2010 Eglinton Ave W", "full_address": "2010 Eglinton Ave W, Toronto, ON M6E 2K3", "major_intersection": "Eglinton Ave W/dufferin St", "ward": 8, "ward_name": "EGLINTON-LAWRENCE", "located_in_school": "No", "school_name": null, "lat": 43.694846265000002, "lng": -79.455509590999995, "website": null, "website_name": "Macaulay Centres for Children Website", "website_description": " Website for Agency Macaulay Centres for Children", "consultant_fullname": "Maureen Mcdonald", "consultant_phone": "416-338-6528", "email": "mmcdona5@toronto.ca", "contact_fullname": "Julia Weglorz", "contact_title": "SUPERVISOR", "phone": "416-789-7441 X 407", "contact_email": "jweglorz@macaulaycentres.org", "dropinHours": null, "registeredHours": null, "virtualHours": null, "centre_type": "Centre" }, "geometry": { "type": "MultiPoint", "coordinates": [ [ -79.455509591, 43.694846265 ] ] } },
{ "type": "Feature", "properties": { "_id": 4, "service_system_manager": "City of Toronto", "agency": "Macaulay Centres for Children", "loc_id": 12562, "program_name": "2700 Dufferin EarlyON Child and Family Centre", "languages": "", "french_language_program": null, "indigenous_program": null, "programTypes": "", "serviceName": "", "buildingName": null, "address": "2700 Dufferin St", "full_address": "2700 Dufferin St, York, ON M6B 4J3", "major_intersection": null, "ward": 8, "ward_name": "EGLINTON-LAWRENCE", "located_in_school": "No", "school_name": null, "lat": 43.701704913999997, "lng": -79.453989687999993, "website": null, "website_name": "Macaulay Centres for Children Website", "website_description": " Website for Agency Macaulay Centres for Children", "consultant_fullname": "Maureen Mcdonald", "consultant_phone": "416-338-6528", "email": "mmcdona5@toronto.ca", "contact_fullname": "Julia Weglorz", "contact_title": "SUPERVISOR", "phone": "416-789-7441 X 407", "contact_email": "jweglorz@macaulaycentres.org", "dropinHours": "Monday: 10:00 a.m. - noon  ; 3:30 p.m. - 6:00 p.m.   | Tuesday: 2:00 p.m. - 4:00 p.m.   | Wednesday: 10:00 a.m. - noon  ; 2:00 p.m. - 4:00 p.m.   | Thursday: 2:00 p.m. - 4:00 p.m.   | Friday: 10:00 a.m. - noon   | Saturday: 10:00 a.m. - noon  ", "registeredHours": "Tuesday: 10:00 a.m. - noon   | Thursday: 10:00 a.m. - noon  ", "virtualHours": null, "centre_type": "Centre" }, "geometry": { "type": "MultiPoint", "coordinates": [ [ -79.453989688, 43.701704914 ] ] } },
{ "type": "Feature", "properties": { "_id": 5, "service_system_manager": "City of Toronto", "agency": "Native Child and Family Services of Toronto", "loc_id": 13709, "program_name": "30 College EarlyON Centre", "languages": "", "french_language_program": null, "indigenous_program": "Yes", "programTypes": "", "serviceName": "", "buildingName": null, "address": "30 College St", "full_address": "30 College St, Toronto, ON M5G 1K2", "major_intersection": null, "ward": 13, "ward_name": "TORONTO CENTRE", "located_in_school": "No", "school_name": null, "lat": 43.6613419611, "lng": -79.384557611999995, "website": "https://www.nativechild.org/", "website_name": "Native Child and Family Services of Toronto Website", "website_description": " Website for Agency Native Child and Family Services of Toronto", "consultant_fullname": "Reta Hamlin", "consultant_phone": "416-338-1844", "email": "Reta.Hamlin@toronto.ca", "contact_fullname": "Amanda Macewen", "contact_title": "MANAGER, FAMILY SUPPORTS", "phone": "416-639-9036", "contact_email": "amacewen@nativechild.org", "dropinHours": "Monday: 4:30 p.m. - 7:30 p.m.   | Tuesday: 10:00 a.m. - noon  ; 2:00 p.m. - 4:00 p.m.   | Wednesday: 10:00 a.m. - noon  ; 2:00 p.m. - 4:00 p.m.   | Thursday: 10:00 a.m. - noon  ; 2:00 p.m. - 4:00 p.m.   | Friday: 10:00 a.m. - noon  ", "registeredHours": "Tuesday: 1:00 p.m. - 4:00 p.m.   | Wednesday: 1:00 p.m. - 4:00 p.m.  ", "virtualHours": null, "centre_type": "Centre" }, "geometry": { "type": "MultiPoint", "coordinates": [ [ -79.384557612, 43.6613419611 ] ] } },
{ "type": "Feature", "properties": { "_id": 6, "service_system_manager": "City of Toronto", "agency": "Regent Park Community Health Centre", "loc_id": 13648, "program_name": "38 Regent EarlyON Child and Family Centre", "languages": "", "french_language_program": null, "indigenous_program": null, "programTypes": "", "serviceName": "", "buildingName": null, "address": "38 Regent St", "full_address": "38 Regent St, Toronto, ON M5A 3N7", "major_intersection": null, "ward": 13, "ward_name": "TORONTO CENTRE", "located_in_school": "No", "school_name": null, "lat": 43.658595114999997, "lng": -79.364272447999994, "website": "https://regentparkchc.org/program/earlyon-drop-in-centre/", "website_name": "Regent Park Community Health Centre Website", "website_description": " Website for Agency Regent Park Community Health Centre", "consultant_fullname": "Roxanne Martin", "consultant_phone": "416", "email": "Roxanne.Martin@toronto.ca", "contact_fullname": "Maleda Mulu", "contact_title": "PROGRAM MANAGER", "phone": "416-362-0805 X 230", "contact_email": "maledam@regentparkchc.org", "dropinHours": "Monday: 9:00 a.m. - 11:30 a.m.  ; 1:00 p.m. - 3:30 p.m.   | Tuesday: 1:00 p.m. - 4:00 p.m.   | Wednesday: 9:00 a.m. - 11:30 a.m.   | Thursday: 1:00 p.m. - 3:30 p.m.   | Friday: 9:00 a.m. - 11:30 a.m.  ; 1:00 p.m. - 3:30 p.m.  ", "registeredHours": "Monday: 9:00 a.m. - 11:30 a.m.  ; 1:00 p.m. - 3:30 p.m.   | Tuesday: 1:00 p.m. - 3:00 p.m.   | Wednesday: 9:00 a.m. - 11:30 a.m.  ; 1:00 p.m. - 3:30 p.m.   | Thursday: 1:00 p.m. - 3:30 p.m.   | Friday: 9:00 a.m. - 11:30 a.m.  ; 5:30 p.m. - 7:30 p.m.  ", "virtualHours": null, "centre_type": "Centre" }, "geometry": { "type": "MultiPoint", "coordinates": [ [ -79.364272448, 43.658595115 ] ] } },
{ "type": "Feature", "properties": { "_id": 7, "service_system_manager": "City of Toronto", "agency": "Regent Park Community Health Centre", "loc_id": 13649, "program_name": "402 Shuter St. EarlyON Child and Family Centre", "languages": "", "french_language_program": null, "indigenous_program": null, "programTypes": "", "serviceName": "", "buildingName": "Regent Park Community Centre", "address": "402 Shuter St", "full_address": "402 Shuter St, Toronto, ON M5A 1X6", "major_intersection": null, "ward": 13, "ward_name": "TORONTO CENTRE", "located_in_school": "No", "school_name": null, "lat": 43.657993622, "lng": -79.361740442, "website": "https://regentparkchc.org/program/earlyon-drop-in-centre/", "website_name": "Regent Park Community Health Centre Website", "website_description": " Website for Agency Regent Park Community Health Centre", "consultant_fullname": "Roxanne Martin", "consultant_phone": "416", "email": "Roxanne.Martin@toronto.ca", "contact_fullname": "Maleda Mulu", "contact_title": "PROGRAM MANAGER", "phone": "416-362-0805 X 230", "contact_email": "maledam@regentparkchc.org", "dropinHours": "Wednesday: 1:00 p.m. - 3:30 p.m.  ", "registeredHours": "Wednesday: 1:00 p.m. - 3:30 p.m.   | Thursday: 9:00 a.m. - 11:30 a.m.  ", "virtualHours": null, "centre_type": "Centre" }, "geometry": { "type": "MultiPoint", "coordinates": [ [ -79.361740442, 43.657993622 ] ] } },
{ "type": "Feature", "properties": { "_id": 8, "service_system_manager": "City of Toronto", "agency": "Agincourt Community Services Association", "loc_id": 13960, "program_name": "4139 Sheppard Ave East EarlyON Child and Family Centre at ACSA", "languages": "Sinhala (Sinhalese); Tamil", "french_language_program": null, "indigenous_program": null, "programTypes": "", "serviceName": "", "buildingName": null, "address": "4139 Sheppard Ave E", "full_address": "4139 Sheppard Ave E, Scarborough, ON M1S 1T1", "major_intersection": null, "ward": 22, "ward_name": "SCARBOROUGH-AGINCOURT", "located_in_school": "No", "school_name": null, "lat": 43.784405671999998, "lng": -79.281919407999993, "website": null, "website_name": "Agincourt Community Services Association Website", "website_description": " Website for Agency Agincourt Community Services Association", "consultant_fullname": "Jene Gordon", "consultant_phone": "416-397-0998", "email": "Jene.Gordon@toronto.ca", "contact_fullname": "Priyanka Kandasamy", "contact_title": "MANAGER, CHILD AND FAMILY SER.", "phone": "416-299-9872", "contact_email": "kpriyanka@agincourtcommunityservices.com", "dropinHours": "Saturday: 9:00 a.m. - 11:00 a.m.  ", "registeredHours": null, "virtualHours": null, "centre_type": "Centre" }, "geometry": { "type": "MultiPoint", "coordinates": [ [ -79.281919408, 43.784405672 ] ] } },
{ "type": "Feature", "properties": { "_id": 9, "service_system_manager": "City of Toronto", "agency": "Abiona Centre for Infant & Early Mental Health", "loc_id": 12549, "program_name": "Abiona EarlyON Child and Family Centre", "languages": "", "french_language_program": null, "indigenous_program": null, "programTypes": "", "serviceName": "", "buildingName": "Abiona Earlyon Child And Family Centre", "address": "1102 Broadview Ave", "full_address": "1102 Broadview Ave, East York, ON M4K 2S5", "major_intersection": null, "ward": 14, "ward_name": "TORONTO-DANFORTH", "located_in_school": "No", "school_name": null, "lat": 43.686573868000004, "lng": -79.356320186000005, "website": "https://www.abionacentre.ca/earlyon_child_and_family_centre/", "website_name": "Abiona Centre for Infant & Early Mental Health Website", "website_description": " Website for Agency Abiona Centre for Infant & Early Mental Health", "consultant_fullname": "Roxanne Martin", "consultant_phone": "416", "email": "Roxanne.Martin@toronto.ca", "contact_fullname": "Maureen Ringlein", "contact_title": null, "phone": "289-329-0306", "contact_email": "mringlein@abionacentre.ca", "dropinHours": "Monday: 7:30 a.m. - 9:00 a.m.  ; 9:30 a.m. - noon  ; 2:00 p.m. - 4:00 p.m.   | Tuesday: 7:30 a.m. - 9:00 a.m.  ; 9:30 a.m. - noon  ; 2:00 p.m. - 3:00 p.m.   | Wednesday: 7:30 a.m. - 9:00 a.m.  ; 9:30 a.m. - noon   | Thursday: 7:30 a.m. - 9:00 a.m.  ; 9:30 a.m. - noon   | Friday: 7:30 a.m. - 9:00 a.m.  ; 9:30 a.m. - noon  ; 2:00 p.m. - 4:00 p.m.   | Saturday: 9:00 a.m. - noon  ", "registeredHours": "Tuesday: 1:30 p.m. - 3:30 p.m.   | Wednesday: 1:30 p.m. - 3:30 p.m.   | Thursday: 3:30 p.m. - 6:00 p.m.  ", "virtualHours": null, "centre_type": "Centre" }, "geometry": { "type": "MultiPoint", "coordinates": [ [ -79.356320186, 43.686573868 ] ] } },
{ "type": "Feature", "properties": { "_id": 10, "service_system_manager": "City of Toronto", "agency": "Access Alliance Multicultural Health and Community Services", "loc_id": 13544, "program_name": "Access Alliance EarlyON Child and Family Centre", "languages": "", "french_language_program": null, "indigenous_program": null, "programTypes": "", "serviceName": "", "buildingName": "Secord Community Centre / Public School", "address": "91 Barrington Ave", "full_address": "91 Barrington Ave, East York, ON M4C 4Y9", "major_intersection": null, "ward": 19, "ward_name": "BEACHES-EAST YORK", "located_in_school": "No", "school_name": null, "lat": 43.691772102999998, "lng": -79.301568068999998, "website": "http://accessalliance.ca", "website_name": "Access Alliance Multicultural Health and Community Services Website", "website_description": " Website for Agency Access Alliance Multicultural Health and Community Services", "consultant_fullname": "Jene Gordon", "consultant_phone": "416-397-0998", "email": "Jene.Gordon@toronto.ca", "contact_fullname": "Karim Rejwan", "contact_title": "ACTING ASSOCIATE ED", "phone": "416-699-7930", "contact_email": "rkarim@accessalliance.ca", "dropinHours": "Monday: 1:00 p.m. - 4:00 p.m.   | Tuesday: 1:00 p.m. - 4:00 p.m.   | Thursday: 9:00 a.m. - noon   | Friday: 10:00 a.m. - noon  ", "registeredHours": "Monday: 10:00 a.m. - noon   | Tuesday: 10:00 a.m. - noon  ; 1:30 p.m. - 2:30 p.m.   | Wednesday: 10:00 a.m. - noon  ; 1:30 p.m. - 2:30 p.m.   | Thursday: 9:30 a.m. - 11:30 a.m.  ; 10:00 a.m. - noon   | Friday: 10:00 a.m. - noon  ; 9:00 a.m. - 3:00 p.m.  ", "virtualHours": null, "centre_type": "Centre" }, "geometry": { "type": "MultiPoint", "coordinates": [ [ -79.301568069, 43.691772103 ] ] } },
{ "type": "Feature", "properties": { "_id": 11, "service_system_manager": "City of Toronto", "agency": "Agincourt Community Services Association", "loc_id": 14192, "program_name": "ACSA EarlyON Child and Family Centre at Goldhawk Recreation Room", "languages": "Chinese - Other; Hindi; Tamil", "french_language_program": null, "indigenous_program": null, "programTypes": "", "serviceName": "", "buildingName": null, "address": "295 Alton Towers Cir", "full_address": "295 Alton Towers Cir, Scarborough, ON M1V 4P1", "major_intersection": null, "ward": 23, "ward_name": "SCARBOROUGH NORTH", "located_in_school": "No", "school_name": null, "lat": 43.824088699599997, "lng": -79.278194562500005, "website": null, "website_name": "Agincourt Community Services Association Website", "website_description": " Website for Agency Agincourt Community Services Association", "consultant_fullname": "Jene Gordon", "consultant_phone": "416-397-0998", "email": "Jene.Gordon@toronto.ca", "contact_fullname": "Priyanka Kandasamy", "contact_title": "MANAGER, CHILD AND FAMILY SER.", "phone": "416-299-9872", "contact_email": "kpriyanka@agincourtcommunityservices.com", "dropinHours": "Monday: 5:00 p.m. - 7:00 p.m.   | Tuesday: 5:00 p.m. - 7:00 p.m.   | Saturday: 9:00 a.m. - 11:00 a.m.  ", "registeredHours": null, "virtualHours": null, "centre_type": "Centre" }, "geometry": { "type": "MultiPoint", "coordinates": [ [ -79.278194562500005, 43.824088699599997 ] ] } },
{ "type": "Feature", "properties": { "_id": 12, "service_system_manager": "City of Toronto", "agency": "Agincourt Community Services Association", "loc_id": 13958, "program_name": "Agincourt Community Services EarlyON Child and Family Centre", "languages": "Tamil", "french_language_program": null, "indigenous_program": null, "programTypes": "", "serviceName": "", "buildingName": null, "address": "3223 Kennedy Rd", "full_address": "3223 Kennedy Rd, Scarborough, ON M1V 4Y1", "major_intersection": null, "ward": 22, "ward_name": "SCARBOROUGH-AGINCOURT", "located_in_school": "No", "school_name": null, "lat": 43.816001403000001, "lng": -79.302348678000001, "website": null, "website_name": "Agincourt Community Services Association Website", "website_description": " Website for Agency Agincourt Community Services Association", "consultant_fullname": "Jene Gordon", "consultant_phone": "416-397-0998", "email": "Jene.Gordon@toronto.ca", "contact_fullname": "Priyanka Kandasamy", "contact_title": "MANAGER, CHILD AND FAMILY SER.", "phone": "416-299-9872", "contact_email": "kpriyanka@agincourtcommunityservices.com", "dropinHours": "Monday: noon - 3:00 p.m.  ; 4:00 p.m. - 8:00 p.m.   | Tuesday: noon - 3:00 p.m.  ; 4:00 p.m. - 8:00 p.m.   | Wednesday: 9:30 a.m. - 3:00 p.m.  ; 4:00 p.m. - 8:00 p.m.  ; 9:30 a.m. - 3:00 p.m.  ; 4:00 p.m. - 8:00 p.m.   | Thursday: 9:30 a.m. - 12:30 p.m.  ; 1:30 p.m. - 5:30 p.m.  ; 9:30 a.m. - 12:30 p.m.  ; 1:30 p.m. - 5:30 p.m.   | Friday: 9:30 a.m. - 12:30 p.m.  ; 1:30 p.m. - 5:30 p.m.  ; 9:30 a.m. - 12:30 p.m.  ; 1:30 p.m. - 5:30 p.m.   | Saturday: 12:30 p.m. - 3:30 p.m.  ", "registeredHours": "Wednesday: 10:00 a.m. - 11:00 a.m.   | Friday: 10:00 a.m. - 11:30 a.m.  ", "virtualHours": null, "centre_type": "Centre" }, "geometry": { "type": "MultiPoint", "coordinates": [ [ -79.302348678, 43.816001403 ] ] } },
{ "type": "Feature", "properties": { "_id": 13, "service_system_manager": "City of Toronto", "agency": "Malvern Family Resource Centre", "loc_id": 12543, "program_name": "Agnes Mac Phail P.S EarlyON Child and Family Centre", "languages": "Cantonese; Mandarin", "french_language_program": null, "indigenous_program": null, "programTypes": "", "serviceName": "", "buildingName": "Agnes Macphail Public School", "address": "112 Goldhawk Trail", "full_address": "112 Goldhawk Trail, Scarborough, ON M1V 1W5", "major_intersection": null, "ward": 23, "ward_name": "SCARBOROUGH NORTH", "located_in_school": "Yes", "school_name": "AGNES MACPHAIL PUBLIC SCHOOL", "lat": 43.819268977, "lng": -79.27855339, "website": "www.mfrc.org", "website_name": "Malvern Family Resource Centre Website", "website_description": " Website for Agency Malvern Family Resource Centre", "consultant_fullname": "Jene Gordon", "consultant_phone": "416-397-0998", "email": "Jene.Gordon@toronto.ca", "contact_fullname": "Anusha Narendran", "contact_title": "MANAGER", "phone": "416-284-4184 X 206", "contact_email": "anusha@mfrc.org", "dropinHours": "Tuesday: 3:30 p.m. - 5:00 p.m.   | Thursday: 9:30 a.m. - 11:00 a.m.  ", "registeredHours": null, "virtualHours": null, "centre_type": "Centre" }, "geometry": { "type": "MultiPoint", "coordinates": [ [ -79.27855339, 43.819268977 ] ] } },
{ "type": "Feature", "properties": { "_id": 14, "service_system_manager": "City of Toronto", "agency": "Braeburn Neighbourhood Place Incorporated", "loc_id": 13694, "program_name": "Albion Library Satellite EarlyON Child and Family Centre", "languages": "", "french_language_program": null, "indigenous_program": null, "programTypes": "", "serviceName": "", "buildingName": null, "address": "1515 Albion Rd", "full_address": "1515 Albion Rd, Etobicoke, ON M9V 1B2", "major_intersection": null, "ward": 1, "ward_name": "ETOBICOKE NORTH", "located_in_school": "No", "school_name": null, "lat": 43.739852869000003, "lng": -79.584168211000005, "website": "www.braeburn.net", "website_name": "Braeburn Neighbourhood Place Incorporated Website", "website_description": " Website for Agency Braeburn Neighbourhood Place Incorporated", "consultant_fullname": "Jessica Abraham", "consultant_phone": "416-338-6746", "email": "Jessica.Abraham@toronto.ca", "contact_fullname": "Leslie Westcott", "contact_title": "EARLYON MANAGER", "phone": "416-745-3113", "contact_email": "lwestcott@braeburn.net", "dropinHours": "Thursday: 4:00 p.m. - 5:15 p.m.  ", "registeredHours": null, "virtualHours": null, "centre_type": "Centre" }, "geometry": { "type": "MultiPoint", "coordinates": [ [ -79.584168211, 43.739852869 ] ] } },
{ "type": "Feature", "properties": { "_id": 15, "service_system_manager": "City of Toronto", "agency": "Toronto District School Board", "loc_id": 13690, "program_name": "Alexander Muir/Gladstone EarlyON Child and Family Centre", "languages": "", "french_language_program": null, "indigenous_program": null, "programTypes": "", "serviceName": "", "buildingName": "Alexander Muir/Gladstone Junior And Senior Public School", "address": "108 Gladstone Ave", "full_address": "108 Gladstone Ave, Toronto, ON M6J 3L2", "major_intersection": null, "ward": 9, "ward_name": "DAVENPORT", "located_in_school": "Yes", "school_name": "ALEXANDER MUIR/GLADSTONE AVE JUNIOR AND SENIOR PUBLIC SCHOOL", "lat": 43.646021245999997, "lng": -79.428847257000001, "website": "https://www.tdsb.on.ca/EarlyYears/Pre-School-Years/EarlyON-Child-and-Family-Centres", "website_name": "Toronto District School Board Website", "website_description": " Website for Agency Toronto District School Board", "consultant_fullname": "Roxanne Martin", "consultant_phone": "416", "email": "Roxanne.Martin@toronto.ca", "contact_fullname": "Kim Fritz", "contact_title": null, "phone": "416-394-2104", "contact_email": "kim.fritz@tdsb.on.ca", "dropinHours": "Monday: 9:00 a.m. - 1:00 p.m.   | Tuesday: 9:00 a.m. - 1:00 p.m.   | Wednesday: 9:00 a.m. - 1:00 p.m.   | Thursday: 9:00 a.m. - 1:00 p.m.   | Friday: 9:00 a.m. - 1:00 p.m.  ", "registeredHours": null, "virtualHours": null, "centre_type": "Centre" }, "geometry": { "type": "MultiPoint", "coordinates": [ [ -79.428847257, 43.646021246 ] ] } },
{ "type": "Feature", "properties": { "_id": 16, "service_system_manager": "City of Toronto", "agency": "Alexandra Park Residents Association/community Centre", "loc_id": 6197, "program_name": "Alexandra Park EarlyON Child and Family Centre", "languages": "", "french_language_program": null, "indigenous_program": null, "programTypes": "", "serviceName": "", "buildingName": null, "address": "105 Grange Crt", "full_address": "105 Grange Crt, Toronto, ON M5T 2J6", "major_intersection": null, "ward": 10, "ward_name": "SPADINA-FORT YORK", "located_in_school": "No", "school_name": null, "lat": 43.651527545999997, "lng": -79.398879121999997, "website": "https://alexparkcc.org/program-categories/earlyon/", "website_name": "Alexandra Park Residents Association/community Centre Website", "website_description": " Website for Agency Alexandra Park Residents Association/community Centre", "consultant_fullname": "Roxanne Martin", "consultant_phone": "416", "email": "Roxanne.Martin@toronto.ca", "contact_fullname": "Paula Vieira", "contact_title": "PROGRAM COORDINATOR", "phone": "416-603-9603", "contact_email": "paula@alexparkcc.org", "dropinHours": "Monday: 9:30 a.m. - 2:30 p.m.  ; 9:30 a.m. - 6:00 p.m.   | Tuesday: 9:30 a.m. - 12:30 p.m.   | Wednesday: 9:30 a.m. - 2:30 p.m.   | Thursday: 9:30 a.m. - 12:30 p.m.   | Friday: 9:30 a.m. - 2:30 p.m.   | Saturday: 9:30 a.m. - 3:00 p.m.  ", "registeredHours": "Monday: 10:15 a.m. - 11:30 a.m.  ; 4:00 p.m. - 5:30 p.m.   | Wednesday: 10:15 a.m. - 11:30 a.m.   | Friday: 10:15 a.m. - 11:30 a.m.   | Saturday: 1:00 p.m. - 2:30 p.m.  ", "virtualHours": null, "centre_type": "Centre" }, "geometry": { "type": "MultiPoint", "coordinates": [ [ -79.398879122, 43.651527546 ] ] } },
{ "type": "Feature", "properties": { "_id": 17, "service_system_manager": "City of Toronto", "agency": "Macaulay Centres for Children", "loc_id": 14416, "program_name": "Amesbury Community Centre EarlyON", "languages": "", "french_language_program": null, "indigenous_program": null, "programTypes": "", "serviceName": null, "buildingName": "Amesbury Community Centre", "address": "1507 Lawrence Ave W", "full_address": "1507 Lawrence Ave W, North York, ON M6L 1A8", "major_intersection": "Keele St/lawrence Ave W", "ward": 5, "ward_name": "YORK SOUTH-WESTON", "located_in_school": "No", "school_name": null, "lat": 43.707166096000002, "lng": -79.482619313000001, "website": null, "website_name": "Macaulay Centres for Children Website", "website_description": " Website for Agency Macaulay Centres for Children", "consultant_fullname": "Maureen Mcdonald", "consultant_phone": "416-338-6528", "email": "mmcdona5@toronto.ca", "contact_fullname": "Julia Weglorz", "contact_title": "SUPERVISOR", "phone": "416-789-7441 X 407", "contact_email": "jweglorz@macaulaycentres.org", "dropinHours": null, "registeredHours": null, "virtualHours": null, "centre_type": "Centre" }, "geometry": { "type": "MultiPoint", "coordinates": [ [ -79.482619313, 43.707166096 ] ] } },
{ "type": "Feature", "properties": { "_id": 18, "service_system_manager": "City of Toronto", "agency": "Macaulay Centres for Children", "loc_id": 6351, "program_name": "Annette Public Library EarlyON Child and Family Centre", "languages": "", "french_language_program": null, "indigenous_program": null, "programTypes": "", "serviceName": "", "buildingName": "Annette Public Library", "address": "145 Annette St", "full_address": "145 Annette St, Toronto, ON M6P 1P3", "major_intersection": "Keele/annette", "ward": 4, "ward_name": "PARKDALE-HIGH PARK", "located_in_school": "No", "school_name": null, "lat": 43.663312550999997, "lng": -79.466444354800004, "website": "www.macaulaycentre.org", "website_name": "Macaulay Centres for Children Website", "website_description": " Website for Agency Macaulay Centres for Children", "consultant_fullname": "Maureen Mcdonald", "consultant_phone": "416-338-6528", "email": "mmcdona5@toronto.ca", "contact_fullname": "Julia Weglorz", "contact_title": "SUPERVISOR", "phone": "416-789-7441 X 407", "contact_email": "jweglorz@macaulaycentres.org", "dropinHours": "Monday: 10:00 a.m. - 1:00 p.m.   | Tuesday: 1:00 p.m. - 3:45 p.m.   | Thursday: 1:00 p.m. - 3:45 p.m.  ", "registeredHours": null, "virtualHours": null, "centre_type": "Centre" }, "geometry": { "type": "MultiPoint", "coordinates": [ [ -79.466444354800004, 43.663312551 ] ] } },
{ "type": "Feature", "properties": { "_id": 19, "service_system_manager": "City of Toronto", "agency": "Applegrove Community Complex", "loc_id": 6200, "program_name": "Applegrove Connection EarlyON Child and Family Centre", "languages": "", "french_language_program": null, "indigenous_program": null, "programTypes": "", "serviceName": "", "buildingName": "Glen Rhodes United Church", "address": "1470 Gerrard St E", "full_address": "1470 Gerrard St E, Toronto, ON M4L 2A3", "major_intersection": null, "ward": 14, "ward_name": "TORONTO-DANFORTH", "located_in_school": "No", "school_name": null, "lat": 43.672776552000002, "lng": -79.320744196000007, "website": "https://www.applegrovecc.ca/programs-services/families-early-years/", "website_name": "Applegrove Community Complex Website", "website_description": " Website for Agency Applegrove Community Complex", "consultant_fullname": "Roxanne Martin", "consultant_phone": "416", "email": "Roxanne.Martin@toronto.ca", "contact_fullname": "Josh Grainger", "contact_title": "PROGRAM DIRECTOR", "phone": "416-461-5046", "contact_email": "jgrainger@applegrovecc.ca", "dropinHours": "Wednesday: 9:30 a.m. - 1:00 p.m.   | Friday: 9:30 a.m. - 1:00 p.m.  ", "registeredHours": null, "virtualHours": null, "centre_type": "Centre" }, "geometry": { "type": "MultiPoint", "coordinates": [ [ -79.320744196, 43.672776552 ] ] } },
{ "type": "Feature", "properties": { "_id": 20, "service_system_manager": "City of Toronto", "agency": "Applegrove Community Complex", "loc_id": 6199, "program_name": "Applegrove EarlyON Child and Family Centre", "languages": "", "french_language_program": null, "indigenous_program": null, "programTypes": "", "serviceName": "", "buildingName": "Duke Of Connaught Junior And Senior Public School", "address": "60 Woodfield Rd", "full_address": "60 Woodfield Rd, Toronto, ON M4L 2W6", "major_intersection": null, "ward": 14, "ward_name": "TORONTO-DANFORTH", "located_in_school": "Yes", "school_name": "DUKE OF CONNAUGHT JUNIOR AND SENIOR PUBLIC SCHOOL", "lat": 43.666043607, "lng": -79.321912283000003, "website": "https://www.applegrovecc.ca/programs-services/families-early-years/", "website_name": "Applegrove Community Complex Website", "website_description": " Website for Agency Applegrove Community Complex", "consultant_fullname": "Roxanne Martin", "consultant_phone": "416", "email": "Roxanne.Martin@toronto.ca", "contact_fullname": "Josh Grainger", "contact_title": "PROGRAM DIRECTOR", "phone": "416-461-5046", "contact_email": "jgrainger@applegrovecc.ca", "dropinHours": "Monday: 9:00 a.m. - 2:00 p.m.   | Tuesday: 9:00 a.m. - 2:00 p.m.   | Wednesday: 9:00 a.m. - 2:00 p.m.   | Thursday: 9:00 a.m. - 2:00 p.m.  ", "registeredHours": null, "virtualHours": null, "centre_type": "Centre" }, "geometry": { "type": "MultiPoint", "coordinates": [ [ -79.321912283, 43.666043607 ] ] } },
{ "type": "Feature", "properties": { "_id": 21, "service_system_manager": "City of Toronto", "agency": "Macaulay Centres for Children", "loc_id": 14415, "program_name": "Barbara Frum Library EarlyON", "languages": "", "french_language_program": null, "indigenous_program": null, "programTypes": "", "serviceName": null, "buildingName": "Barbara Frum Library", "address": "20 Covington Rd", "full_address": "20 Covington Rd, North York, ON M6A 3C1", "major_intersection": "Bathurst St/covington Rd", "ward": 8, "ward_name": "EGLINTON-LAWRENCE", "located_in_school": "No", "school_name": null, "lat": 43.720732575, "lng": -79.432159033000005, "website": null, "website_name": "Macaulay Centres for Children Website", "website_description": " Website for Agency Macaulay Centres for Children", "consultant_fullname": "Maureen Mcdonald", "consultant_phone": "416-338-6528", "email": "mmcdona5@toronto.ca", "contact_fullname": "Julia Weglorz", "contact_title": "SUPERVISOR", "phone": "416-789-7441 X 407", "contact_email": "jweglorz@macaulaycentres.org", "dropinHours": null, "registeredHours": null, "virtualHours": null, "centre_type": "Centre" }, "geometry": { "type": "MultiPoint", "coordinates": [ [ -79.432159033, 43.720732575 ] ] } },
{ "type": "Feature", "properties": { "_id": 22, "service_system_manager": "City of Toronto", "agency": "SickKids Centre for Community Mental Health", "loc_id": 13423, "program_name": "Bathurst-Finch Hub EarlyON Child and Family Centre", "languages": "", "french_language_program": null, "indigenous_program": null, "programTypes": "", "serviceName": "", "buildingName": null, "address": "540 Finch Ave W", "full_address": "540 Finch Ave W, Toronto, ON M2R 1N7", "major_intersection": null, "ward": 6, "ward_name": "YORK CENTRE", "located_in_school": "No", "school_name": null, "lat": 43.774037919000001, "lng": -79.445135769000004, "website": "www.sickkidscmh.ca", "website_name": "SickKids Centre for Community Mental Health Website", "website_description": " Website for Agency SickKids Centre for Community Mental Health", "consultant_fullname": "Maureen Mcdonald", "consultant_phone": "416-338-6528", "email": "mmcdona5@toronto.ca", "contact_fullname": "Lisa  Ihnat ", "contact_title": " SENIOR CLINICAL MANAGER", "phone": "416-924-1164 X 3235", "contact_email": "lihnat@sickkidscmh.ca", "dropinHours": "Monday: 9:30 a.m. - 11:30 a.m.  ; 1:30 p.m. - 3:30 p.m.  ", "registeredHours": null, "virtualHours": null, "centre_type": "Centre" }, "geometry": { "type": "MultiPoint", "coordinates": [ [ -79.445135769, 43.774037919 ] ] } },
{ "type": "Feature", "properties": { "_id": 23, "service_system_manager": "City of Toronto", "agency": "Birchmount Bluffs Neighbourhood Centre", "loc_id": 6202, "program_name": "Birchmount Bluffs EarlyON Child and Family Centre", "languages": "", "french_language_program": null, "indigenous_program": null, "programTypes": "", "serviceName": "", "buildingName": "Birchmount Bluffs Neighbourhood Centre", "address": "93 Birchmount Rd", "full_address": "93 Birchmount Rd, Scarborough, ON M1N 3J7", "major_intersection": null, "ward": 20, "ward_name": "SCARBOROUGH SOUTHWEST", "located_in_school": "No", "school_name": null, "lat": 43.695419465999997, "lng": -79.26233166, "website": "www.bbnc.ca", "website_name": "Birchmount Bluffs Neighbourhood Centre Website", "website_description": " Website for Agency Birchmount Bluffs Neighbourhood Centre", "consultant_fullname": "Jene Gordon", "consultant_phone": "416-397-0998", "email": "Jene.Gordon@toronto.ca", "contact_fullname": "Erika Smith", "contact_title": "RECE", "phone": "416-396-4315", "contact_email": "erika@bbnc.ca", "dropinHours": "Monday: 9:00 a.m. - 3:00 p.m.  ; 5:00 p.m. - 7:00 p.m.   | Tuesday: 1:00 p.m. - 4:00 p.m.   | Wednesday: 9:00 a.m. - 3:00 p.m.   | Thursday: 1:30 p.m. - 3:30 p.m.  ; 4:00 p.m. - 7:00 p.m.   | Friday: 9:00 a.m. - noon   | Saturday: 10:00 a.m. - 1:00 p.m.  ", "registeredHours": "Tuesday: 9:30 a.m. - 10:30 a.m.  ; 10:30 a.m. - 11:30 a.m.   | Wednesday: 9:30 a.m. - 11:30 a.m.  ; 1:00 p.m. - 3:00 p.m.   | Thursday: 9:00 a.m. - 10:00 a.m.  ; 10:30 a.m. - 11:30 a.m.   | Friday: 1:00 p.m. - 3:00 p.m.  ", "virtualHours": null, "centre_type": "Centre" }, "geometry": { "type": "MultiPoint", "coordinates": [ [ -79.26233166, 43.695419466 ] ] } },
{ "type": "Feature", "properties": { "_id": 24, "service_system_manager": "City of Toronto", "agency": "Jane/finch Community and Family Centre", "loc_id": 14513, "program_name": "Black Creek Library", "languages": "", "french_language_program": null, "indigenous_program": null, "programTypes": "", "serviceName": null, "buildingName": "North York Sheridan Mall", "address": "1700 Wilson Ave", "full_address": "1700 Wilson Ave, North York, ON M3L 1B2", "major_intersection": "Jane St/wilson Ave", "ward": 7, "ward_name": "HUMBER RIVER-BLACK CREEK", "located_in_school": "No", "school_name": null, "lat": 43.720971298899997, "lng": -79.512531190499999, "website": "www.janefinchcentre.org", "website_name": "Jane/finch Community and Family Centre Website", "website_description": " Website for Agency Jane/finch Community and Family Centre", "consultant_fullname": "Jessica Abraham", "consultant_phone": "416-338-6746", "email": "Jessica.Abraham@toronto.ca", "contact_fullname": "Eunbi Gang", "contact_title": "MANAGER", "phone": "647-773-2733 X 210", "contact_email": "eunbg@janefinchcentre.org", "dropinHours": null, "registeredHours": null, "virtualHours": null, "centre_type": "Centre" }, "geometry": { "type": "MultiPoint", "coordinates": [ [ -79.512531190499999, 43.720971298899997 ] ] } },
{ "type": "Feature", "properties": { "_id": 25, "service_system_manager": "City of Toronto", "agency": "Braeburn Neighbourhood Place Incorporated", "loc_id": 12560, "program_name": "Braeburn EarlyON Child and Family Centre", "languages": "", "french_language_program": null, "indigenous_program": null, "programTypes": "", "serviceName": "", "buildingName": null, "address": "75 Tandridge Cres", "full_address": "75 Tandridge Cres, Etobicoke, ON M9W 2N9", "major_intersection": null, "ward": 1, "ward_name": "ETOBICOKE NORTH", "located_in_school": "No", "school_name": null, "lat": 43.728881269, "lng": -79.546722095999996, "website": "https://www.braeburn.net/braeburn-earlyon-program-calendar.html", "website_name": "Braeburn Neighbourhood Place Incorporated Website", "website_description": " Website for Agency Braeburn Neighbourhood Place Incorporated", "consultant_fullname": "Jessica Abraham", "consultant_phone": "416-338-6746", "email": "Jessica.Abraham@toronto.ca", "contact_fullname": "Leslie Westcott", "contact_title": "EARLYON MANAGER", "phone": "416-745-3113", "contact_email": "lwestcott@braeburn.net", "dropinHours": "Monday: 12:30 p.m. - 4:15 p.m.   | Tuesday: 12:30 p.m. - 4:15 p.m.   | Wednesday: 12:30 p.m. - 4:15 p.m.   | Thursday: 12:30 p.m. - 4:15 p.m.   | Friday: 12:30 p.m. - 4:15 p.m.   | Saturday: 12:30 p.m. - 3:00 p.m.  ", "registeredHours": null, "virtualHours": null, "centre_type": "Centre" }, "geometry": { "type": "MultiPoint", "coordinates": [ [ -79.546722096, 43.728881269 ] ] } },
{ "type": "Feature", "properties": { "_id": 26, "service_system_manager": "City of Toronto", "agency": "Braeburn Neighbourhood Place Incorporated", "loc_id": 12534, "program_name": "Braeburn Tandridge EarlyON Child and Family Centre", "languages": "", "french_language_program": null, "indigenous_program": null, "programTypes": "", "serviceName": "", "buildingName": "Braeburn Jr & Sr School", "address": "15 Tandridge Cres", "full_address": "15 Tandridge Cres, Etobicoke, ON M9W 2N8", "major_intersection": null, "ward": 1, "ward_name": "ETOBICOKE NORTH", "located_in_school": "Yes", "school_name": "BRAEBURN JUNIOR SCHOOL", "lat": 43.728029827, "lng": -79.548863811000004, "website": "www.braeburn.net", "website_name": "Braeburn Neighbourhood Place Incorporated Website", "website_description": " Website for Agency Braeburn Neighbourhood Place Incorporated", "consultant_fullname": "Jessica Abraham", "consultant_phone": "416-338-6746", "email": "Jessica.Abraham@toronto.ca", "contact_fullname": "Leslie Westcott", "contact_title": "EARLYON MANAGER", "phone": "416-745-3113", "contact_email": "lwestcott@braeburn.net", "dropinHours": "Monday: 8:45 a.m. - 12:30 p.m.   | Tuesday: 8:45 a.m. - 12:30 p.m.   | Wednesday: 8:45 a.m. - 12:30 p.m.   | Thursday: 8:45 a.m. - 12:30 p.m.   | Friday: 8:45 a.m. - 12:30 p.m.  ", "registeredHours": null, "virtualHours": null, "centre_type": "Centre" }, "geometry": { "type": "MultiPoint", "coordinates": [ [ -79.548863811, 43.728029827 ] ] } },
{ "type": "Feature", "properties": { "_id": 27, "service_system_manager": "City of Toronto", "agency": "West Scarborough Neighbourhood Community Centre", "loc_id": 14263, "program_name": "Bridlewood EarlyON Centre", "languages": "", "french_language_program": null, "indigenous_program": null, "programTypes": "", "serviceName": "", "buildingName": null, "address": "3410 Sheppard Ave E", "full_address": "3410 Sheppard Ave E, Scarborough, ON M1T 3K4", "major_intersection": null, "ward": 22, "ward_name": "SCARBOROUGH-AGINCOURT", "located_in_school": "No", "school_name": null, "lat": 43.779298032, "lng": -79.307016964, "website": null, "website_name": "West Scarborough Neighbourhood Community Centre Website", "website_description": " Website for Agency West Scarborough Neighbourhood Community Centre", "consultant_fullname": "Jene Gordon", "consultant_phone": "416-397-0998", "email": "Jene.Gordon@toronto.ca", "contact_fullname": "Barb Staley", "contact_title": "SITE SUPERVISOR", "phone": "416-491-1466", "contact_email": "bridlewood@wsncc.org", "dropinHours": "Monday: 9:00 a.m. - noon  ; 1:00 p.m. - 3:30 p.m.   | Tuesday: 9:00 a.m. - noon  ; 1:00 p.m. - 3:30 p.m.  ; 4:30 p.m. - 7:00 p.m.   | Wednesday: 9:00 a.m. - noon  ; 1:00 p.m. - 3:30 p.m.  ; 4:30 p.m. - 7:00 p.m.   | Thursday: 9:00 a.m. - noon  ; 4:30 p.m. - 7:00 p.m.   | Friday: 9:00 a.m. - noon  ; 1:00 p.m. - 3:30 p.m.   | Saturday: 9:30 a.m. - 12:30 p.m.  ", "registeredHours": "Monday: 9:00 a.m. - 10:30 a.m.   | Tuesday: 9:00 a.m. - 10:00 a.m.  ; 1:00 p.m. - 2:30 p.m.   | Wednesday: 9:30 a.m. - 11:30 a.m.   | Thursday: 1:00 p.m. - 3:30 p.m.  ", "virtualHours": null, "centre_type": "Centre" }, "geometry": { "type": "MultiPoint", "coordinates": [ [ -79.307016964, 43.779298032 ] ] } },
{ "type": "Feature", "properties": { "_id": 28, "service_system_manager": "City of Toronto", "agency": "Toronto District School Board", "loc_id": 12629, "program_name": "Bruce EarlyON Child and Family Centre", "languages": "", "french_language_program": null, "indigenous_program": null, "programTypes": "", "serviceName": "", "buildingName": "Bruce Public School", "address": "51 Larchmount Ave", "full_address": "51 Larchmount Ave, Toronto, ON M4M 2Y6", "major_intersection": null, "ward": 14, "ward_name": "TORONTO-DANFORTH", "located_in_school": "Yes", "school_name": "BRUCE JUNIOR PUBLIC SCHOOL", "lat": 43.661035814000002, "lng": -79.33333606, "website": "https://www.tdsb.on.ca/Find-your/Schools/School-PFLC/schno/5303s", "website_name": "Toronto District School Board Website", "website_description": " Website for Agency Toronto District School Board", "consultant_fullname": "Roxanne Martin", "consultant_phone": "416", "email": "Roxanne.Martin@toronto.ca", "contact_fullname": "Kim Fritz", "contact_title": null, "phone": "416-394-2104", "contact_email": "kim.fritz@tdsb.on.ca", "dropinHours": "Monday: 9:00 a.m. - 1:00 p.m.   | Tuesday: 9:00 a.m. - 1:00 p.m.   | Wednesday: 9:00 a.m. - 1:00 p.m.   | Thursday: 9:00 a.m. - 1:00 p.m.   | Friday: 9:00 a.m. - 1:00 p.m.  ", "registeredHours": null, "virtualHours": null, "centre_type": "Centre" }, "geometry": { "type": "MultiPoint", "coordinates": [ [ -79.33333606, 43.661035814 ] ] } },
{ "type": "Feature", "properties": { "_id": 29, "service_system_manager": "City of Toronto", "agency": "Malvern Family Resource Centre", "loc_id": 13808, "program_name": "Burrows Hall Library EarlyON Child and Family Centre", "languages": "", "french_language_program": null, "indigenous_program": null, "programTypes": "", "serviceName": "", "buildingName": null, "address": "1081 Progress Ave", "full_address": "1081 Progress Ave, Scarborough, ON M1B 5Z6", "major_intersection": null, "ward": 23, "ward_name": "SCARBOROUGH NORTH", "located_in_school": "No", "school_name": null, "lat": 43.794047386000003, "lng": -79.234367019000004, "website": "www.mfrc.org", "website_name": "Malvern Family Resource Centre Website", "website_description": " Website for Agency Malvern Family Resource Centre", "consultant_fullname": "Jene Gordon", "consultant_phone": "416-397-0998", "email": "Jene.Gordon@toronto.ca", "contact_fullname": "Anusha Narendran", "contact_title": "MANAGER", "phone": "416-284-4184 X 206", "contact_email": "anusha@mfrc.org", "dropinHours": "Tuesday: 1:30 p.m. - 3:00 p.m.  ", "registeredHours": null, "virtualHours": null, "centre_type": "Centre" }, "geometry": { "type": "MultiPoint", "coordinates": [ [ -79.234367019, 43.794047386 ] ] } },
{ "type": "Feature", "properties": { "_id": 30, "service_system_manager": "City of Toronto", "agency": "Toronto District School Board", "loc_id": 12628, "program_name": "Carlton Village EarlyON Child and Family Centre", "languages": "", "french_language_program": null, "indigenous_program": null, "programTypes": "", "serviceName": "", "buildingName": "Carleton Village Junior And Senior Sports & Wellness Academy", "address": "315 Osler St", "full_address": "315 Osler St, Toronto, ON M6N 2Z4", "major_intersection": null, "ward": 9, "ward_name": "DAVENPORT", "located_in_school": "Yes", "school_name": "CARLETON VILLAGE JUNIOR AND SENIOR PUBLIC SCHOOL", "lat": 43.672352804, "lng": -79.460028797999996, "website": "www.tdsb.on.ca/earlyyears/preschoolyears", "website_name": "Toronto District School Board Website", "website_description": " Website for Agency Toronto District School Board", "consultant_fullname": "Roxanne Martin", "consultant_phone": "416", "email": "Roxanne.Martin@toronto.ca", "contact_fullname": "Kim Fritz", "contact_title": null, "phone": "416-394-2104", "contact_email": "kim.fritz@tdsb.on.ca", "dropinHours": "Monday: 9:15 a.m. - 2:15 p.m.   | Tuesday: 9:15 a.m. - 2:15 p.m.   | Wednesday: 9:15 a.m. - 2:15 p.m.   | Thursday: 9:15 a.m. - 2:15 p.m.  ", "registeredHours": null, "virtualHours": null, "centre_type": "Centre" }, "geometry": { "type": "MultiPoint", "coordinates": [ [ -79.460028798, 43.672352804 ] ] } },
{ "type": "Feature", "properties": { "_id": 31, "service_system_manager": "City of Toronto", "agency": "Jane/finch Community and Family Centre", "loc_id": 14511, "program_name": "Carmine Stefano Community Centre", "languages": "", "french_language_program": null, "indigenous_program": null, "programTypes": "", "serviceName": null, "buildingName": "Carmine Stefano Community Centre", "address": "3100 Weston Rd", "full_address": "3100 Weston Rd, North York, ON M9M 2S7", "major_intersection": "Weston Rd/sheppard Ave W", "ward": 7, "ward_name": "HUMBER RIVER-BLACK CREEK", "located_in_school": "No", "school_name": null, "lat": 43.733696903000002, "lng": -79.539619666999997, "website": "www.janefinchcentre.org", "website_name": "Jane/finch Community and Family Centre Website", "website_description": " Website for Agency Jane/finch Community and Family Centre", "consultant_fullname": "Jessica Abraham", "consultant_phone": "416-338-6746", "email": "Jessica.Abraham@toronto.ca", "contact_fullname": "Eunbi Gang", "contact_title": "MANAGER", "phone": "647-773-2733 X 210", "contact_email": "eunbg@janefinchcentre.org", "dropinHours": null, "registeredHours": null, "virtualHours": null, "centre_type": "Centre" }, "geometry": { "type": "MultiPoint", "coordinates": [ [ -79.539619667, 43.733696903 ] ] } },
{ "type": "Feature", "properties": { "_id": 32, "service_system_manager": "City of Toronto", "agency": "Child Development Institute", "loc_id": 12557, "program_name": "CDI EarlyON Child and Family Centre", "languages": "", "french_language_program": null, "indigenous_program": null, "programTypes": "", "serviceName": "", "buildingName": null, "address": "2918 Dundas St W", "full_address": "2918 Dundas St W, Toronto, ON M6P 1Y8", "major_intersection": null, "ward": 4, "ward_name": "PARKDALE-HIGH PARK", "located_in_school": "No", "school_name": null, "lat": 43.665749947999998, "lng": -79.466846712000006, "website": "www.childdevelop.ca", "website_name": "Child Development Institute Website", "website_description": " Website for Agency Child Development Institute", "consultant_fullname": "Jessica Abraham", "consultant_phone": "416-338-6746", "email": "Jessica.Abraham@toronto.ca", "contact_fullname": "Coralie Braithwaite", "contact_title": "OTHER", "phone": "416-762-3700", "contact_email": "cbraithwaite@childdevelop.ca", "dropinHours": "Monday: 9:00 a.m. - 11:30 a.m.   | Tuesday: 9:00 a.m. - 11:30 a.m.   | Wednesday: 1:30 p.m. - 6:00 p.m.   | Thursday: 9:00 a.m. - 11:30 a.m.  ; 1:30 p.m. - 4:00 p.m.   | Friday: 9:00 a.m. - 11:30 a.m.  ", "registeredHours": "Monday: 1:30 p.m. - 4:00 p.m.   | Friday: 1:30 p.m. - 4:00 p.m.  ", "virtualHours": null, "centre_type": "Centre" }, "geometry": { "type": "MultiPoint", "coordinates": [ [ -79.466846712, 43.665749948 ] ] } },
{ "type": "Feature", "properties": { "_id": 33, "service_system_manager": "City of Toronto", "agency": "College-montrose Children's Place", "loc_id": 13675, "program_name": "Cecil Community Centre EarlyON Child and Family Centre", "languages": "", "french_language_program": null, "indigenous_program": null, "programTypes": "", "serviceName": "", "buildingName": "Cecil Community Centre", "address": "58 Cecil St", "full_address": "58 Cecil St, Toronto, ON M5T 1N6", "major_intersection": null, "ward": 11, "ward_name": "UNIVERSITY-ROSEDALE", "located_in_school": "No", "school_name": null, "lat": 43.656459051, "lng": -79.398591198999995, "website": "www.cecilcentre.ca", "website_name": "College-montrose Children's Place Website", "website_description": " Website for Agency College-montrose Children's Place", "consultant_fullname": "Roxanne Martin", "consultant_phone": "416", "email": "Roxanne.Martin@toronto.ca", "contact_fullname": "Corina John", "contact_title": "EXECUTIVE DIRECTOR", "phone": "416-532-9485 X 232", "contact_email": "cjohn@cmcp.ca", "dropinHours": "Tuesday: 10:00 a.m. - 1:00 p.m.   | Thursday: 10:00 a.m. - 1:00 p.m.   | Saturday: 10:00 a.m. - 1:00 p.m.  ", "registeredHours": null, "virtualHours": null, "centre_type": "Centre" }, "geometry": { "type": "MultiPoint", "coordinates": [ [ -79.398591199, 43.656459051 ] ] } },
{ "type": "Feature", "properties": { "_id": 34, "service_system_manager": "City of Toronto", "agency": "Toronto District School Board", "loc_id": 12417, "program_name": "Cedar Drive EarlyON Child and Family Centre", "languages": "", "french_language_program": null, "indigenous_program": null, "programTypes": "", "serviceName": "", "buildingName": "Cedar Drive Junior Public School", "address": "21 Gatesview Ave", "full_address": "21 Gatesview Ave, Scarborough, ON M1J 3G4", "major_intersection": null, "ward": 24, "ward_name": "SCARBOROUGH-GUILDWOOD", "located_in_school": "Yes", "school_name": "CEDAR DRIVE JUNIOR PUBLIC SCHOOL", "lat": 43.745861417, "lng": -79.215054131100004, "website": "www.tdsb.on.ca/earlyyears/preschoolyears", "website_name": "Toronto District School Board Website", "website_description": " Website for Agency Toronto District School Board", "consultant_fullname": "Roxanne Martin", "consultant_phone": "416", "email": "Roxanne.Martin@toronto.ca", "contact_fullname": "Kim Fritz", "contact_title": null, "phone": "416-394-2104", "contact_email": "kim.fritz@tdsb.on.ca", "dropinHours": "Monday: 8:45 a.m. - 1:45 p.m.   | Tuesday: 8:45 a.m. - 1:45 p.m.   | Wednesday: 8:45 a.m. - 1:45 p.m.   | Thursday: 8:45 a.m. - 1:45 p.m.  ", "registeredHours": null, "virtualHours": null, "centre_type": "Centre" }, "geometry": { "type": "MultiPoint", "coordinates": [ [ -79.215054131100004, 43.745861417 ] ] } },
{ "type": "Feature", "properties": { "_id": 35, "service_system_manager": "City of Toronto", "agency": "Centre Francophone Du Grand Toronto", "loc_id": 13797, "program_name": "Centre On Y Va Academie Alexandre-Dumas", "languages": "French", "french_language_program": "Yes", "indigenous_program": null, "programTypes": "Francophone Program", "serviceName": "", "buildingName": "Academie Alexandre-Dumas", "address": "255 Coronation Dr", "full_address": "255 Coronation Dr, Scarborough, ON M1E 2J3", "major_intersection": null, "ward": 25, "ward_name": "SCARBOROUGH-ROUGE PARK", "located_in_school": "Yes", "school_name": "ACADÉMIE ALEXANDRE-DUMAS", "lat": 43.762418809000003, "lng": -79.179765211000003, "website": null, "website_name": "Centre Francophone Du Grand Toronto Website", "website_description": " Website for Agency Centre Francophone Du Grand Toronto", "consultant_fullname": "Jene Gordon", "consultant_phone": "416-397-0998", "email": "Jene.Gordon@toronto.ca", "contact_fullname": "Marie Nyamabu", "contact_title": "SNR", "phone": "416-922-2672 X 230", "contact_email": "marie@centrefranco.org", "dropinHours": "Monday: 9:00 a.m. - 1:00 p.m.   | Tuesday: 9:00 a.m. - 1:00 p.m.   | Wednesday: 9:00 a.m. - 1:00 p.m.  ; 4:00 p.m. - 6:00 p.m.   | Thursday: 9:00 a.m. - 1:00 p.m.   | Friday: 9:00 a.m. - 1:00 p.m.   | Saturday: 9:00 a.m. - 1:00 p.m.  ", "registeredHours": null, "virtualHours": null, "centre_type": "Centre" }, "geometry": { "type": "MultiPoint", "coordinates": [ [ -79.179765211, 43.762418809 ] ] } },
{ "type": "Feature", "properties": { "_id": 36, "service_system_manager": "City of Toronto", "agency": "Centre Francophone Du Grand Toronto", "loc_id": 13664, "program_name": "Centre On Y Va Du Centre Francophone Du Grand Toronto", "languages": "French", "french_language_program": "Yes", "indigenous_program": null, "programTypes": "Francophone Program", "serviceName": "", "buildingName": null, "address": "20 Lower Spadina Ave", "full_address": "20 Lower Spadina Ave, Toronto, ON M5V 2Z1", "major_intersection": null, "ward": 10, "ward_name": "SPADINA-FORT YORK", "located_in_school": "No", "school_name": null, "lat": 43.638107675999997, "lng": -79.392517104999996, "website": null, "website_name": "Centre Francophone Du Grand Toronto Website", "website_description": " Website for Agency Centre Francophone Du Grand Toronto", "consultant_fullname": "Jene Gordon", "consultant_phone": "416-397-0998", "email": "Jene.Gordon@toronto.ca", "contact_fullname": "Marie Nyamabu", "contact_title": "SNR", "phone": "416-922-2672 X 230", "contact_email": "marie@centrefranco.org", "dropinHours": "Monday: 9:00 a.m. - noon  ; 1:00 p.m. - 4:00 p.m.   | Tuesday: 9:00 a.m. - noon  ; 1:00 p.m. - 4:00 p.m.   | Wednesday: 9:00 a.m. - noon  ; 1:00 p.m. - 4:00 p.m.   | Thursday: 9:00 a.m. - noon  ; 1:00 p.m. - 4:00 p.m.   | Friday: 9:00 a.m. - noon  ; 1:00 p.m. - 4:00 p.m.  ", "registeredHours": null, "virtualHours": null, "centre_type": "Centre" }, "geometry": { "type": "MultiPoint", "coordinates": [ [ -79.392517105, 43.638107676 ] ] } },
{ "type": "Feature", "properties": { "_id": 37, "service_system_manager": "City of Toronto", "agency": "Centre Francophone Du Grand Toronto", "loc_id": 14555, "program_name": "Centre On Y Va Ecole Elementaire Gabrielle-Roy", "languages": "", "french_language_program": null, "indigenous_program": null, "programTypes": "", "serviceName": null, "buildingName": "Ecole Elementaire Gabrielle-Roy", "address": "14 Pembroke St", "full_address": "14 Pembroke St, Toronto, ON M5A 2N7", "major_intersection": "Jarvis St/shuter St", "ward": 13, "ward_name": "TORONTO CENTRE", "located_in_school": "Yes", "school_name": "ÉCOLE ÉLÉMENTAIRE GABRIELLE-ROY", "lat": 43.656582835999998, "lng": -79.372319597000001, "website": null, "website_name": "Centre Francophone Du Grand Toronto Website", "website_description": " Website for Agency Centre Francophone Du Grand Toronto", "consultant_fullname": "Jene Gordon", "consultant_phone": "416-397-0998", "email": "Jene.Gordon@toronto.ca", "contact_fullname": "Marie Nyamabu", "contact_title": "SNR", "phone": "416-922-2672 X 230", "contact_email": "marie@centrefranco.org", "dropinHours": null, "registeredHours": null, "virtualHours": null, "centre_type": "Centre" }, "geometry": { "type": "MultiPoint", "coordinates": [ [ -79.372319597, 43.656582836 ] ] } },
{ "type": "Feature", "properties": { "_id": 38, "service_system_manager": "City of Toronto", "agency": "Toronto District School Board", "loc_id": 12627, "program_name": "Chalkfarm EarlyON Child and Family Centre", "languages": "", "french_language_program": null, "indigenous_program": null, "programTypes": "", "serviceName": "", "buildingName": "Chalkfarm Public School", "address": "100 Chalkfarm Dr", "full_address": "100 Chalkfarm Dr, North York, ON M3L 1L4", "major_intersection": null, "ward": 7, "ward_name": "HUMBER RIVER-BLACK CREEK", "located_in_school": "Yes", "school_name": "CHALKFARM PUBLIC SCHOOL", "lat": 43.727115017400003, "lng": -79.514396026499995, "website": "www.tdsb.on.ca/earlyyears/preschoolyears", "website_name": "Toronto District School Board Website", "website_description": " Website for Agency Toronto District School Board", "consultant_fullname": "Roxanne Martin", "consultant_phone": "416", "email": "Roxanne.Martin@toronto.ca", "contact_fullname": "Kim Fritz", "contact_title": null, "phone": "416-394-2104", "contact_email": "kim.fritz@tdsb.on.ca", "dropinHours": "Monday: 10:00 a.m. - 2:00 p.m.   | Tuesday: 10:00 a.m. - 2:00 p.m.   | Wednesday: 10:00 a.m. - 2:00 p.m.   | Thursday: 10:00 a.m. - 2:00 p.m.   | Friday: 10:00 a.m. - 2:00 p.m.  ", "registeredHours": null, "virtualHours": null, "centre_type": "Centre" }, "geometry": { "type": "MultiPoint", "coordinates": [ [ -79.514396026499995, 43.727115017400003 ] ] } },
{ "type": "Feature", "properties": { "_id": 39, "service_system_manager": "City of Toronto", "agency": "Toronto District School Board", "loc_id": 12457, "program_name": "Charles E. Webster EarlyON Child and Family Centre", "languages": "", "french_language_program": null, "indigenous_program": null, "programTypes": "", "serviceName": "", "buildingName": "C.E Webster Junior Public School", "address": "1900 Keele St", "full_address": "1900 Keele St, York, ON M6M 3X7", "major_intersection": null, "ward": 5, "ward_name": "YORK SOUTH-WESTON", "located_in_school": "Yes", "school_name": "CHARLES E WEBSTER JUNIOR PUBLIC SCHOOL", "lat": 43.69343444, "lng": -79.475099514999997, "website": "www.tdsb.on.ca/earlyyears/preschoolyears", "website_name": "Toronto District School Board Website", "website_description": " Website for Agency Toronto District School Board", "consultant_fullname": "Roxanne Martin", "consultant_phone": "416", "email": "Roxanne.Martin@toronto.ca", "contact_fullname": "Kim Fritz", "contact_title": null, "phone": "416-394-2104", "contact_email": "kim.fritz@tdsb.on.ca", "dropinHours": "Monday: 9:00 a.m. - 1:00 p.m.   | Tuesday: 9:00 a.m. - 1:00 p.m.   | Wednesday: 9:00 a.m. - 1:00 p.m.   | Thursday: 9:00 a.m. - 1:00 p.m.   | Friday: 9:00 a.m. - 1:00 p.m.  ", "registeredHours": null, "virtualHours": null, "centre_type": "Centre" }, "geometry": { "type": "MultiPoint", "coordinates": [ [ -79.475099515, 43.69343444 ] ] } },
{ "type": "Feature", "properties": { "_id": 40, "service_system_manager": "City of Toronto", "agency": "Toronto District School Board", "loc_id": 12626, "program_name": "Charles G Fraser EarlyON Child and Family Centre", "languages": "", "french_language_program": null, "indigenous_program": null, "programTypes": "", "serviceName": "", "buildingName": "Charles G Fraser Junior Public School", "address": "79 Manning Ave", "full_address": "79 Manning Ave, Toronto, ON M6J 2K6", "major_intersection": null, "ward": 10, "ward_name": "SPADINA-FORT YORK", "located_in_school": "Yes", "school_name": "CHARLES G FRASER JUNIOR PUBLIC SCHOOL", "lat": 43.648530084999997, "lng": -79.409483625999997, "website": "www.tdsb.on.ca", "website_name": "Toronto District School Board Website", "website_description": " Website for Agency Toronto District School Board", "consultant_fullname": "Roxanne Martin", "consultant_phone": "416", "email": "Roxanne.Martin@toronto.ca", "contact_fullname": "Kim Fritz", "contact_title": null, "phone": "416-394-2104", "contact_email": "kim.fritz@tdsb.on.ca", "dropinHours": "Monday: 8:45 a.m. - 1:45 p.m.   | Tuesday: 8:45 a.m. - 1:45 p.m.   | Wednesday: 8:45 a.m. - 1:45 p.m.   | Thursday: 8:45 a.m. - 1:45 p.m.  ", "registeredHours": null, "virtualHours": null, "centre_type": "Centre" }, "geometry": { "type": "MultiPoint", "coordinates": [ [ -79.409483626, 43.648530085 ] ] } },
{ "type": "Feature", "properties": { "_id": 41, "service_system_manager": "City of Toronto", "agency": "Toronto District School Board", "loc_id": 12625, "program_name": "Chester Le EarlyON Child and Family Centre", "languages": "", "french_language_program": null, "indigenous_program": null, "programTypes": "", "serviceName": "", "buildingName": "Chester Le Junior Public School", "address": "201 Chester Le Blvd", "full_address": "201 Chester Le Blvd, Scarborough, ON M1W 2K7", "major_intersection": null, "ward": 22, "ward_name": "SCARBOROUGH-AGINCOURT", "located_in_school": "Yes", "school_name": "CHESTER LE JUNIOR PUBLIC SCHOOL", "lat": 43.798587703000003, "lng": -79.331095333999997, "website": "www.tdsb.on.ca/earlyyears/preschoolyears", "website_name": "Toronto District School Board Website", "website_description": " Website for Agency Toronto District School Board", "consultant_fullname": "Roxanne Martin", "consultant_phone": "416", "email": "Roxanne.Martin@toronto.ca", "contact_fullname": "Kim Fritz", "contact_title": null, "phone": "416-394-2104", "contact_email": "kim.fritz@tdsb.on.ca", "dropinHours": "Monday: 8:30 a.m. - 1:30 p.m.   | Tuesday: 8:30 a.m. - 1:30 p.m.   | Wednesday: 8:30 a.m. - 1:30 p.m.   | Thursday: 8:30 a.m. - 1:30 p.m.  ", "registeredHours": null, "virtualHours": null, "centre_type": "Centre" }, "geometry": { "type": "MultiPoint", "coordinates": [ [ -79.331095334, 43.798587703 ] ] } },
{ "type": "Feature", "properties": { "_id": 42, "service_system_manager": "City of Toronto", "agency": "Toronto District School Board", "loc_id": 12624, "program_name": "Church Street EarlyON Child and Family Centre", "languages": "", "french_language_program": null, "indigenous_program": null, "programTypes": "", "serviceName": "", "buildingName": "Church Street Junior Public School", "address": "83 Alexander St", "full_address": "83 Alexander St, Toronto, ON M4Y 1B7", "major_intersection": null, "ward": 13, "ward_name": "TORONTO CENTRE", "located_in_school": "Yes", "school_name": "CHURCH STREET JUNIOR PUBLIC SCHOOL", "lat": 43.663608426000003, "lng": -79.37917817, "website": "www.tdsb.on.ca/earlyyears/preschoolyears", "website_name": "Toronto District School Board Website", "website_description": " Website for Agency Toronto District School Board", "consultant_fullname": "Roxanne Martin", "consultant_phone": "416", "email": "Roxanne.Martin@toronto.ca", "contact_fullname": "Kim Fritz", "contact_title": null, "phone": "416-394-2104", "contact_email": "kim.fritz@tdsb.on.ca", "dropinHours": "Monday: 8:45 a.m. - 12:45 p.m.   | Tuesday: 8:45 a.m. - 12:45 p.m.   | Wednesday: 8:45 a.m. - 12:45 p.m.   | Thursday: 8:45 a.m. - 12:45 p.m.   | Friday: 8:45 a.m. - 12:45 p.m.  ", "registeredHours": null, "virtualHours": null, "centre_type": "Centre" }, "geometry": { "type": "MultiPoint", "coordinates": [ [ -79.37917817, 43.663608426 ] ] } },
{ "type": "Feature", "properties": { "_id": 43, "service_system_manager": "City of Toronto", "agency": "West Scarborough Neighbourhood Community Centre", "loc_id": 13661, "program_name": "Cics EarlyON Child and Family Centre", "languages": "", "french_language_program": null, "indigenous_program": null, "programTypes": "", "serviceName": "", "buildingName": null, "address": "2330 Midland Ave", "full_address": "2330 Midland Ave, Scarborough, ON M1S 5G5", "major_intersection": null, "ward": 22, "ward_name": "SCARBOROUGH-AGINCOURT", "located_in_school": "No", "school_name": null, "lat": 43.778380032000001, "lng": -79.276010193000005, "website": "www.cicscanada.com", "website_name": "West Scarborough Neighbourhood Community Centre Website", "website_description": " Website for Agency West Scarborough Neighbourhood Community Centre", "consultant_fullname": "Jene Gordon", "consultant_phone": "416-397-0998", "email": "Jene.Gordon@toronto.ca", "contact_fullname": "Miranda Fung", "contact_title": "EARLY YEARS MANAGER", "phone": "416-292-7510", "contact_email": "miranda.fung@cicscanada.com", "dropinHours": "Monday: 9:30 a.m. - 11:30 a.m.  ; 1:30 p.m. - 3:30 p.m.   | Tuesday: 9:30 a.m. - noon   | Wednesday: 9:30 a.m. - 11:30 a.m.  ; 1:30 p.m. - 4:00 p.m.   | Thursday: 10:00 a.m. - noon   | Saturday: 9:30 a.m. - 11:00 a.m.  ; 11:00 a.m. - 12:30 p.m.  ", "registeredHours": "Tuesday: 1:15 p.m. - 3:30 p.m.   | Thursday: 1:30 p.m. - 3:30 p.m.   | Friday: 10:00 a.m. - 11:30 a.m.  ", "virtualHours": null, "centre_type": "Centre" }, "geometry": { "type": "MultiPoint", "coordinates": [ [ -79.276010193, 43.778380032 ] ] } },
{ "type": "Feature", "properties": { "_id": 44, "service_system_manager": "City of Toronto", "agency": "College-montrose Children's Place", "loc_id": 12548, "program_name": "College Montrose Children's Place EarlyON Child and Family Centre", "languages": "", "french_language_program": null, "indigenous_program": null, "programTypes": "", "serviceName": "", "buildingName": "Artscape Youngplace", "address": "180 Shaw St", "full_address": "180 Shaw St, Toronto, ON M6J 2W5", "major_intersection": null, "ward": 10, "ward_name": "SPADINA-FORT YORK", "located_in_school": "No", "school_name": null, "lat": 43.646893284000001, "lng": -79.417471673999998, "website": "https://www.cmcp.ca/program-calendar/", "website_name": "College-montrose Children's Place Website", "website_description": " Website for Agency College-montrose Children's Place", "consultant_fullname": "Roxanne Martin", "consultant_phone": "416", "email": "Roxanne.Martin@toronto.ca", "contact_fullname": "Corina John", "contact_title": "EXECUTIVE DIRECTOR", "phone": "416-532-9485 X 232", "contact_email": "cjohn@cmcp.ca", "dropinHours": "Tuesday: 9:00 a.m. - 3:00 p.m.   | Wednesday: 9:00 a.m. - 3:00 p.m.  ; noon - 6:00 p.m.   | Thursday: 9:00 a.m. - 3:00 p.m.   | Friday: 9:00 a.m. - 1:00 p.m.   | Saturday: 10:00 a.m. - 1:00 p.m.  ", "registeredHours": null, "virtualHours": null, "centre_type": "Centre" }, "geometry": { "type": "MultiPoint", "coordinates": [ [ -79.417471674, 43.646893284 ] ] } },
{ "type": "Feature", "properties": { "_id": 45, "service_system_manager": "City of Toronto", "agency": "East Scarborough Boys and Girls Club", "loc_id": 6894, "program_name": "Corvette EarlyON Child and Family Centre", "languages": "", "french_language_program": null, "indigenous_program": null, "programTypes": "", "serviceName": "", "buildingName": "Corvette Junior Public School", "address": "30 Corvette Ave", "full_address": "30 Corvette Ave, Scarborough, ON M1K 3G2", "major_intersection": "Kennedy / Eglinton", "ward": 20, "ward_name": "SCARBOROUGH SOUTHWEST", "located_in_school": "Yes", "school_name": "CORVETTE JUNIOR PUBLIC SCHOOL", "lat": 43.72649371, "lng": -79.262162923999995, "website": null, "website_name": "East Scarborough Boys and Girls Club Website", "website_description": " Website for Agency East Scarborough Boys and Girls Club", "consultant_fullname": "Jene Gordon", "consultant_phone": "416-397-0998", "email": "Jene.Gordon@toronto.ca", "contact_fullname": "Robin Lister", "contact_title": "SNR", "phone": "416-281-0262 X 203", "contact_email": "rlister@esbgc.ca", "dropinHours": "Monday: 9:00 a.m. - 11:30 a.m.  ; 1:00 p.m. - 3:00 p.m.   | Tuesday: 9:00 a.m. - 11:30 a.m.  ; 1:00 p.m. - 3:00 p.m.   | Wednesday: 9:00 a.m. - 11:30 a.m.   | Thursday: 9:00 a.m. - 11:30 a.m.  ; 1:00 p.m. - 3:00 p.m.   | Friday: 10:00 a.m. - 11:30 a.m.  ", "registeredHours": "Wednesday: 1:30 p.m. - 3:00 p.m.  ", "virtualHours": null, "centre_type": "Centre" }, "geometry": { "type": "MultiPoint", "coordinates": [ [ -79.262162924, 43.72649371 ] ] } },
{ "type": "Feature", "properties": { "_id": 46, "service_system_manager": "City of Toronto", "agency": "East York East Toronto Family Resources", "loc_id": 6286, "program_name": "Cosburn EarlyON Child and Family Centre", "languages": "", "french_language_program": null, "indigenous_program": null, "programTypes": "", "serviceName": "", "buildingName": "Cosburn United Church", "address": "904 Coxwell Ave", "full_address": "904 Coxwell Ave, East York, ON M4C 3G3", "major_intersection": null, "ward": 14, "ward_name": "TORONTO-DANFORTH", "located_in_school": "No", "school_name": null, "lat": 43.694303797000003, "lng": -79.32849145, "website": "www.eyetfrp.ca", "website_name": "East York East Toronto Family Resources Website", "website_description": " Website for Agency East York East Toronto Family Resources", "consultant_fullname": "Roxanne Martin", "consultant_phone": "416", "email": "Roxanne.Martin@toronto.ca", "contact_fullname": "Christine Narinesingh", "contact_title": "PROGRAM MANAGER, EARLYON", "phone": "647-567-6731", "contact_email": "christine@eyetfrp.ca", "dropinHours": "Monday: 9:00 a.m. - noon  ; 2:00 p.m. - 4:00 p.m.   | Tuesday: 2:00 p.m. - 4:00 p.m.   | Wednesday: 9:00 a.m. - noon   | Thursday: 9:00 a.m. - noon   | Friday: 9:00 a.m. - noon  ", "registeredHours": "Tuesday: 10:00 a.m. - noon   | Thursday: 2:00 p.m. - 4:00 p.m.  ", "virtualHours": null, "centre_type": "Centre" }, "geometry": { "type": "MultiPoint", "coordinates": [ [ -79.32849145, 43.694303797 ] ] } },
{ "type": "Feature", "properties": { "_id": 47, "service_system_manager": "City of Toronto", "agency": "Creating Together", "loc_id": 6897, "program_name": "Creating Together EarlyON Child and Family Centre", "languages": "", "french_language_program": null, "indigenous_program": null, "programTypes": "", "serviceName": "", "buildingName": "Commercial Storefront", "address": "1342 Queen St W", "full_address": "1342 Queen St W, Toronto, ON M6K 1L4", "major_intersection": null, "ward": 4, "ward_name": "PARKDALE-HIGH PARK", "located_in_school": "No", "school_name": null, "lat": 43.641732335999997, "lng": -79.432016180999995, "website": "www.creatingtogetherparkdale.com", "website_name": "Creating Together Website", "website_description": " Website for Agency Creating Together", "consultant_fullname": "Jessica Abraham", "consultant_phone": "416-338-6746", "email": "Jessica.Abraham@toronto.ca", "contact_fullname": "Zalikha Ramjohn", "contact_title": "MANAGER", "phone": "416-537-1004", "contact_email": "creatingtogether@rogers.com", "dropinHours": "Monday: 9:00 a.m. - 3:00 p.m.   | Tuesday: 9:00 a.m. - 3:00 p.m.   | Wednesday: 9:00 a.m. - 3:00 p.m.   | Thursday: 9:00 a.m. - 2:30 p.m.   | Friday: 9:00 a.m. - 2:30 p.m.   | Saturday: 10:00 a.m. - 2:00 p.m.  ", "registeredHours": null, "virtualHours": null, "centre_type": "Centre" }, "geometry": { "type": "MultiPoint", "coordinates": [ [ -79.432016181, 43.641732336 ] ] } },
{ "type": "Feature", "properties": { "_id": 48, "service_system_manager": "City of Toronto", "agency": "Toronto District School Board", "loc_id": 13032, "program_name": "Crescent Town EarlyON Child and Family Centre", "languages": "", "french_language_program": null, "indigenous_program": null, "programTypes": "", "serviceName": "", "buildingName": "Crescent Town Elementary School", "address": "4 Massey Sq", "full_address": "4 Massey Sq, East York, ON M4C 5M9", "major_intersection": null, "ward": 19, "ward_name": "BEACHES-EAST YORK", "located_in_school": "Yes", "school_name": "CRESCENT TOWN ELEMENTARY SCHOOL", "lat": 43.696836744000002, "lng": -79.29246651, "website": "www.tdsb.on.ca/earlyyears/preschoolyears", "website_name": "Toronto District School Board Website", "website_description": " Website for Agency Toronto District School Board", "consultant_fullname": "Roxanne Martin", "consultant_phone": "416", "email": "Roxanne.Martin@toronto.ca", "contact_fullname": "Kim Fritz", "contact_title": null, "phone": "416-394-2104", "contact_email": "kim.fritz@tdsb.on.ca", "dropinHours": "Monday: 8:00 a.m. - noon   | Tuesday: 8:00 a.m. - noon   | Wednesday: 8:00 a.m. - noon   | Thursday: 8:00 a.m. - noon   | Friday: 8:00 a.m. - noon  ", "registeredHours": null, "virtualHours": null, "centre_type": "Centre" }, "geometry": { "type": "MultiPoint", "coordinates": [ [ -79.29246651, 43.696836744 ] ] } },
{ "type": "Feature", "properties": { "_id": 49, "service_system_manager": "City of Toronto", "agency": "East York East Toronto Family Resources", "loc_id": 13735, "program_name": "Danforth EarlyON Child and Family Centre", "languages": "", "french_language_program": null, "indigenous_program": null, "programTypes": "", "serviceName": "", "buildingName": null, "address": "3079 Danforth Ave", "full_address": "3079 Danforth Ave, Scarborough, ON M1L 1A8", "major_intersection": null, "ward": 20, "ward_name": "SCARBOROUGH SOUTHWEST", "located_in_school": "No", "school_name": null, "lat": 43.691186116899999, "lng": -79.2873753816, "website": "liviermiko@eyetfrp.ca", "website_name": "East York East Toronto Family Resources Website", "website_description": " Website for Agency East York East Toronto Family Resources", "consultant_fullname": "Roxanne Martin", "consultant_phone": "416", "email": "Roxanne.Martin@toronto.ca", "contact_fullname": "Christine Narinesingh", "contact_title": "PROGRAM MANAGER, EARLYON", "phone": "647-335-4060", "contact_email": "christine@eyetfrp.ca", "dropinHours": "Monday: 2:00 p.m. - 4:00 p.m.   | Tuesday: 9:00 a.m. - noon  ; 2:00 p.m. - 4:00 p.m.   | Wednesday: 9:00 a.m. - noon  ; 3:00 p.m. - 4:00 p.m.   | Thursday: 2:00 p.m. - 4:00 p.m.   | Friday: 9:00 a.m. - noon   | Saturday: 10:00 a.m. - noon  ", "registeredHours": "Monday: 10:00 a.m. - noon   | Thursday: 10:00 a.m. - 9:00 p.m.  ", "virtualHours": null, "centre_type": "Centre" }, "geometry": { "type": "MultiPoint", "coordinates": [ [ -79.2873753816, 43.691186116899999 ] ] } },
{ "type": "Feature", "properties": { "_id": 50, "service_system_manager": "City of Toronto", "agency": "Davenport-perth Neighbourhood Chc", "loc_id": 12565, "program_name": "Davenport EarlyON Child and Family Centre", "languages": "Bengali; Hindi; Mandarin; Portuguese; Spanish; Tamil; Urdu", "french_language_program": null, "indigenous_program": null, "programTypes": "", "serviceName": "", "buildingName": "Davenport Perth Chc", "address": "1900 Davenport Rd", "full_address": "1900 Davenport Rd, Toronto, ON M6N 1B7", "major_intersection": null, "ward": 9, "ward_name": "DAVENPORT", "located_in_school": "No", "school_name": null, "lat": 43.670920013, "lng": -79.454858587999993, "website": "www.dpnchc.ca", "website_name": "Davenport-perth Neighbourhood Chc Website", "website_description": " Website for Agency Davenport-perth Neighbourhood Chc", "consultant_fullname": "Maureen Mcdonald", "consultant_phone": "416-338-6528", "email": "mmcdona5@toronto.ca", "contact_fullname": "Amada Cisternas", "contact_title": "MANAGER EARLY ON", "phone": "416-656-8025 X 550", "contact_email": "acisternas@dpnchc.ca", "dropinHours": "Tuesday: 9:30 a.m. - 3:00 p.m.   | Wednesday: 10:00 a.m. - 11:30 a.m.   | Thursday: 9:30 a.m. - 3:00 p.m.   | Friday: 9:30 a.m. - noon   | Saturday: 9:30 a.m. - noon  ", "registeredHours": "Monday: 10:00 a.m. - noon  ; 1:00 p.m. - 3:00 p.m.   | Tuesday: 10:30 a.m. - noon  ; 1:00 p.m. - 3:00 p.m.  ; 1:00 p.m. - 3:30 p.m.   | Wednesday: 9:30 a.m. - 11:30 a.m.  ; 1:00 p.m. - 3:00 p.m.   | Thursday: 10:00 a.m. - 11:00 a.m.  ; 1:00 p.m. - 3:30 p.m.   | Friday: 1:00 p.m. - 3:30 p.m.  ", "virtualHours": null, "centre_type": "Centre" }, "geometry": { "type": "MultiPoint", "coordinates": [ [ -79.454858588, 43.670920013 ] ] } },
{ "type": "Feature", "properties": { "_id": 51, "service_system_manager": "City of Toronto", "agency": "Delta Family Resource Centre", "loc_id": 12765, "program_name": "Delta Humber Summit EarlyON Child and Family Centre", "languages": "", "french_language_program": null, "indigenous_program": null, "programTypes": "", "serviceName": "", "buildingName": "Humber Summit Library", "address": "2990 Islington Ave", "full_address": "2990 Islington Ave, North York, ON M9L 2K6", "major_intersection": null, "ward": 7, "ward_name": "HUMBER RIVER-BLACK CREEK", "located_in_school": "No", "school_name": null, "lat": 43.75903803, "lng": -79.571599292000002, "website": "www.dfrc.ca", "website_name": "Delta Family Resource Centre Website", "website_description": " Website for Agency Delta Family Resource Centre", "consultant_fullname": "Jessica Abraham", "consultant_phone": "416-338-6746", "email": "Jessica.Abraham@toronto.ca", "contact_fullname": "Mohamed  Mohamed ", "contact_title": "PROGRAM MANAGER ", "phone": "416-747-1172 X 53", "contact_email": "mmohamed@dfrc.ca", "dropinHours": "Tuesday: 9:00 a.m. - noon   | Wednesday: 10:00 a.m. - 3:00 p.m.   | Thursday: 9:00 a.m. - noon   | Friday: 9:00 a.m. - noon  ", "registeredHours": null, "virtualHours": null, "centre_type": "Centre" }, "geometry": { "type": "MultiPoint", "coordinates": [ [ -79.571599292, 43.75903803 ] ] } },
{ "type": "Feature", "properties": { "_id": 52, "service_system_manager": "City of Toronto", "agency": "Delta Family Resource Centre", "loc_id": 13667, "program_name": "Delta Rexdale Hub EarlyON Child and Family Centre", "languages": "", "french_language_program": null, "indigenous_program": null, "programTypes": "", "serviceName": "", "buildingName": null, "address": "21 Panorama Crt", "full_address": "21 Panorama Crt, Etobicoke, ON M9V 4E3", "major_intersection": null, "ward": 1, "ward_name": "ETOBICOKE NORTH", "located_in_school": "No", "school_name": null, "lat": 43.746302606, "lng": -79.581525895, "website": "www.dfrc.ca", "website_name": "Delta Family Resource Centre Website", "website_description": " Website for Agency Delta Family Resource Centre", "consultant_fullname": "Jessica Abraham", "consultant_phone": "416-338-6746", "email": "Jessica.Abraham@toronto.ca", "contact_fullname": "Mohamed  Mohamed ", "contact_title": "PROGRAM MANAGER ", "phone": "416-747-1172 X 53", "contact_email": "mmohamed@dfrc.ca", "dropinHours": "Monday: 1:00 p.m. - 3:00 p.m.   | Tuesday: 9:00 a.m. - 2:30 p.m.   | Wednesday: 9:00 a.m. - noon   | Saturday: 9:00 a.m. - noon  ", "registeredHours": null, "virtualHours": null, "centre_type": "Centre" }, "geometry": { "type": "MultiPoint", "coordinates": [ [ -79.581525895, 43.746302606 ] ] } },
{ "type": "Feature", "properties": { "_id": 53, "service_system_manager": "City of Toronto", "agency": "Family Day Care Services", "loc_id": 13700, "program_name": "Don Valley East Parkway Forest EarlyON - Main Site", "languages": "", "french_language_program": null, "indigenous_program": null, "programTypes": "", "serviceName": "", "buildingName": null, "address": "121 Parkway Forest Dr", "full_address": "121 Parkway Forest Dr, North York, ON M2J 5H4", "major_intersection": null, "ward": 17, "ward_name": "DON VALLEY NORTH", "located_in_school": "No", "school_name": null, "lat": 43.775367468, "lng": -79.340704255000006, "website": "www.familydaycare.com", "website_name": "Family Day Care Services Website", "website_description": " Website for Agency Family Day Care Services", "consultant_fullname": "Maureen Mcdonald", "consultant_phone": "416-338-6528", "email": "mmcdona5@toronto.ca", "contact_fullname": "Lianne Terry", "contact_title": null, "phone": "416-496-2601", "contact_email": "lterry@familydaycare.com", "dropinHours": "Monday: 9:00 a.m. - 11:00 a.m.  ; 1:30 p.m. - 3:30 p.m.   | Tuesday: 9:30 a.m. - 11:30 a.m.  ; 1:30 p.m. - 3:30 p.m.   | Wednesday: 9:30 a.m. - 11:30 a.m.  ; 1:30 p.m. - 3:30 p.m.   | Thursday: 9:30 a.m. - 11:30 a.m.  ; 1:30 p.m. - 3:30 p.m.  ", "registeredHours": "Monday: 1:30 p.m. - 3:30 p.m.   | Wednesday: 9:30 a.m. - 11:30 a.m.   | Thursday: 1:30 p.m. - 3:30 p.m.  ", "virtualHours": null, "centre_type": "Centre" }, "geometry": { "type": "MultiPoint", "coordinates": [ [ -79.340704255, 43.775367468 ] ] } },
{ "type": "Feature", "properties": { "_id": 54, "service_system_manager": "City of Toronto", "agency": "TNO - The Neighbourhood Organization", "loc_id": 12523, "program_name": "Donway Covenant United Church EarlyON Child and Family Centre", "languages": "Gujarati; Hindi; Urdu", "french_language_program": null, "indigenous_program": null, "programTypes": "", "serviceName": "", "buildingName": null, "address": "230 The Donway W", "full_address": "230 The Donway W, North York, ON M3B 2V8", "major_intersection": null, "ward": 16, "ward_name": "DON VALLEY EAST", "located_in_school": "No", "school_name": null, "lat": 43.738864342500001, "lng": -79.347385274700002, "website": "www.tno-toronto.org", "website_name": "TNO - The Neighbourhood Organization Website", "website_description": " Website for Agency TNO - The Neighbourhood Organization", "consultant_fullname": "Maureen Mcdonald", "consultant_phone": "416-338-6528", "email": "mmcdona5@toronto.ca", "contact_fullname": "Alaka Brahma", "contact_title": "MANAGER OF FAMILY AND WELLNESS", "phone": "416-424-2900 X 20", "contact_email": "abrahma@tno-toronto.org ", "dropinHours": "Tuesday: 9:30 a.m. - 11:00 a.m.  ", "registeredHours": null, "virtualHours": null, "centre_type": "Centre" }, "geometry": { "type": "MultiPoint", "coordinates": [ [ -79.347385274700002, 43.738864342500001 ] ] } },
{ "type": "Feature", "properties": { "_id": 55, "service_system_manager": "City of Toronto", "agency": "Agincourt Community Services Association", "loc_id": 13374, "program_name": "Dorset Park Community Hub EarlyON Child and Family Centre at ACSA", "languages": "Hindi; Tamil", "french_language_program": null, "indigenous_program": null, "programTypes": "", "serviceName": "", "buildingName": null, "address": "1911 Kennedy Rd", "full_address": "1911 Kennedy Rd, Scarborough, ON M1P 2L9", "major_intersection": null, "ward": 21, "ward_name": "SCARBOROUGH CENTRE", "located_in_school": "No", "school_name": null, "lat": 43.767435692, "lng": -79.280573332000003, "website": null, "website_name": "Agincourt Community Services Association Website", "website_description": " Website for Agency Agincourt Community Services Association", "consultant_fullname": "Jene Gordon", "consultant_phone": "416-397-0998", "email": "Jene.Gordon@toronto.ca", "contact_fullname": "Priyanka Kandasamy", "contact_title": "MANAGER, CHILD AND FAMILY SER.", "phone": "416-299-9872", "contact_email": "kpriyanka@agincourtcommunityservices.com", "dropinHours": "Tuesday: 12:15 p.m. - 3:15 p.m.   | Wednesday: 8:30 a.m. - 11:30 a.m.  ; 12:15 p.m. - 3:15 p.m.  ; 9:00 a.m. - noon  ; 12:30 p.m. - 3:30 p.m.   | Thursday: 12:15 p.m. - 3:15 p.m.  ; 12:30 p.m. - 3:30 p.m.  ", "registeredHours": null, "virtualHours": null, "centre_type": "Centre" }, "geometry": { "type": "MultiPoint", "coordinates": [ [ -79.280573332, 43.767435692 ] ] } },
{ "type": "Feature", "properties": { "_id": 56, "service_system_manager": "City of Toronto", "agency": "Toronto District School Board", "loc_id": 12594, "program_name": "Dr. Rita Cox EarlyON", "languages": "", "french_language_program": null, "indigenous_program": null, "programTypes": "", "serviceName": "", "buildingName": "Dr. Rita Cox - Kina Minogok Public School", "address": "100 Close Ave", "full_address": "100 Close Ave, Toronto, ON M6K 2V3", "major_intersection": null, "ward": 4, "ward_name": "PARKDALE-HIGH PARK", "located_in_school": "Yes", "school_name": "DR RITA COX - KINA MINOGOK PUBLIC SCHOOL", "lat": 43.636509492999998, "lng": -79.435320696999995, "website": "www.tdsb.on.ca", "website_name": "Toronto District School Board Website", "website_description": " Website for Agency Toronto District School Board", "consultant_fullname": "Roxanne Martin", "consultant_phone": "416", "email": "Roxanne.Martin@toronto.ca", "contact_fullname": "Kim Fritz", "contact_title": null, "phone": "416-394-2104", "contact_email": "kim.fritz@tdsb.on.ca", "dropinHours": "Monday: 9:15 a.m. - 2:15 p.m.   | Tuesday: 9:15 a.m. - 2:15 p.m.   | Wednesday: 9:15 a.m. - 2:15 p.m.   | Thursday: 9:15 a.m. - 2:15 p.m.  ", "registeredHours": null, "virtualHours": null, "centre_type": "Centre" }, "geometry": { "type": "MultiPoint", "coordinates": [ [ -79.435320697, 43.636509493 ] ] } },
{ "type": "Feature", "properties": { "_id": 57, "service_system_manager": "City of Toronto", "agency": "Toronto District School Board", "loc_id": 12623, "program_name": "Driftwood EarlyON Child and Family Centre", "languages": "", "french_language_program": null, "indigenous_program": null, "programTypes": "", "serviceName": "", "buildingName": "Driftwood Public School", "address": "265 Driftwood Ave", "full_address": "265 Driftwood Ave, North York, ON M3N 2N6", "major_intersection": null, "ward": 7, "ward_name": "HUMBER RIVER-BLACK CREEK", "located_in_school": "Yes", "school_name": "DRIFTWOOD PUBLIC SCHOOL", "lat": 43.762971182999998, "lng": -79.515004258000005, "website": "www.tdsb.on.ca/earlyyears/preschoolyears", "website_name": "Toronto District School Board Website", "website_description": " Website for Agency Toronto District School Board", "consultant_fullname": "Roxanne Martin", "consultant_phone": "416", "email": "Roxanne.Martin@toronto.ca", "contact_fullname": "Kim Fritz", "contact_title": null, "phone": "416-394-2104", "contact_email": "kim.fritz@tdsb.on.ca", "dropinHours": "Monday: 9:00 a.m. - 2:00 p.m.   | Tuesday: 9:00 a.m. - 2:00 p.m.   | Wednesday: 9:00 a.m. - 2:00 p.m.   | Thursday: 9:00 a.m. - 2:00 p.m.  ", "registeredHours": null, "virtualHours": null, "centre_type": "Centre" }, "geometry": { "type": "MultiPoint", "coordinates": [ [ -79.515004258, 43.762971183 ] ] } },
{ "type": "Feature", "properties": { "_id": 58, "service_system_manager": "City of Toronto", "agency": "Davenport-perth Neighbourhood Chc", "loc_id": 13644, "program_name": "Dufferin and St. Clair Library EarlyON Child and Family Centre", "languages": "", "french_language_program": null, "indigenous_program": null, "programTypes": "", "serviceName": "", "buildingName": null, "address": "1625 Dufferin St", "full_address": "1625 Dufferin St, Toronto, ON M6H 3L9", "major_intersection": null, "ward": 9, "ward_name": "DAVENPORT", "located_in_school": "No", "school_name": null, "lat": 43.676996701, "lng": -79.44239945, "website": "www.dpnchc.com", "website_name": "Davenport-perth Neighbourhood Chc Website", "website_description": " Website for Agency Davenport-perth Neighbourhood Chc", "consultant_fullname": "Maureen Mcdonald", "consultant_phone": "416-338-6528", "email": "mmcdona5@toronto.ca", "contact_fullname": "Amada Cisternas", "contact_title": "MANAGER EARLY ON", "phone": "416-656-8025 X 550", "contact_email": "acisternas@dpnchc.ca", "dropinHours": "Monday: 10:30 a.m. - noon   | Wednesday: 10:30 a.m. - 12:30 p.m.  ", "registeredHours": null, "virtualHours": null, "centre_type": "Centre" }, "geometry": { "type": "MultiPoint", "coordinates": [ [ -79.44239945, 43.676996701 ] ] } },
{ "type": "Feature", "properties": { "_id": 59, "service_system_manager": "City of Toronto", "agency": "Toronto District School Board", "loc_id": 12622, "program_name": "Dundas EarlyON Child and Family Centre", "languages": "", "french_language_program": null, "indigenous_program": null, "programTypes": "", "serviceName": "", "buildingName": "Dundas Junior Public School", "address": "935 Dundas St E", "full_address": "935 Dundas St E, Toronto, ON M4M 1R4", "major_intersection": null, "ward": 14, "ward_name": "TORONTO-DANFORTH", "located_in_school": "Yes", "school_name": "DUNDAS JUNIOR PUBLIC SCHOOL", "lat": 43.662077744999998, "lng": -79.348686332, "website": "www.tdsb.on.ca", "website_name": "Toronto District School Board Website", "website_description": " Website for Agency Toronto District School Board", "consultant_fullname": "Roxanne Martin", "consultant_phone": "416", "email": "Roxanne.Martin@toronto.ca", "contact_fullname": "Kim Fritz", "contact_title": null, "phone": "416-394-2104", "contact_email": "kim.fritz@tdsb.on.ca", "dropinHours": "Monday: 8:15 a.m. - 1:15 p.m.   | Tuesday: 8:15 a.m. - 1:15 p.m.   | Wednesday: 8:15 a.m. - 1:15 p.m.   | Thursday: 8:15 a.m. - 1:15 p.m.  ", "registeredHours": null, "virtualHours": null, "centre_type": "Centre" }, "geometry": { "type": "MultiPoint", "coordinates": [ [ -79.348686332, 43.662077745 ] ] } },
{ "type": "Feature", "properties": { "_id": 60, "service_system_manager": "City of Toronto", "agency": "Toronto District School Board", "loc_id": 13038, "program_name": "Eastview EarlyON Child and Family Centre", "languages": "", "french_language_program": null, "indigenous_program": null, "programTypes": "", "serviceName": "", "buildingName": "Eastview Public School", "address": "20 Waldock St", "full_address": "20 Waldock St, Scarborough, ON M1E 2E5", "major_intersection": null, "ward": 24, "ward_name": "SCARBOROUGH-GUILDWOOD", "located_in_school": "Yes", "school_name": "EASTVIEW JUNIOR PUBLIC SCHOOL", "lat": 43.758963359, "lng": -79.191280442999997, "website": "https://www.tdsb.on.ca/Find-your/Schools/School-PFLC/schno/4450", "website_name": "Toronto District School Board Website", "website_description": " Website for Agency Toronto District School Board", "consultant_fullname": "Roxanne Martin", "consultant_phone": "416", "email": "Roxanne.Martin@toronto.ca", "contact_fullname": "Kim Fritz", "contact_title": null, "phone": "416-394-2104", "contact_email": "kim.fritz@tdsb.on.ca", "dropinHours": "Monday: 8:30 a.m. - 12:30 p.m.   | Tuesday: 8:30 a.m. - 12:30 p.m.   | Wednesday: 8:30 a.m. - 12:30 p.m.   | Thursday: 8:30 a.m. - 12:30 p.m.   | Friday: 8:30 a.m. - 12:30 p.m.  ", "registeredHours": null, "virtualHours": null, "centre_type": "Centre" }, "geometry": { "type": "MultiPoint", "coordinates": [ [ -79.191280443, 43.758963359 ] ] } },
{ "type": "Feature", "properties": { "_id": 61, "service_system_manager": "City of Toronto", "agency": "East Toronto Family Community Centre", "loc_id": 6235, "program_name": "Eastview EarlyON Child and Family Centre", "languages": "Cantonese; Dari; German; Mandarin; Somali; Spanish; Urdu", "french_language_program": null, "indigenous_program": null, "programTypes": "", "serviceName": "", "buildingName": "Eastview Neighbourhood Community Centre", "address": "86 Blake St", "full_address": "86 Blake St, Toronto, ON M4J 3C9", "major_intersection": null, "ward": 14, "ward_name": "TORONTO-DANFORTH", "located_in_school": "No", "school_name": null, "lat": 43.675033897, "lng": -79.339926796, "website": "https://www.eastviewcentre.com/family-resource-early-on", "website_name": "East Toronto Family Community Centre Website", "website_description": " Website for Agency East Toronto Family Community Centre", "consultant_fullname": "Roxanne Martin", "consultant_phone": "416", "email": "Roxanne.Martin@toronto.ca", "contact_fullname": "Cecilia Molina", "contact_title": "FAMILY RESOURCE PROG COORD", "phone": "416-392-1750", "contact_email": "ceciliamolina@eastviewcentre.com", "dropinHours": "Sunday: 1:00 p.m. - 4:00 p.m.   | Monday: 9:30 a.m. - 1:00 p.m.   | Tuesday: 9:30 a.m. - 1:00 p.m.   | Wednesday: 9:30 a.m. - 3:00 p.m.   | Thursday: 9:30 a.m. - 1:00 p.m.   | Friday: 9:30 a.m. - 1:00 p.m.  ", "registeredHours": "Monday: 1:30 p.m. - 3:00 p.m.   | Tuesday: 1:30 p.m. - 3:00 p.m.   | Thursday: 1:30 p.m. - 3:00 p.m.   | Friday: 1:30 p.m. - 3:00 p.m.  ", "virtualHours": null, "centre_type": "Centre" }, "geometry": { "type": "MultiPoint", "coordinates": [ [ -79.339926796, 43.675033897 ] ] } },
{ "type": "Feature", "properties": { "_id": 62, "service_system_manager": "City of Toronto", "agency": "Toronto District School Board", "loc_id": 12621, "program_name": "Eatonville EarlyON Child and Family Centre", "languages": "", "french_language_program": null, "indigenous_program": null, "programTypes": "", "serviceName": "", "buildingName": "Eatonville Junior School", "address": "15 Rossburn Dr", "full_address": "15 Rossburn Dr, Etobicoke, ON M9C 2P7", "major_intersection": null, "ward": 2, "ward_name": "ETOBICOKE CENTRE", "located_in_school": "Yes", "school_name": "EATONVILLE JUNIOR SCHOOL", "lat": 43.637840779000001, "lng": -79.566615072000005, "website": "www.tdsb.on.ca/earlyyears/preschoolyears", "website_name": "Toronto District School Board Website", "website_description": " Website for Agency Toronto District School Board", "consultant_fullname": "Roxanne Martin", "consultant_phone": "416", "email": "Roxanne.Martin@toronto.ca", "contact_fullname": "Kim Fritz", "contact_title": null, "phone": "416-394-2104", "contact_email": "kim.fritz@tdsb.on.ca", "dropinHours": "Monday: 8:30 a.m. - 1:30 p.m.   | Tuesday: 8:30 a.m. - 1:30 p.m.   | Wednesday: 8:30 a.m. - 1:30 p.m.   | Thursday: 8:30 a.m. - 1:30 p.m.  ", "registeredHours": null, "virtualHours": null, "centre_type": "Centre" }, "geometry": { "type": "MultiPoint", "coordinates": [ [ -79.566615072, 43.637840779 ] ] } },
{ "type": "Feature", "properties": { "_id": 63, "service_system_manager": "City of Toronto", "agency": "Toronto District School Board", "loc_id": 12432, "program_name": "Edgewood EarlyON Child and Family Centre", "languages": "", "french_language_program": null, "indigenous_program": null, "programTypes": "", "serviceName": "", "buildingName": "Edgewood Public School", "address": "230 Birkdale Rd", "full_address": "230 Birkdale Rd, Scarborough, ON M1P 3S4", "major_intersection": null, "ward": 21, "ward_name": "SCARBOROUGH CENTRE", "located_in_school": "Yes", "school_name": "EDGEWOOD PUBLIC SCHOOL", "lat": 43.766305457999998, "lng": -79.265812032, "website": "https://www.tdsb.on.ca/Find-your/Schools/School-PFLC/schno/4456", "website_name": "Toronto District School Board Website", "website_description": " Website for Agency Toronto District School Board", "consultant_fullname": "Roxanne Martin", "consultant_phone": "416", "email": "Roxanne.Martin@toronto.ca", "contact_fullname": "Kim Fritz", "contact_title": null, "phone": "416-394-2104", "contact_email": "kim.fritz@tdsb.on.ca", "dropinHours": "Monday: 8:30 a.m. - 12:30 p.m.   | Tuesday: 8:30 a.m. - 12:30 p.m.   | Wednesday: 8:30 a.m. - 12:30 p.m.   | Thursday: 8:30 a.m. - 12:30 p.m.   | Friday: 8:30 a.m. - 12:30 p.m.  ", "registeredHours": null, "virtualHours": null, "centre_type": "Centre" }, "geometry": { "type": "MultiPoint", "coordinates": [ [ -79.265812032, 43.766305458 ] ] } },
{ "type": "Feature", "properties": { "_id": 64, "service_system_manager": "City of Toronto", "agency": "Toronto District School Board", "loc_id": 12431, "program_name": "Elmbank EarlyON Child and Family Centre", "languages": "", "french_language_program": null, "indigenous_program": null, "programTypes": "", "serviceName": "", "buildingName": "Elmbank Junior Middle Academy", "address": "10 Pittsboro Dr", "full_address": "10 Pittsboro Dr, Etobicoke, ON M9V 3R4", "major_intersection": null, "ward": 1, "ward_name": "ETOBICOKE NORTH", "located_in_school": "Yes", "school_name": "ELMBANK JUNIOR MIDDLE ACADEMY", "lat": 43.736501904999997, "lng": -79.590047072999994, "website": "www.tdsb.on.ca/earlyyears/preschoolyears", "website_name": "Toronto District School Board Website", "website_description": " Website for Agency Toronto District School Board", "consultant_fullname": "Roxanne Martin", "consultant_phone": "416", "email": "Roxanne.Martin@toronto.ca", "contact_fullname": "Kim Fritz", "contact_title": null, "phone": "416-394-2104", "contact_email": "kim.fritz@tdsb.on.ca", "dropinHours": "Monday: 8:30 a.m. - 1:30 p.m.   | Tuesday: 8:30 a.m. - 1:30 p.m.   | Wednesday: 8:30 a.m. - 1:30 p.m.   | Thursday: 8:30 a.m. - 1:30 p.m.  ", "registeredHours": null, "virtualHours": null, "centre_type": "Centre" }, "geometry": { "type": "MultiPoint", "coordinates": [ [ -79.590047073, 43.736501905 ] ] } },
{ "type": "Feature", "properties": { "_id": 65, "service_system_manager": "City of Toronto", "agency": "Eshkiniigjik Naandwechigegamig, Aabiish Gaa Binjibaaying", "loc_id": 14145, "program_name": "Enagb East EarlyON", "languages": "", "french_language_program": null, "indigenous_program": "Yes", "programTypes": "", "serviceName": "", "buildingName": "Kapapamahchakwew - Wandering Spirit School", "address": "16 Phin Ave", "full_address": "16 Phin Ave, Toronto, ON M4J 3T1", "major_intersection": null, "ward": 14, "ward_name": "TORONTO-DANFORTH", "located_in_school": "No", "school_name": null, "lat": 43.679140236000002, "lng": -79.336636055, "website": "https://enagb-iya.ca/events/category/early-on/", "website_name": "Eshkiniigjik Naandwechigegamig, Aabiish Gaa Binjibaaying Website", "website_description": " Website for Agency Eshkiniigjik Naandwechigegamig, Aabiish Gaa Binjibaaying", "consultant_fullname": "Reta Hamlin", "consultant_phone": "416-338-1844", "email": "Reta.Hamlin@toronto.ca", "contact_fullname": "Cynthia Bell", "contact_title": null, "phone": "416-317-9141", "contact_email": "cynthia.bell-clayton@enagb-iya.ca", "dropinHours": "Monday: 10:30 a.m. - 4:00 p.m.   | Tuesday: 9:00 a.m. - 10:15 a.m.  ; 11:15 a.m. - 1:00 p.m.  ; 3:00 p.m. - 3:30 p.m.   | Wednesday: 10:00 a.m. - 10:30 a.m.  ; 11:00 a.m. - 11:30 a.m.  ; 12:30 p.m. - 2:00 p.m.  ; 3:00 p.m. - 5:00 p.m.   | Thursday: 10:00 a.m. - 1:00 p.m.  ; 3:00 p.m. - 5:00 p.m.   | Friday: 10:00 a.m. - 11:00 a.m.  ; noon - 3:00 p.m.  ; 4:00 p.m. - 5:00 p.m.   | Saturday: 3:00 p.m. - 3:30 p.m.  ; 4:00 p.m. - 5:00 p.m.  ", "registeredHours": "Sunday: 4:30 p.m. - 5:30 p.m.   | Monday: 9:00 a.m. - 10:00 a.m.  ; 10:00 a.m. - 10:30 a.m.  ; 4:00 p.m. - 5:00 p.m.   | Tuesday: 10:15 a.m. - 11:15 a.m.  ; 1:00 p.m. - 3:00 p.m.  ; 3:30 p.m. - 4:30 p.m.   | Wednesday: 9:00 a.m. - 10:00 a.m.  ; 10:00 a.m. - 11:00 a.m.  ; 11:30 a.m. - 12:30 p.m.  ; 2:00 p.m. - 3:00 p.m.   | Thursday: 9:00 a.m. - 10:00 a.m.  ; 1:00 p.m. - 3:00 p.m.   | Friday: 9:00 a.m. - 10:00 a.m.  ; 11:00 a.m. - noon  ; 3:00 p.m. - 4:00 p.m.   | Saturday: 3:30 p.m. - 4:30 p.m.  ", "virtualHours": null, "centre_type": "Centre" }, "geometry": { "type": "MultiPoint", "coordinates": [ [ -79.336636055, 43.679140236 ] ] } },
{ "type": "Feature", "properties": { "_id": 66, "service_system_manager": "City of Toronto", "agency": "Eshkiniigjik Naandwechigegamig, Aabiish Gaa Binjibaaying", "loc_id": 14621, "program_name": "Enagb South EarlyON", "languages": "", "french_language_program": null, "indigenous_program": null, "programTypes": "", "serviceName": null, "buildingName": "Miziwe Biik", "address": "433 Cherry St", "full_address": "433 Cherry St, Toronto, ON M5A 0X9", "major_intersection": "Cherry St / Front St", "ward": 13, "ward_name": "TORONTO CENTRE", "located_in_school": "No", "school_name": null, "lat": 43.652250055000003, "lng": -79.357430152999996, "website": "enagb-iya.ca", "website_name": "Eshkiniigjik Naandwechigegamig, Aabiish Gaa Binjibaaying Website", "website_description": " Website for Agency Eshkiniigjik Naandwechigegamig, Aabiish Gaa Binjibaaying", "consultant_fullname": "Reta Hamlin", "consultant_phone": "416-338-1844", "email": "Reta.Hamlin@toronto.ca", "contact_fullname": "Kim Kirkley", "contact_title": "EARLYON MANAGER", "phone": "647-938-5918", "contact_email": "kim@enagb-iya.ca", "dropinHours": null, "registeredHours": null, "virtualHours": null, "centre_type": "Centre" }, "geometry": { "type": "MultiPoint", "coordinates": [ [ -79.357430153, 43.652250055 ] ] } },
{ "type": "Feature", "properties": { "_id": 67, "service_system_manager": "City of Toronto", "agency": "Eshkiniigjik Naandwechigegamig, Aabiish Gaa Binjibaaying", "loc_id": 14451, "program_name": "Enagb West EarlyON", "languages": "", "french_language_program": null, "indigenous_program": null, "programTypes": "", "serviceName": null, "buildingName": null, "address": "1965 Weston Rd", "full_address": "1965 Weston Rd, Toronto, ON M9N 1W8", "major_intersection": "Weston Rd/lawrence Ave W", "ward": 5, "ward_name": "YORK SOUTH-WESTON", "located_in_school": "No", "school_name": null, "lat": 43.701020702999998, "lng": -79.51849122, "website": null, "website_name": "Eshkiniigjik Naandwechigegamig, Aabiish Gaa Binjibaaying Website", "website_description": " Website for Agency Eshkiniigjik Naandwechigegamig, Aabiish Gaa Binjibaaying", "consultant_fullname": "Reta Hamlin", "consultant_phone": "416-338-1844", "email": "Reta.Hamlin@toronto.ca", "contact_fullname": "Kim Kirkley", "contact_title": "EARLYON MANAGER", "phone": "647-938-5918", "contact_email": "kim@enagb-iya.ca", "dropinHours": null, "registeredHours": null, "virtualHours": null, "centre_type": "Centre" }, "geometry": { "type": "MultiPoint", "coordinates": [ [ -79.51849122, 43.701020703 ] ] } },
{ "type": "Feature", "properties": { "_id": 68, "service_system_manager": "City of Toronto", "agency": "Family Day Care Services", "loc_id": 14578, "program_name": "Ernest Public School EarlyON", "languages": "", "french_language_program": null, "indigenous_program": null, "programTypes": "", "serviceName": null, "buildingName": "Ernest Public School", "address": "150 Cherokee Blvd", "full_address": "150 Cherokee Blvd, North York, ON M2J 4A4", "major_intersection": "Finch Ave E/cherokee Blvd", "ward": 17, "ward_name": "DON VALLEY NORTH", "located_in_school": "Yes", "school_name": "ERNEST PUBLIC SCHOOL", "lat": 43.791424077400002, "lng": -79.337385800999996, "website": null, "website_name": "Family Day Care Services Website", "website_description": " Website for Agency Family Day Care Services", "consultant_fullname": "Maureen Mcdonald", "consultant_phone": "416-338-6528", "email": "mmcdona5@toronto.ca", "contact_fullname": "Lianne Terry", "contact_title": null, "phone": "416-496-2601", "contact_email": "lterry@familydaycare.com", "dropinHours": null, "registeredHours": null, "virtualHours": null, "centre_type": "Centre" }, "geometry": { "type": "MultiPoint", "coordinates": [ [ -79.337385801, 43.791424077400002 ] ] } },
{ "type": "Feature", "properties": { "_id": 69, "service_system_manager": "City of Toronto", "agency": "Toronto District School Board", "loc_id": 12620, "program_name": "Essex EarlyON Child and Family Centre", "languages": "", "french_language_program": null, "indigenous_program": null, "programTypes": "", "serviceName": "", "buildingName": "Essex Junior And Senior Public School", "address": "50 Essex St", "full_address": "50 Essex St, Toronto, ON M6G 1T3", "major_intersection": null, "ward": 11, "ward_name": "UNIVERSITY-ROSEDALE", "located_in_school": "Yes", "school_name": "ESSEX JUNIOR AND SENIOR PUBLIC SCHOOL", "lat": 43.668235742999997, "lng": -79.422365483999997, "website": "tdsb.on.ca", "website_name": "Toronto District School Board Website", "website_description": " Website for Agency Toronto District School Board", "consultant_fullname": "Roxanne Martin", "consultant_phone": "416", "email": "Roxanne.Martin@toronto.ca", "contact_fullname": "Kim Fritz", "contact_title": null, "phone": "416-394-2104", "contact_email": "kim.fritz@tdsb.on.ca", "dropinHours": "Monday: 8:45 a.m. - 1:45 p.m.   | Tuesday: 8:45 a.m. - 1:45 p.m.   | Wednesday: 8:45 a.m. - 1:45 p.m.   | Thursday: 8:45 a.m. - 1:45 p.m.  ", "registeredHours": null, "virtualHours": null, "centre_type": "Centre" }, "geometry": { "type": "MultiPoint", "coordinates": [ [ -79.422365484, 43.668235743 ] ] } },
{ "type": "Feature", "properties": { "_id": 70, "service_system_manager": "City of Toronto", "agency": "Toronto District School Board", "loc_id": 12619, "program_name": "Fairbank Memorial EarlyON Child and Family Centre", "languages": "", "french_language_program": null, "indigenous_program": null, "programTypes": "", "serviceName": "", "buildingName": "Fairbank Memorial Community School", "address": "555 Harvie Ave", "full_address": "555 Harvie Ave, York, ON M6E 4M2", "major_intersection": null, "ward": 9, "ward_name": "DAVENPORT", "located_in_school": "Yes", "school_name": "FAIRBANK MEMORIAL COMMUNITY SCHOOL", "lat": 43.691703239, "lng": -79.455405701000004, "website": "www.tdsb.on.ca/earlyyears/preschoolyears", "website_name": "Toronto District School Board Website", "website_description": " Website for Agency Toronto District School Board", "consultant_fullname": "Roxanne Martin", "consultant_phone": "416", "email": "Roxanne.Martin@toronto.ca", "contact_fullname": "Kim Fritz", "contact_title": null, "phone": "416-394-2104", "contact_email": "kim.fritz@tdsb.on.ca", "dropinHours": "Monday: 8:45 a.m. - 12:45 p.m.   | Tuesday: 8:45 a.m. - 12:45 p.m.   | Wednesday: 8:45 a.m. - 12:45 p.m.   | Thursday: 8:45 a.m. - 12:45 p.m.   | Friday: 8:45 a.m. - 12:45 p.m.  ", "registeredHours": null, "virtualHours": null, "centre_type": "Centre" }, "geometry": { "type": "MultiPoint", "coordinates": [ [ -79.455405701, 43.691703239 ] ] } },
{ "type": "Feature", "properties": { "_id": 71, "service_system_manager": "City of Toronto", "agency": "Lakeshore Area Multi-services Project (lamp) Inc.", "loc_id": 14490, "program_name": "Fairfield Senior Centre", "languages": "", "french_language_program": null, "indigenous_program": null, "programTypes": "", "serviceName": null, "buildingName": null, "address": "80 Lothian Ave", "full_address": "80 Lothian Ave, Etobicoke, ON M8Z 4K5", "major_intersection": "Islington Ave/van Dusen Blvd", "ward": 3, "ward_name": "ETOBICOKE-LAKESHORE", "located_in_school": "No", "school_name": null, "lat": 43.639678028, "lng": -79.519311798000004, "website": "www.lampchc.org", "website_name": "Lakeshore Area Multi-services Project (lamp) Inc. Website", "website_description": " Website for Agency Lakeshore Area Multi-services Project (lamp) Inc.", "consultant_fullname": "Jessica Abraham", "consultant_phone": "416-338-6746", "email": "Jessica.Abraham@toronto.ca", "contact_fullname": "Camisha Johnson", "contact_title": "MANAGER, CHILDRENS PROGRAMS", "phone": "416-252-8293", "contact_email": "camishaj@lampchc.org", "dropinHours": null, "registeredHours": null, "virtualHours": null, "centre_type": "Centre" }, "geometry": { "type": "MultiPoint", "coordinates": [ [ -79.519311798, 43.639678028 ] ] } },
{ "type": "Feature", "properties": { "_id": 72, "service_system_manager": "City of Toronto", "agency": "Macaulay Centres for Children", "loc_id": 13732, "program_name": "Falstaff EarlyON Child and Family Centre", "languages": "", "french_language_program": null, "indigenous_program": null, "programTypes": "", "serviceName": "", "buildingName": null, "address": "30 Falstaff Ave", "full_address": "30 Falstaff Ave, North York, ON M6L 2C9", "major_intersection": null, "ward": 5, "ward_name": "YORK SOUTH-WESTON", "located_in_school": "No", "school_name": null, "lat": 43.716412521000002, "lng": -79.50522006, "website": "www.macaulaycentre.org", "website_name": "Macaulay Centres for Children Website", "website_description": " Website for Agency Macaulay Centres for Children", "consultant_fullname": "Maureen Mcdonald", "consultant_phone": "416-338-6528", "email": "mmcdona5@toronto.ca", "contact_fullname": "Julia Weglorz", "contact_title": "SUPERVISOR", "phone": "416-789-7441 X 407", "contact_email": "jweglorz@macaulaycentres.org", "dropinHours": "Wednesday: 10:00 a.m. - 11:30 a.m.   | Friday: 10:00 a.m. - 11:30 a.m.  ", "registeredHours": null, "virtualHours": null, "centre_type": "Centre" }, "geometry": { "type": "MultiPoint", "coordinates": [ [ -79.50522006, 43.716412521 ] ] } },
{ "type": "Feature", "properties": { "_id": 73, "service_system_manager": "City of Toronto", "agency": "Day Care Connection (toronto) Inc.", "loc_id": 6354, "program_name": "Family Resource Connection EarlyON Child and Family Centre", "languages": "", "french_language_program": null, "indigenous_program": null, "programTypes": "", "serviceName": "", "buildingName": null, "address": "184 Main St", "full_address": "184 Main St, Toronto, ON M4E 2W1", "major_intersection": null, "ward": 19, "ward_name": "BEACHES-EAST YORK", "located_in_school": "No", "school_name": null, "lat": 43.684288117199998, "lng": -79.300600936600006, "website": "https://daycareconnection.net/", "website_name": "Day Care Connection (toronto) Inc. Website", "website_description": " Website for Agency Day Care Connection (toronto) Inc.", "consultant_fullname": "Jene Gordon", "consultant_phone": "416-397-0998", "email": "Jene.Gordon@toronto.ca", "contact_fullname": "Jen Hooker", "contact_title": "MANAGER", "phone": "416-690-0102", "contact_email": "jennifer.hooker@familyresourcecentre-dcc.net", "dropinHours": "Monday: 9:00 a.m. - 3:00 p.m.   | Tuesday: 9:00 a.m. - 3:00 p.m.   | Wednesday: 9:00 a.m. - 3:00 p.m.   | Thursday: 9:00 a.m. - 3:00 p.m.   | Friday: 9:00 a.m. - noon  ", "registeredHours": null, "virtualHours": null, "centre_type": "Centre" }, "geometry": { "type": "MultiPoint", "coordinates": [ [ -79.300600936600006, 43.684288117199998 ] ] } },
{ "type": "Feature", "properties": { "_id": 74, "service_system_manager": "City of Toronto", "agency": "Toronto District School Board", "loc_id": 12617, "program_name": "Firgrove EarlyON Child and Family Centre", "languages": "", "french_language_program": null, "indigenous_program": null, "programTypes": "", "serviceName": "", "buildingName": "Firgrove Public School", "address": "270 Firgrove Cres", "full_address": "270 Firgrove Cres, North York, ON M3N 1K8", "major_intersection": null, "ward": 7, "ward_name": "HUMBER RIVER-BLACK CREEK", "located_in_school": "Yes", "school_name": "FIRGROVE PUBLIC SCHOOL", "lat": 43.752000889000001, "lng": -79.519910863000007, "website": "www.tdsb.on.ca/earlyyears/preschoolyears", "website_name": "Toronto District School Board Website", "website_description": " Website for Agency Toronto District School Board", "consultant_fullname": "Roxanne Martin", "consultant_phone": "416", "email": "Roxanne.Martin@toronto.ca", "contact_fullname": "Kim Fritz", "contact_title": null, "phone": "416-394-2104", "contact_email": "kim.fritz@tdsb.on.ca", "dropinHours": "Monday: 8:45 a.m. - 12:45 p.m.   | Tuesday: 8:45 a.m. - 12:45 p.m.   | Wednesday: 8:45 a.m. - 12:45 p.m.   | Thursday: 8:45 a.m. - 12:45 p.m.   | Friday: 8:45 a.m. - 12:45 p.m.  ", "registeredHours": null, "virtualHours": null, "centre_type": "Centre" }, "geometry": { "type": "MultiPoint", "coordinates": [ [ -79.519910863, 43.752000889 ] ] } },
{ "type": "Feature", "properties": { "_id": 75, "service_system_manager": "City of Toronto", "agency": "Family Day Care Services", "loc_id": 13704, "program_name": "Flemingdon Park EarlyON", "languages": "", "french_language_program": null, "indigenous_program": null, "programTypes": "", "serviceName": "", "buildingName": null, "address": "150 Grenoble Dr", "full_address": "150 Grenoble Dr, North York, ON M3C 1E3", "major_intersection": null, "ward": 16, "ward_name": "DON VALLEY EAST", "located_in_school": "No", "school_name": null, "lat": 43.71353072, "lng": -79.326603484000003, "website": "www.familydaycare.com", "website_name": "Family Day Care Services Website", "website_description": " Website for Agency Family Day Care Services", "consultant_fullname": "Maureen Mcdonald", "consultant_phone": "416-338-6528", "email": "mmcdona5@toronto.ca", "contact_fullname": "Lianne Terry", "contact_title": null, "phone": "416-496-2601", "contact_email": "lterry@familydaycare.com", "dropinHours": "Monday: 9:00 a.m. - 11:00 a.m.  ; 1:00 p.m. - 3:00 p.m.   | Tuesday: 9:00 a.m. - 11:00 a.m.  ; 1:00 p.m. - 3:00 p.m.   | Wednesday: 9:00 a.m. - 11:00 a.m.  ; 1:00 p.m. - 3:00 p.m.   | Thursday: 9:00 a.m. - 11:00 a.m.  ; 1:00 p.m. - 3:00 p.m.   | Friday: 9:00 a.m. - 11:30 a.m.   | Saturday: 10:00 a.m. - noon  ; 12:30 p.m. - 2:00 p.m.  ", "registeredHours": "Tuesday: 9:00 a.m. - 11:00 a.m.   | Wednesday: 1:00 p.m. - 3:00 p.m.   | Thursday: 1:00 p.m. - 3:00 p.m.  ", "virtualHours": null, "centre_type": "Centre" }, "geometry": { "type": "MultiPoint", "coordinates": [ [ -79.326603484, 43.71353072 ] ] } },
{ "type": "Feature", "properties": { "_id": 76, "service_system_manager": "City of Toronto", "agency": "Toronto District School Board", "loc_id": 12616, "program_name": "Flemington EarlyON Child and Family Centre", "languages": "", "french_language_program": null, "indigenous_program": null, "programTypes": "", "serviceName": "", "buildingName": "Flemington Public School", "address": "10 Flemington Rd", "full_address": "10 Flemington Rd, North York, ON M6A 2N4", "major_intersection": null, "ward": 8, "ward_name": "EGLINTON-LAWRENCE", "located_in_school": "Yes", "school_name": "FLEMINGTON PUBLIC SCHOOL", "lat": 43.720087575999997, "lng": -79.444454007999994, "website": "www.tdsb.on.ca/earlyyears/preschoolyears", "website_name": "Toronto District School Board Website", "website_description": " Website for Agency Toronto District School Board", "consultant_fullname": "Roxanne Martin", "consultant_phone": "416", "email": "Roxanne.Martin@toronto.ca", "contact_fullname": "Kim Fritz", "contact_title": null, "phone": "416-394-2104", "contact_email": "kim.fritz@tdsb.on.ca", "dropinHours": "Monday: 10:00 a.m. - 2:00 p.m.   | Tuesday: 10:00 a.m. - 2:00 p.m.   | Wednesday: 10:00 a.m. - 2:00 p.m.   | Thursday: 10:00 a.m. - 2:00 p.m.   | Friday: 10:00 a.m. - 2:00 p.m.  ", "registeredHours": null, "virtualHours": null, "centre_type": "Centre" }, "geometry": { "type": "MultiPoint", "coordinates": [ [ -79.444454008, 43.720087576 ] ] } },
{ "type": "Feature", "properties": { "_id": 77, "service_system_manager": "City of Toronto", "agency": "Lakeshore Area Multi-services Project (lamp) Inc.", "loc_id": 13646, "program_name": "Franklin Horner EarlyON Child and Family Centre", "languages": "", "french_language_program": null, "indigenous_program": null, "programTypes": "", "serviceName": "", "buildingName": "Franklin Horner Community Centre", "address": "432 Horner Ave", "full_address": "432 Horner Ave, Etobicoke, ON M8W 2B2", "major_intersection": null, "ward": 3, "ward_name": "ETOBICOKE-LAKESHORE", "located_in_school": "No", "school_name": null, "lat": 43.603664412999997, "lng": -79.538033399, "website": "www.lampchc.org", "website_name": "Lakeshore Area Multi-services Project (lamp) Inc. Website", "website_description": " Website for Agency Lakeshore Area Multi-services Project (lamp) Inc.", "consultant_fullname": "Jessica Abraham", "consultant_phone": "416-338-6746", "email": "Jessica.Abraham@toronto.ca", "contact_fullname": "Camisha Johnson", "contact_title": "MANAGER, CHILDRENS PROGRAMS", "phone": "416-252-8293", "contact_email": "camishaj@lampchc.org", "dropinHours": "Monday: 9:00 a.m. - noon   | Tuesday: 1:00 p.m. - 3:00 p.m.   | Wednesday: 9:00 a.m. - noon   | Friday: 9:00 a.m. - noon  ", "registeredHours": "Tuesday: 10:00 a.m. - noon   | Thursday: 10:00 a.m. - noon  ", "virtualHours": null, "centre_type": "Centre" }, "geometry": { "type": "MultiPoint", "coordinates": [ [ -79.538033399, 43.603664413 ] ] } },
{ "type": "Feature", "properties": { "_id": 78, "service_system_manager": "City of Toronto", "agency": "Toronto District School Board", "loc_id": 13031, "program_name": "Fraser Mustard EarlyON Child and Family Centre", "languages": "", "french_language_program": null, "indigenous_program": null, "programTypes": "", "serviceName": "", "buildingName": "Fraser Mustard Early Learning Academy", "address": "82 Thorncliffe Park Dr", "full_address": "82 Thorncliffe Park Dr, Toronto, ON M4H 0A2", "major_intersection": null, "ward": 15, "ward_name": "DON VALLEY WEST", "located_in_school": "Yes", "school_name": "FRASER MUSTARD EARLY LEARNING ACADEMY", "lat": 43.705577747, "lng": -79.343551235999996, "website": "www.tdsb.on.ca/earlyyears/preschoolyears", "website_name": "Toronto District School Board Website", "website_description": " Website for Agency Toronto District School Board", "consultant_fullname": "Roxanne Martin", "consultant_phone": "416", "email": "Roxanne.Martin@toronto.ca", "contact_fullname": "Kim Fritz", "contact_title": null, "phone": "416-394-2104", "contact_email": "kim.fritz@tdsb.on.ca", "dropinHours": "Monday: 8:45 a.m. - 1:45 p.m.   | Tuesday: 8:45 a.m. - 1:45 p.m.   | Wednesday: 8:45 a.m. - 1:45 p.m.   | Thursday: 8:45 a.m. - 1:45 p.m.  ", "registeredHours": null, "virtualHours": null, "centre_type": "Centre" }, "geometry": { "type": "MultiPoint", "coordinates": [ [ -79.343551236, 43.705577747 ] ] } },
{ "type": "Feature", "properties": { "_id": 79, "service_system_manager": "City of Toronto", "agency": "East Scarborough Boys and Girls Club", "loc_id": 12518, "program_name": "Galloway EarlyON Child and Family Centre", "languages": "", "french_language_program": null, "indigenous_program": null, "programTypes": "", "serviceName": "", "buildingName": "Boys And Girls Club Of East Scarborough", "address": "100 Galloway Rd", "full_address": "100 Galloway Rd, Scarborough, ON M1E 1W7", "major_intersection": null, "ward": 24, "ward_name": "SCARBOROUGH-GUILDWOOD", "located_in_school": "No", "school_name": null, "lat": 43.757428446, "lng": -79.193338505, "website": "www.esbgc.net", "website_name": "East Scarborough Boys and Girls Club Website", "website_description": " Website for Agency East Scarborough Boys and Girls Club", "consultant_fullname": "Jene Gordon", "consultant_phone": "416-397-0998", "email": "Jene.Gordon@toronto.ca", "contact_fullname": "Robin Lister", "contact_title": "SNR", "phone": "416-281-0262 X 203", "contact_email": "rlister@esbgc.ca", "dropinHours": "Monday: 9:00 a.m. - 11:00 a.m.   | Tuesday: 10:30 a.m. - 11:30 a.m.   | Wednesday: 9:00 a.m. - 10:00 a.m.  ; 9:00 a.m. - 11:00 a.m.   | Thursday: 10:00 a.m. - 11:00 a.m.  ; 10:30 a.m. - 11:30 a.m.  ; 10:00 a.m. - 11:00 a.m.   | Friday: 9:00 a.m. - 11:00 a.m.  ", "registeredHours": "Monday: 1:00 p.m. - 3:00 p.m.   | Thursday: 1:00 p.m. - 3:00 p.m.  ", "virtualHours": null, "centre_type": "Centre" }, "geometry": { "type": "MultiPoint", "coordinates": [ [ -79.193338505, 43.757428446 ] ] } },
{ "type": "Feature", "properties": { "_id": 80, "service_system_manager": "City of Toronto", "agency": "Toronto District School Board", "loc_id": 12615, "program_name": "General Mercer EarlyON Child and Family Centre", "languages": "", "french_language_program": null, "indigenous_program": null, "programTypes": "", "serviceName": "", "buildingName": "General Mercer Junior Public School", "address": "30 Turnberry Ave", "full_address": "30 Turnberry Ave, Toronto, ON M6N 1P8", "major_intersection": null, "ward": 9, "ward_name": "DAVENPORT", "located_in_school": "Yes", "school_name": "GENERAL MERCER JUNIOR PUBLIC SCHOOL", "lat": 43.678930666, "lng": -79.464022983999996, "website": "www.tdsb.on.ca/earlyyears/preschoolyears", "website_name": "Toronto District School Board Website", "website_description": " Website for Agency Toronto District School Board", "consultant_fullname": "Roxanne Martin", "consultant_phone": "416", "email": "Roxanne.Martin@toronto.ca", "contact_fullname": "Kim Fritz", "contact_title": null, "phone": "416-394-2104", "contact_email": "kim.fritz@tdsb.on.ca", "dropinHours": "Monday: 8:45 a.m. - 1:45 p.m.   | Tuesday: 8:45 a.m. - 1:45 p.m.   | Wednesday: 8:45 a.m. - 1:45 p.m.   | Thursday: 8:45 a.m. - 1:45 p.m.  ", "registeredHours": null, "virtualHours": null, "centre_type": "Centre" }, "geometry": { "type": "MultiPoint", "coordinates": [ [ -79.464022984, 43.678930666 ] ] } },
{ "type": "Feature", "properties": { "_id": 81, "service_system_manager": "City of Toronto", "agency": "Toronto District School Board", "loc_id": 12436, "program_name": "George Anderson EarlyON Child and Family Centre", "languages": "", "french_language_program": null, "indigenous_program": null, "programTypes": "", "serviceName": "", "buildingName": "George Anderson Public School", "address": "30 George Anderson Dr", "full_address": "30 George Anderson Dr, North York, ON M6M 2Y8", "major_intersection": null, "ward": 5, "ward_name": "YORK SOUTH-WESTON", "located_in_school": "Yes", "school_name": "GEORGE ANDERSON PUBLIC SCHOOL", "lat": 43.705453527000003, "lng": -79.478948060999997, "website": "www.tdsb.on.ca", "website_name": "Toronto District School Board Website", "website_description": " Website for Agency Toronto District School Board", "consultant_fullname": "Roxanne Martin", "consultant_phone": "416", "email": "Roxanne.Martin@toronto.ca", "contact_fullname": "Kim Fritz", "contact_title": null, "phone": "416-394-2104", "contact_email": "kim.fritz@tdsb.on.ca", "dropinHours": "Monday: 8:45 a.m. - 1:45 p.m.   | Tuesday: 8:45 a.m. - 1:45 p.m.   | Wednesday: 8:45 a.m. - 1:45 p.m.   | Thursday: 8:45 a.m. - 1:45 p.m.  ", "registeredHours": null, "virtualHours": null, "centre_type": "Centre" }, "geometry": { "type": "MultiPoint", "coordinates": [ [ -79.478948061, 43.705453527 ] ] } },
{ "type": "Feature", "properties": { "_id": 82, "service_system_manager": "City of Toronto", "agency": "George Hull Centre for Children and Families", "loc_id": 12506, "program_name": "George Hull EarlyON  - Highfield", "languages": "", "french_language_program": null, "indigenous_program": null, "programTypes": "", "serviceName": "", "buildingName": "Highfield Public School", "address": "85 Mount Olive Dr", "full_address": "85 Mount Olive Dr, Etobicoke, ON M9V 2C9", "major_intersection": null, "ward": 1, "ward_name": "ETOBICOKE NORTH", "located_in_school": "Yes", "school_name": "HIGHFIELD JUNIOR SCHOOL", "lat": 43.745892048000002, "lng": -79.589145177000006, "website": "www.georgehullcentre.ca", "website_name": "George Hull Centre for Children and Families Website", "website_description": " Website for Agency George Hull Centre for Children and Families", "consultant_fullname": "Jessica Abraham", "consultant_phone": "416-338-6746", "email": "Jessica.Abraham@toronto.ca", "contact_fullname": "Talia Leszcz", "contact_title": "DIRECTOR, PEI", "phone": "416-622-8833", "contact_email": "tleszcz@georgehull.on.ca", "dropinHours": "Monday: 9:00 a.m. - 11:30 a.m.  ; 1:00 p.m. - 3:00 p.m.  ; 9:00 a.m. - 11:30 a.m.  ; 1:00 p.m. - 3:00 p.m.   | Tuesday: 1:00 p.m. - 3:00 p.m.  ; 9:00 a.m. - 11:30 a.m.  ; 1:00 p.m. - 3:00 p.m.   | Wednesday: 1:00 p.m. - 3:00 p.m.  ; 9:00 a.m. - 11:30 a.m.  ; 1:00 p.m. - 3:00 p.m.   | Thursday: 9:00 a.m. - 11:30 a.m.   | Friday: 1:00 p.m. - 3:00 p.m.  ; 9:00 a.m. - 11:30 a.m.  ; 1:00 p.m. - 3:00 p.m.   | Saturday: 9:00 a.m. - 2:00 p.m.  ", "registeredHours": "Monday: 3:00 p.m. - 4:30 p.m.   | Wednesday: 1:00 p.m. - 3:00 p.m.   | Friday: 1:00 p.m. - 3:00 p.m.  ", "virtualHours": null, "centre_type": "Centre" }, "geometry": { "type": "MultiPoint", "coordinates": [ [ -79.589145177, 43.745892048 ] ] } },
{ "type": "Feature", "properties": { "_id": 83, "service_system_manager": "City of Toronto", "agency": "George Hull Centre for Children and Families", "loc_id": 14189, "program_name": "George Hull EarlyON - Fellowship", "languages": "", "french_language_program": null, "indigenous_program": null, "programTypes": "", "serviceName": "", "buildingName": null, "address": "800 Burnhamthorpe Rd", "full_address": "800 Burnhamthorpe Rd, Etobicoke, ON M9C 2Z3", "major_intersection": null, "ward": 2, "ward_name": "ETOBICOKE CENTRE", "located_in_school": "No", "school_name": null, "lat": 43.64028992, "lng": -79.581298368999995, "website": "www.georgehullcentre.ca", "website_name": "George Hull Centre for Children and Families Website", "website_description": " Website for Agency George Hull Centre for Children and Families", "consultant_fullname": "Jessica Abraham", "consultant_phone": "416-338-6746", "email": "Jessica.Abraham@toronto.ca", "contact_fullname": "Talia Leszcz", "contact_title": "DIRECTOR, PEI", "phone": "416-622-8833", "contact_email": "tleszcz@georgehull.on.ca", "dropinHours": "Tuesday: 9:30 a.m. - 11:30 a.m.   | Thursday: 9:30 a.m. - 11:30 a.m.  ", "registeredHours": null, "virtualHours": null, "centre_type": "Centre" }, "geometry": { "type": "MultiPoint", "coordinates": [ [ -79.581298369, 43.64028992 ] ] } },
{ "type": "Feature", "properties": { "_id": 84, "service_system_manager": "City of Toronto", "agency": "Toronto District School Board", "loc_id": 12456, "program_name": "George Webster EarlyON Child and Family Centre", "languages": "", "french_language_program": null, "indigenous_program": null, "programTypes": "", "serviceName": "", "buildingName": "George Webster Elementary School", "address": "50 Chapman Ave", "full_address": "50 Chapman Ave, East York, ON M4B 1C5", "major_intersection": "Victoria Park/dawes Rd", "ward": 19, "ward_name": "BEACHES-EAST YORK", "located_in_school": "Yes", "school_name": "GEORGE WEBSTER ELEMENTARY SCHOOL", "lat": 43.7010489, "lng": -79.299760621000004, "website": "www.tdsb.on.ca/earlyyears/preschoolyears", "website_name": "Toronto District School Board Website", "website_description": " Website for Agency Toronto District School Board", "consultant_fullname": "Roxanne Martin", "consultant_phone": "416", "email": "Roxanne.Martin@toronto.ca", "contact_fullname": "Kim Fritz", "contact_title": null, "phone": "416-394-2104", "contact_email": "kim.fritz@tdsb.on.ca", "dropinHours": "Monday: 9:00 a.m. - 1:00 p.m.   | Tuesday: 9:00 a.m. - 1:00 p.m.   | Wednesday: 9:00 a.m. - 1:00 p.m.   | Thursday: 9:00 a.m. - 1:00 p.m.   | Friday: 9:00 a.m. - 1:00 p.m.  ", "registeredHours": null, "virtualHours": null, "centre_type": "Centre" }, "geometry": { "type": "MultiPoint", "coordinates": [ [ -79.299760621, 43.7010489 ] ] } },
{ "type": "Feature", "properties": { "_id": 85, "service_system_manager": "City of Toronto", "agency": "Toronto District School Board", "loc_id": 12418, "program_name": "Glen Ravine EarlyON Child and Family Centre", "languages": "", "french_language_program": null, "indigenous_program": null, "programTypes": "", "serviceName": "", "buildingName": "Glen Ravine Junior Public School", "address": "11 Gadsby Dr", "full_address": "11 Gadsby Dr, Scarborough, ON M1K 4V4", "major_intersection": null, "ward": 21, "ward_name": "SCARBOROUGH CENTRE", "located_in_school": "Yes", "school_name": "GLEN RAVINE JUNIOR PUBLIC SCHOOL", "lat": 43.738233226200002, "lng": -79.254062144000002, "website": "www.tdsb.on.ca/earlyyears/preschoolyears", "website_name": "Toronto District School Board Website", "website_description": " Website for Agency Toronto District School Board", "consultant_fullname": "Roxanne Martin", "consultant_phone": "416", "email": "Roxanne.Martin@toronto.ca", "contact_fullname": "Kim Fritz", "contact_title": null, "phone": "416-394-2104", "contact_email": "kim.fritz@tdsb.on.ca", "dropinHours": "Monday: 8:45 a.m. - 12:45 p.m.   | Tuesday: 8:45 a.m. - 12:45 p.m.   | Wednesday: 8:45 a.m. - 12:45 p.m.   | Thursday: 8:45 a.m. - 12:45 p.m.   | Friday: 8:45 a.m. - 12:45 p.m.  ", "registeredHours": null, "virtualHours": null, "centre_type": "Centre" }, "geometry": { "type": "MultiPoint", "coordinates": [ [ -79.254062144, 43.738233226200002 ] ] } },
{ "type": "Feature", "properties": { "_id": 86, "service_system_manager": "City of Toronto", "agency": "Toronto District School Board", "loc_id": 12613, "program_name": "Grenoble EarlyON Child and Centre", "languages": "", "french_language_program": null, "indigenous_program": null, "programTypes": "", "serviceName": "", "buildingName": "Grenoble Public School", "address": "9 Grenoble Dr", "full_address": "9 Grenoble Dr, North York, ON M3C 1C3", "major_intersection": null, "ward": 16, "ward_name": "DON VALLEY EAST", "located_in_school": "Yes", "school_name": "GRENOBLE PUBLIC SCHOOL", "lat": 43.715431088000003, "lng": -79.332759752000001, "website": "https://www.tdsb.on.ca/Find-your/Schools/School-PFLC/schno/3152", "website_name": "Toronto District School Board Website", "website_description": " Website for Agency Toronto District School Board", "consultant_fullname": "Roxanne Martin", "consultant_phone": "416", "email": "Roxanne.Martin@toronto.ca", "contact_fullname": "Kim Fritz", "contact_title": null, "phone": "416-394-2104", "contact_email": "kim.fritz@tdsb.on.ca", "dropinHours": "Monday: 9:00 a.m. - 2:00 p.m.   | Tuesday: 9:00 a.m. - 2:00 p.m.   | Wednesday: 9:00 a.m. - 2:00 p.m.   | Thursday: 9:00 a.m. - 2:00 p.m.  ", "registeredHours": null, "virtualHours": null, "centre_type": "Centre" }, "geometry": { "type": "MultiPoint", "coordinates": [ [ -79.332759752, 43.715431088 ] ] } },
{ "type": "Feature", "properties": { "_id": 87, "service_system_manager": "City of Toronto", "agency": "East Scarborough Boys and Girls Club", "loc_id": 13693, "program_name": "Guildwood Library EarlyON Child and Family Centre", "languages": "", "french_language_program": null, "indigenous_program": null, "programTypes": "", "serviceName": "", "buildingName": null, "address": "123 Guildwood Pky", "full_address": "123 Guildwood Pky, Scarborough, ON M1E 4V2", "major_intersection": null, "ward": 24, "ward_name": "SCARBOROUGH-GUILDWOOD", "located_in_school": "No", "school_name": null, "lat": 43.747009016, "lng": -79.199540244000005, "website": null, "website_name": "East Scarborough Boys and Girls Club Website", "website_description": " Website for Agency East Scarborough Boys and Girls Club", "consultant_fullname": "Jene Gordon", "consultant_phone": "416-397-0998", "email": "Jene.Gordon@toronto.ca", "contact_fullname": "Robin Lister", "contact_title": "SNR", "phone": "416-281-0262 X 203", "contact_email": "rlister@esbgc.ca", "dropinHours": "Wednesday: 10:30 a.m. - 11:30 a.m.  ", "registeredHours": null, "virtualHours": null, "centre_type": "Centre" }, "geometry": { "type": "MultiPoint", "coordinates": [ [ -79.199540244, 43.747009016 ] ] } },
{ "type": "Feature", "properties": { "_id": 88, "service_system_manager": "City of Toronto", "agency": "Toronto District School Board", "loc_id": 13034, "program_name": "H A Halbert Junior EarlyON Child and Family Centre", "languages": "", "french_language_program": null, "indigenous_program": null, "programTypes": "", "serviceName": "", "buildingName": "H.A. Halbert Junior Public School", "address": "25 Halbert Place", "full_address": "25 Halbert Place, Toronto, ON M1M 0E1", "major_intersection": null, "ward": 20, "ward_name": "SCARBOROUGH SOUTHWEST", "located_in_school": "Yes", "school_name": "H A HALBERT JUNIOR PUBLIC SCHOOL", "lat": 43.727649597000003, "lng": -79.231736063, "website": "www.tdsb.on.ca/earlyyears/preschoolyears", "website_name": "Toronto District School Board Website", "website_description": " Website for Agency Toronto District School Board", "consultant_fullname": "Roxanne Martin", "consultant_phone": "416", "email": "Roxanne.Martin@toronto.ca", "contact_fullname": "Kim Fritz", "contact_title": null, "phone": "416-394-2104", "contact_email": "kim.fritz@tdsb.on.ca", "dropinHours": "Monday: 9:00 a.m. - 2:00 p.m.   | Tuesday: 9:00 a.m. - 2:00 p.m.   | Wednesday: 9:00 a.m. - 2:00 p.m.   | Thursday: 9:00 a.m. - 2:00 p.m.  ", "registeredHours": null, "virtualHours": null, "centre_type": "Centre" }, "geometry": { "type": "MultiPoint", "coordinates": [ [ -79.231736063, 43.727649597 ] ] } },
{ "type": "Feature", "properties": { "_id": 89, "service_system_manager": "City of Toronto", "agency": "Davenport-perth Neighbourhood Chc", "loc_id": 12423, "program_name": "Healthy Beginnings EarlyON Child and Family Centre", "languages": "", "french_language_program": null, "indigenous_program": null, "programTypes": "", "serviceName": "", "buildingName": null, "address": "1884 Davenport Rd", "full_address": "1884 Davenport Rd, Toronto, ON M6N 4Y2", "major_intersection": null, "ward": 9, "ward_name": "DAVENPORT", "located_in_school": "No", "school_name": null, "lat": 43.670812011000002, "lng": -79.453749486000007, "website": "www.dpnchc.ca", "website_name": "Davenport-perth Neighbourhood Chc Website", "website_description": " Website for Agency Davenport-perth Neighbourhood Chc", "consultant_fullname": "Maureen Mcdonald", "consultant_phone": "416-338-6528", "email": "mmcdona5@toronto.ca", "contact_fullname": "Amada Cisternas", "contact_title": "MANAGER EARLY ON", "phone": "416-656-8025 X 550", "contact_email": "acisternas@dpnchc.ca", "dropinHours": "Wednesday: 10:00 a.m. - 1:00 p.m.  ", "registeredHours": null, "virtualHours": null, "centre_type": "Centre" }, "geometry": { "type": "MultiPoint", "coordinates": [ [ -79.453749486, 43.670812011 ] ] } },
{ "type": "Feature", "properties": { "_id": 90, "service_system_manager": "City of Toronto", "agency": "Cliffcrest Community Centre", "loc_id": 6819, "program_name": "Heartbeatz EarlyON Child and Family Centre", "languages": "", "french_language_program": null, "indigenous_program": null, "programTypes": "", "serviceName": "", "buildingName": "Hope Evangelical Lutheran Church", "address": "14 Centre St", "full_address": "14 Centre St, Scarborough, ON M1J 3B5", "major_intersection": "Markham / Eglinton E.", "ward": 24, "ward_name": "SCARBOROUGH-GUILDWOOD", "located_in_school": "No", "school_name": null, "lat": 43.743801726000001, "lng": -79.221409073999993, "website": "www.heartbeatz.ca", "website_name": "Cliffcrest Community Centre Website", "website_description": " Website for Agency Cliffcrest Community Centre", "consultant_fullname": "Jene Gordon", "consultant_phone": "416-397-0998", "email": "Jene.Gordon@toronto.ca", "contact_fullname": "Colleen Ingle", "contact_title": "CHIEF EXECUTIVE OFFICER", "phone": "289-923-0923", "contact_email": "inglecolleen@heartbeatz.ca", "dropinHours": "Monday: 9:00 a.m. - 3:00 p.m.   | Tuesday: 9:00 a.m. - 3:00 p.m.   | Wednesday: 9:00 a.m. - 3:00 p.m.   | Thursday: 9:00 a.m. - 3:00 p.m.   | Friday: 9:00 a.m. - 3:00 p.m.  ", "registeredHours": "Wednesday: 1:00 p.m. - 2:00 p.m.  ; 11:00 a.m. - noon  ", "virtualHours": null, "centre_type": "Centre" }, "geometry": { "type": "MultiPoint", "coordinates": [ [ -79.221409074, 43.743801726 ] ] } },
{ "type": "Feature", "properties": { "_id": 91, "service_system_manager": "City of Toronto", "agency": "East Scarborough Boys and Girls Club", "loc_id": 13405, "program_name": "Highland Creek EarlyON Child and Family Centre", "languages": "", "french_language_program": null, "indigenous_program": null, "programTypes": "", "serviceName": "", "buildingName": null, "address": "3550 Ellesmere Rd", "full_address": "3550 Ellesmere Rd, Scarborough, ON M1C 3Z2", "major_intersection": null, "ward": 25, "ward_name": "SCARBOROUGH-ROUGE PARK", "located_in_school": "No", "school_name": null, "lat": 43.790069263100001, "lng": -79.175237823900005, "website": null, "website_name": "East Scarborough Boys and Girls Club Website", "website_description": " Website for Agency East Scarborough Boys and Girls Club", "consultant_fullname": "Jene Gordon", "consultant_phone": "416-397-0998", "email": "Jene.Gordon@toronto.ca", "contact_fullname": "Robin Lister", "contact_title": "SNR", "phone": "416-281-0262 X 203", "contact_email": "rlister@esbgc.ca", "dropinHours": "Tuesday: 10:30 a.m. - 11:30 a.m.  ; 1:00 p.m. - 2:00 p.m.  ", "registeredHours": null, "virtualHours": null, "centre_type": "Centre" }, "geometry": { "type": "MultiPoint", "coordinates": [ [ -79.175237823900005, 43.790069263100001 ] ] } },
{ "type": "Feature", "properties": { "_id": 92, "service_system_manager": "City of Toronto", "agency": "Toronto District School Board", "loc_id": 12612, "program_name": "Highland Heights EarlyON Child and Family Centre", "languages": "", "french_language_program": null, "indigenous_program": null, "programTypes": "", "serviceName": "", "buildingName": "Highland Heights Junior Public School", "address": "35 Glendower Circt", "full_address": "35 Glendower Circt, Scarborough, ON M1T 2Z3", "major_intersection": null, "ward": 22, "ward_name": "SCARBOROUGH-AGINCOURT", "located_in_school": "Yes", "school_name": "HIGHLAND HEIGHTS JUNIOR PUBLIC SCHOOL", "lat": 43.794419906000002, "lng": -79.30026234, "website": "www.tdsb.on.ca/earlyyears/preschoolyears", "website_name": "Toronto District School Board Website", "website_description": " Website for Agency Toronto District School Board", "consultant_fullname": "Roxanne Martin", "consultant_phone": "416", "email": "Roxanne.Martin@toronto.ca", "contact_fullname": "Kim Fritz", "contact_title": null, "phone": "416-394-2104", "contact_email": "kim.fritz@tdsb.on.ca", "dropinHours": "Monday: 8:45 a.m. - 1:45 p.m.   | Tuesday: 8:45 a.m. - 1:45 p.m.   | Wednesday: 8:45 a.m. - 1:45 p.m.   | Thursday: 8:45 a.m. - 1:45 p.m.  ", "registeredHours": null, "virtualHours": null, "centre_type": "Centre" }, "geometry": { "type": "MultiPoint", "coordinates": [ [ -79.30026234, 43.794419906 ] ] } },
{ "type": "Feature", "properties": { "_id": 93, "service_system_manager": "City of Toronto", "agency": "Toronto Catholic District School Board", "loc_id": 12411, "program_name": "Holy Spirit EarlyON Child and Family Centre", "languages": "Gujarati; Hindi; Urdu", "french_language_program": null, "indigenous_program": null, "programTypes": "", "serviceName": "", "buildingName": "Holy Spirit Catholoic School", "address": "3530 Sheppard Ave E", "full_address": "3530 Sheppard Ave E, Scarborough, ON M1T 3K7", "major_intersection": null, "ward": 22, "ward_name": "SCARBOROUGH-AGINCOURT", "located_in_school": "Yes", "school_name": "HOLY SPIRIT CATHOLIC SCHOOL", "lat": 43.781293597999998, "lng": -79.302695677000003, "website": "www.tcdsb.org/programsservices/earlyyear", "website_name": "Toronto Catholic District School Board Website", "website_description": " Website for Agency Toronto Catholic District School Board", "consultant_fullname": "Roxanne Martin", "consultant_phone": "416", "email": "Roxanne.Martin@toronto.ca", "contact_fullname": "Alison Grbic", "contact_title": null, "phone": "416-222-8282", "contact_email": "alison.grbic@tcdsb.org", "dropinHours": "Monday: 9:15 a.m. - 1:15 p.m.   | Tuesday: 9:15 a.m. - 1:15 p.m.   | Wednesday: 9:15 a.m. - 1:15 p.m.   | Thursday: 9:15 a.m. - 1:15 p.m.   | Friday: 9:15 a.m. - 1:15 p.m.  ", "registeredHours": null, "virtualHours": null, "centre_type": "Centre" }, "geometry": { "type": "MultiPoint", "coordinates": [ [ -79.302695677, 43.781293598 ] ] } },
{ "type": "Feature", "properties": { "_id": 94, "service_system_manager": "City of Toronto", "agency": "Toronto District School Board", "loc_id": 12611, "program_name": "Indian Road Cresent EarlyON Child and Family Centre", "languages": "", "french_language_program": null, "indigenous_program": null, "programTypes": "", "serviceName": "", "buildingName": "Indian Road Crescent Junior Public School", "address": "285 Indian Road Cres", "full_address": "285 Indian Road Cres, Toronto, ON M6P 2G8", "major_intersection": null, "ward": 4, "ward_name": "PARKDALE-HIGH PARK", "located_in_school": "Yes", "school_name": "INDIAN ROAD CRESCENT JUNIOR PUBLIC SCHOOL", "lat": 43.662528729000002, "lng": -79.460077901999995, "website": "www.tdsb.on.ca/earlyyears/preschoolyears", "website_name": "Toronto District School Board Website", "website_description": " Website for Agency Toronto District School Board", "consultant_fullname": "Roxanne Martin", "consultant_phone": "416", "email": "Roxanne.Martin@toronto.ca", "contact_fullname": "Kim Fritz", "contact_title": null, "phone": "416-394-2104", "contact_email": "kim.fritz@tdsb.on.ca", "dropinHours": "Monday: 9:00 a.m. - 1:30 p.m.   | Tuesday: 9:00 a.m. - 1:30 p.m.   | Wednesday: 9:00 a.m. - noon  ; 12:30 p.m. - 4:00 p.m.   | Thursday: 9:00 a.m. - 1:30 p.m.  ", "registeredHours": null, "virtualHours": null, "centre_type": "Centre" }, "geometry": { "type": "MultiPoint", "coordinates": [ [ -79.460077902, 43.662528729 ] ] } },
{ "type": "Feature", "properties": { "_id": 95, "service_system_manager": "City of Toronto", "agency": "Toronto District School Board", "loc_id": 12609, "program_name": "J.R. Wilcox EarlyON Child and Family Centre", "languages": "", "french_language_program": null, "indigenous_program": null, "programTypes": "", "serviceName": "", "buildingName": "J.R. Wilcox Community School", "address": "231 Ava Rd", "full_address": "231 Ava Rd, York, ON M6C 1X3", "major_intersection": null, "ward": 12, "ward_name": "TORONTO-ST. PAUL'S", "located_in_school": "Yes", "school_name": "J R WILCOX COMMUNITY SCHOOL", "lat": 43.694955384300002, "lng": -79.436308519099995, "website": "https://www.tdsb.on.ca/parenting", "website_name": "Toronto District School Board Website", "website_description": " Website for Agency Toronto District School Board", "consultant_fullname": "Roxanne Martin", "consultant_phone": "416", "email": "Roxanne.Martin@toronto.ca", "contact_fullname": "Kim Fritz", "contact_title": null, "phone": "416-394-2104", "contact_email": "kim.fritz@tdsb.on.ca", "dropinHours": "Monday: 8:45 a.m. - 1:45 p.m.   | Tuesday: 8:45 a.m. - 1:45 p.m.   | Wednesday: 8:45 a.m. - 1:45 p.m.   | Thursday: 8:45 a.m. - 1:45 p.m.  ", "registeredHours": null, "virtualHours": null, "centre_type": "Centre" }, "geometry": { "type": "MultiPoint", "coordinates": [ [ -79.436308519099995, 43.694955384300002 ] ] } },
{ "type": "Feature", "properties": { "_id": 96, "service_system_manager": "City of Toronto", "agency": "Delta Family Resource Centre", "loc_id": 8858, "program_name": "Jane and Sheppard EarlyON Child and Family Centre", "languages": "", "french_language_program": null, "indigenous_program": null, "programTypes": "", "serviceName": "", "buildingName": null, "address": "1900 Sheppard Ave W", "full_address": "1900 Sheppard Ave W, North York, ON M3L 1Y7", "major_intersection": null, "ward": 7, "ward_name": "HUMBER RIVER-BLACK CREEK", "located_in_school": "No", "school_name": null, "lat": 43.740025128, "lng": -79.509714966999994, "website": "www.dfrc.ca", "website_name": "Delta Family Resource Centre Website", "website_description": " Website for Agency Delta Family Resource Centre", "consultant_fullname": "Jessica Abraham", "consultant_phone": "416-338-6746", "email": "Jessica.Abraham@toronto.ca", "contact_fullname": "Mohamed  Mohamed ", "contact_title": "PROGRAM MANAGER ", "phone": "416-747-1172 X 53", "contact_email": "mmohamed@dfrc.ca", "dropinHours": "Monday: 9:00 a.m. - 7:00 p.m.   | Tuesday: 9:00 a.m. - 3:00 p.m.   | Wednesday: 9:00 a.m. - 3:00 p.m.   | Friday: 9:00 a.m. - 3:00 p.m.   | Saturday: 9:00 a.m. - noon  ", "registeredHours": null, "virtualHours": null, "centre_type": "Centre" }, "geometry": { "type": "MultiPoint", "coordinates": [ [ -79.509714967, 43.740025128 ] ] } },
{ "type": "Feature", "properties": { "_id": 97, "service_system_manager": "City of Toronto", "agency": "Jane/finch Community and Family Centre", "loc_id": 12544, "program_name": "Jane Finch Mall EarlyON Child and Family Centre", "languages": "Akan (Twi); Arabic; Cantonese; Chinese - Other; Dari; Edo; Hindi; Korean; Mandarin; Panjabi (Punjabi); Portuguese; Spanish; Tamil; Vietnamese", "french_language_program": null, "indigenous_program": null, "programTypes": "", "serviceName": "", "buildingName": null, "address": "1911 Finch Ave W", "full_address": "1911 Finch Ave W, North York, ON M3N 2V2", "major_intersection": "Finch Ave West/jane Street", "ward": 7, "ward_name": "HUMBER RIVER-BLACK CREEK", "located_in_school": "No", "school_name": null, "lat": 43.756929225999997, "lng": -79.515458385000002, "website": "www.janefinchcentre.org", "website_name": "Jane/finch Community and Family Centre Website", "website_description": " Website for Agency Jane/finch Community and Family Centre", "consultant_fullname": "Jessica Abraham", "consultant_phone": "416-338-6746", "email": "Jessica.Abraham@toronto.ca", "contact_fullname": "Alicia Khargie", "contact_title": "PROGRAM MANAGER", "phone": "416-663-2733", "contact_email": "aliciao@janefinchcentre.org", "dropinHours": "Monday: 9:15 a.m. - noon  ; noon - 3:00 p.m.   | Tuesday: 9:15 a.m. - noon  ; noon - 3:00 p.m.  ; 1:00 p.m. - 3:00 p.m.  ; 3:00 p.m. - 7:00 p.m.   | Wednesday: 9:15 a.m. - noon  ; noon - 4:30 p.m.   | Thursday: 9:15 a.m. - noon  ; noon - 3:00 p.m.   | Friday: 9:30 a.m. - 3:30 p.m.  ", "registeredHours": "Wednesday: 4:30 p.m. - 7:00 p.m.  ", "virtualHours": null, "centre_type": "Centre" }, "geometry": { "type": "MultiPoint", "coordinates": [ [ -79.515458385, 43.756929226 ] ] } },
{ "type": "Feature", "properties": { "_id": 98, "service_system_manager": "City of Toronto", "agency": "Jane/finch Community and Family Centre", "loc_id": 14512, "program_name": "Jane Sheppard Library", "languages": "", "french_language_program": null, "indigenous_program": null, "programTypes": "", "serviceName": null, "buildingName": "Toronto Public Library", "address": "1906 Sheppard Ave W", "full_address": "1906 Sheppard Ave W, North York, ON M3L 1Y7", "major_intersection": "Jane St/sheppard Ave W", "ward": 7, "ward_name": "HUMBER RIVER-BLACK CREEK", "located_in_school": "No", "school_name": null, "lat": 43.739951802999997, "lng": -79.510032422999998, "website": "www.janefinchcentre.org", "website_name": "Jane/finch Community and Family Centre Website", "website_description": " Website for Agency Jane/finch Community and Family Centre", "consultant_fullname": "Jessica Abraham", "consultant_phone": "416-338-6746", "email": "Jessica.Abraham@toronto.ca", "contact_fullname": "Eunbi Gang", "contact_title": "MANAGER", "phone": "647-773-2733 X 210", "contact_email": "eunbg@janefinchcentre.org", "dropinHours": null, "registeredHours": null, "virtualHours": null, "centre_type": "Centre" }, "geometry": { "type": "MultiPoint", "coordinates": [ [ -79.510032423, 43.739951803 ] ] } },
{ "type": "Feature", "properties": { "_id": 99, "service_system_manager": "City of Toronto", "agency": "Macaulay Centres for Children", "loc_id": 8860, "program_name": "Jane Street Hub EarlyON Child and Family Centre", "languages": "", "french_language_program": null, "indigenous_program": null, "programTypes": "", "serviceName": "", "buildingName": "York Community Services", "address": "1541 Jane St", "full_address": "1541 Jane St, North York, ON M9N 2R3", "major_intersection": null, "ward": 5, "ward_name": "YORK SOUTH-WESTON", "located_in_school": "No", "school_name": null, "lat": 43.698383345000003, "lng": -79.501916107, "website": "www.macaulaycentre.org", "website_name": "Macaulay Centres for Children Website", "website_description": " Website for Agency Macaulay Centres for Children", "consultant_fullname": "Maureen Mcdonald", "consultant_phone": "416-338-6528", "email": "mmcdona5@toronto.ca", "contact_fullname": "Julia Weglorz", "contact_title": "SUPERVISOR", "phone": "416-789-7441 X 407", "contact_email": "jweglorz@macaulaycentres.org", "dropinHours": "Monday: 10:00 a.m. - 11:30 a.m.   | Tuesday: 10:00 a.m. - noon  ; 3:30 p.m. - 6:00 p.m.   | Wednesday: 10:00 a.m. - noon  ; 2:00 p.m. - 4:00 p.m.   | Thursday: 2:00 p.m. - 3:30 p.m.  ; 4:30 p.m. - 6:30 p.m.   | Saturday: 9:00 a.m. - noon  ", "registeredHours": "Monday: 2:00 p.m. - 4:00 p.m.   | Thursday: 10:00 a.m. - noon   | Friday: 10:00 a.m. - noon  ", "virtualHours": null, "centre_type": "Centre" }, "geometry": { "type": "MultiPoint", "coordinates": [ [ -79.501916107, 43.698383345 ] ] } },
{ "type": "Feature", "properties": { "_id": 100, "service_system_manager": "City of Toronto", "agency": "TNO - The Neighbourhood Organization", "loc_id": 13949, "program_name": "Jenner Jean Marie EarlyON Child and Family Centre", "languages": "Bengali; Cantonese; Dari; Gujarati; Hindi; Pashto; Persian (Farsi); Russian; Urdu", "french_language_program": null, "indigenous_program": null, "programTypes": "", "serviceName": "", "buildingName": null, "address": "48 Thorncliffe Park Dr", "full_address": "48 Thorncliffe Park Dr, East York, ON M4H 1J7", "major_intersection": null, "ward": 15, "ward_name": "DON VALLEY WEST", "located_in_school": "No", "school_name": null, "lat": 43.702947408, "lng": -79.342736826000007, "website": "www.tno-toronto.org", "website_name": "TNO - The Neighbourhood Organization Website", "website_description": " Website for Agency TNO - The Neighbourhood Organization", "consultant_fullname": "Maureen Mcdonald", "consultant_phone": "416-338-6528", "email": "mmcdona5@toronto.ca", "contact_fullname": "Alaka Brahma", "contact_title": "MANAGER OF FAMILY AND WELLNESS", "phone": "416-424-2900 X 20", "contact_email": "abrahma@tno-toronto.org", "dropinHours": "Friday: 9:30 a.m. - 11:30 a.m.  ", "registeredHours": null, "virtualHours": null, "centre_type": "Centre" }, "geometry": { "type": "MultiPoint", "coordinates": [ [ -79.342736826, 43.702947408 ] ] } },
{ "type": "Feature", "properties": { "_id": 101, "service_system_manager": "City of Toronto", "agency": "Lakeshore Area Multi-services Project (lamp) Inc.", "loc_id": 13312, "program_name": "John English EarlyON Child and Family Centre", "languages": "", "french_language_program": null, "indigenous_program": null, "programTypes": "", "serviceName": "", "buildingName": "John English Junior Middle School", "address": "95 Mimico Ave", "full_address": "95 Mimico Ave, Etobicoke, ON M8V 1R4", "major_intersection": "Mimico / Royal York Rd.", "ward": 3, "ward_name": "ETOBICOKE-LAKESHORE", "located_in_school": "Yes", "school_name": "JOHN ENGLISH JUNIOR MIDDLE SCHOOL", "lat": 43.611855735, "lng": -79.494418001, "website": "www.lampchc.org", "website_name": "Lakeshore Area Multi-services Project (lamp) Inc. Website", "website_description": " Website for Agency Lakeshore Area Multi-services Project (lamp) Inc.", "consultant_fullname": "Jessica Abraham", "consultant_phone": "416-338-6746", "email": "Jessica.Abraham@toronto.ca", "contact_fullname": "Camisha Johnson", "contact_title": "MANAGER, CHILDRENS PROGRAMS", "phone": "416-252-8293", "contact_email": "camishaj@lampchc.org", "dropinHours": "Monday: 9:00 a.m. - noon   | Tuesday: 9:00 a.m. - noon   | Wednesday: 9:00 a.m. - noon   | Friday: 9:00 a.m. - noon  ", "registeredHours": "Monday: 1:00 p.m. - 3:00 p.m.  ", "virtualHours": null, "centre_type": "Centre" }, "geometry": { "type": "MultiPoint", "coordinates": [ [ -79.494418001, 43.611855735 ] ] } },
{ "type": "Feature", "properties": { "_id": 102, "service_system_manager": "City of Toronto", "agency": "Toronto District School Board", "loc_id": 13035, "program_name": "John McCrae EarlyON Child and Family Centre", "languages": "", "french_language_program": null, "indigenous_program": null, "programTypes": "", "serviceName": "", "buildingName": "John McCrae Public School", "address": "431 McCowan Rd", "full_address": "431 McCowan Rd, Scarborough, ON M1J 1J1", "major_intersection": null, "ward": 21, "ward_name": "SCARBOROUGH CENTRE", "located_in_school": "Yes", "school_name": "JOHN MCCRAE PUBLIC SCHOOL", "lat": 43.744044250999998, "lng": -79.239886514000005, "website": "www.tdsb.org", "website_name": "Toronto District School Board Website", "website_description": " Website for Agency Toronto District School Board", "consultant_fullname": "Roxanne Martin", "consultant_phone": "416", "email": "Roxanne.Martin@toronto.ca", "contact_fullname": "Kim Fritz", "contact_title": null, "phone": "416-394-2104", "contact_email": "kim.fritz@tdsb.on.ca", "dropinHours": "Monday: 8:45 a.m. - 12:45 p.m.   | Tuesday: 8:45 a.m. - 12:45 p.m.   | Wednesday: 8:45 a.m. - 12:45 p.m.   | Thursday: 8:45 a.m. - 12:45 p.m.   | Friday: 8:45 a.m. - 12:45 p.m.  ", "registeredHours": null, "virtualHours": null, "centre_type": "Centre" }, "geometry": { "type": "MultiPoint", "coordinates": [ [ -79.239886514, 43.744044251 ] ] } },
{ "type": "Feature", "properties": { "_id": 103, "service_system_manager": "City of Toronto", "agency": "Toronto District School Board", "loc_id": 13037, "program_name": "Joseph Brant EarlyON Child and Family Centre", "languages": "", "french_language_program": null, "indigenous_program": null, "programTypes": "", "serviceName": "", "buildingName": "Joseph Brant Public School", "address": "270 Manse Rd", "full_address": "270 Manse Rd, Scarborough, ON M1E 3V4", "major_intersection": null, "ward": 25, "ward_name": "SCARBOROUGH-ROUGE PARK", "located_in_school": "Yes", "school_name": "JOSEPH BRANT PUBLIC SCHOOL", "lat": 43.767044034000001, "lng": -79.175497546000003, "website": "www.tdsb.org", "website_name": "Toronto District School Board Website", "website_description": " Website for Agency Toronto District School Board", "consultant_fullname": "Roxanne Martin", "consultant_phone": "416", "email": "Roxanne.Martin@toronto.ca", "contact_fullname": "Kim Fritz", "contact_title": null, "phone": "416-394-2104", "contact_email": "kim.fritz@tdsb.on.ca", "dropinHours": "Monday: 8:30 a.m. - 12:30 p.m.   | Tuesday: 8:30 a.m. - 12:30 p.m.   | Wednesday: 8:30 a.m. - 12:30 p.m.   | Thursday: 8:30 a.m. - 12:30 p.m.   | Friday: 8:30 a.m. - 12:30 p.m.  ", "registeredHours": null, "virtualHours": null, "centre_type": "Centre" }, "geometry": { "type": "MultiPoint", "coordinates": [ [ -79.175497546, 43.767044034 ] ] } },
{ "type": "Feature", "properties": { "_id": 104, "service_system_manager": "City of Toronto", "agency": "Macaulay Centres for Children", "loc_id": 12503, "program_name": "Joyce Public School EarlyON Child and Family Centre", "languages": "", "french_language_program": null, "indigenous_program": null, "programTypes": "", "serviceName": "", "buildingName": "Joyce Public School", "address": "26 Joyce Pky", "full_address": "26 Joyce Pky, North York, ON M6B 2S9", "major_intersection": null, "ward": 8, "ward_name": "EGLINTON-LAWRENCE", "located_in_school": "Yes", "school_name": "JOYCE PUBLIC SCHOOL", "lat": 43.709775397000001, "lng": -79.463757489000002, "website": "www.macaulaycentre.org", "website_name": "Macaulay Centres for Children Website", "website_description": " Website for Agency Macaulay Centres for Children", "consultant_fullname": "Maureen Mcdonald", "consultant_phone": "416-338-6528", "email": "mmcdona5@toronto.ca", "contact_fullname": "Julia Weglorz", "contact_title": "SUPERVISOR", "phone": "416-789-7441 X 407", "contact_email": "jweglorz@macaulaycentres.org", "dropinHours": "Monday: 1:00 p.m. - 2:45 p.m.   | Thursday: 1:00 p.m. - 2:45 p.m.  ", "registeredHours": "Monday: 1:30 p.m. - 3:30 p.m.   | Tuesday: 1:30 p.m. - 2:45 p.m.  ; 1:30 p.m. - 3:30 p.m.   | Wednesday: 1:30 p.m. - 2:45 p.m.  ; 1:30 p.m. - 3:30 p.m.   | Thursday: 1:30 p.m. - 3:30 p.m.  ", "virtualHours": null, "centre_type": "Centre" }, "geometry": { "type": "MultiPoint", "coordinates": [ [ -79.463757489, 43.709775397 ] ] } },
{ "type": "Feature", "properties": { "_id": 105, "service_system_manager": "City of Toronto", "agency": "Macaulay Centres for Children", "loc_id": 14661, "program_name": "Keele Hub", "languages": "", "french_language_program": null, "indigenous_program": null, "programTypes": "", "serviceName": null, "buildingName": null, "address": "1652 Keele St", "full_address": "1652 Keele St, Toronto, ON M6M 3W3", "major_intersection": "Keele St/old Weston Rd", "ward": 5, "ward_name": "YORK SOUTH-WESTON", "located_in_school": "No", "school_name": null, "lat": 43.683885134000001, "lng": -79.472797448999998, "website": null, "website_name": "Macaulay Centres for Children Website", "website_description": " Website for Agency Macaulay Centres for Children", "consultant_fullname": "Maureen Mcdonald", "consultant_phone": "416-338-6528", "email": "mmcdona5@toronto.ca", "contact_fullname": "Julia Weglorz", "contact_title": "SUPERVISOR", "phone": "416-789-7441 X 407", "contact_email": "jweglorz@macaulaycentres.org", "dropinHours": null, "registeredHours": null, "virtualHours": null, "centre_type": "Centre" }, "geometry": { "type": "MultiPoint", "coordinates": [ [ -79.472797449, 43.683885134 ] ] } },
{ "type": "Feature", "properties": { "_id": 106, "service_system_manager": "City of Toronto", "agency": "East End Child/parent Development Centre of Metro Toronto", "loc_id": 6217, "program_name": "Kimbourne EarlyON Child and Family Centre", "languages": "", "french_language_program": null, "indigenous_program": null, "programTypes": "", "serviceName": "", "buildingName": "Kimbourne Park United Church", "address": "200 Wolverleigh Blvd", "full_address": "200 Wolverleigh Blvd, Toronto, ON M4C 1S2", "major_intersection": null, "ward": 19, "ward_name": "BEACHES-EAST YORK", "located_in_school": "No", "school_name": null, "lat": 43.685682997000001, "lng": -79.322512712000005, "website": "www.eastendchildrenscentre.org", "website_name": "East End Child/parent Development Centre of Metro Toronto Website", "website_description": " Website for Agency East End Child/parent Development Centre of Metro Toronto", "consultant_fullname": "Roxanne Martin", "consultant_phone": "416", "email": "Roxanne.Martin@toronto.ca", "contact_fullname": "Cathy Wright", "contact_title": "SUPERVISOR", "phone": "416-469-0495", "contact_email": "eecc@rogers.com", "dropinHours": "Tuesday: 9:00 a.m. - noon  ; 4:00 p.m. - 6:00 p.m.   | Wednesday: 9:00 a.m. - noon   | Thursday: 9:00 a.m. - noon  ; 1:30 p.m. - 3:30 p.m.   | Saturday: 9:30 a.m. - noon  ", "registeredHours": "Friday: 9:00 a.m. - 11:00 a.m.  ", "virtualHours": null, "centre_type": "Centre" }, "geometry": { "type": "MultiPoint", "coordinates": [ [ -79.322512712, 43.685682997 ] ] } },
{ "type": "Feature", "properties": { "_id": 107, "service_system_manager": "City of Toronto", "agency": "Toronto District School Board", "loc_id": 12607, "program_name": "Kingslake EarlyON Child and Family Centre", "languages": "", "french_language_program": null, "indigenous_program": null, "programTypes": "", "serviceName": "", "buildingName": "Kingslake Public School", "address": "90 Kingslake Rd", "full_address": "90 Kingslake Rd, North York, ON M2J 3E8", "major_intersection": null, "ward": 17, "ward_name": "DON VALLEY NORTH", "located_in_school": "Yes", "school_name": "KINGSLAKE PUBLIC SCHOOL", "lat": 43.78478191, "lng": -79.345530245000006, "website": "www.tdsb.on.ca/earlyyears/preschoolyears", "website_name": "Toronto District School Board Website", "website_description": " Website for Agency Toronto District School Board", "consultant_fullname": "Roxanne Martin", "consultant_phone": "416", "email": "Roxanne.Martin@toronto.ca", "contact_fullname": "Kim Fritz", "contact_title": null, "phone": "416-394-2104", "contact_email": "kim.fritz@tdsb.on.ca", "dropinHours": "Monday: 8:45 a.m. - 1:45 p.m.   | Tuesday: 8:45 a.m. - 1:45 p.m.   | Wednesday: 8:45 a.m. - 1:45 p.m.   | Thursday: 8:45 a.m. - 1:45 p.m.  ", "registeredHours": null, "virtualHours": null, "centre_type": "Centre" }, "geometry": { "type": "MultiPoint", "coordinates": [ [ -79.345530245, 43.78478191 ] ] } },
{ "type": "Feature", "properties": { "_id": 108, "service_system_manager": "City of Toronto", "agency": "Toronto District School Board", "loc_id": 12606, "program_name": "Kingsview Village EarlyON Child and Family Centre", "languages": "", "french_language_program": null, "indigenous_program": null, "programTypes": "", "serviceName": "", "buildingName": "Kingsview Village Junior Public School", "address": "1 York Rd", "full_address": "1 York Rd, Etobicoke, ON M9R 3C8", "major_intersection": null, "ward": 1, "ward_name": "ETOBICOKE NORTH", "located_in_school": "Yes", "school_name": "KINGSVIEW VILLAGE JUNIOR SCHOOL", "lat": 43.697866656000002, "lng": -79.550789124000005, "website": "www.tdsb.on.ca/earlyyears/preschoolyears", "website_name": "Toronto District School Board Website", "website_description": " Website for Agency Toronto District School Board", "consultant_fullname": "Roxanne Martin", "consultant_phone": "416", "email": "Roxanne.Martin@toronto.ca", "contact_fullname": "Kim Fritz", "contact_title": null, "phone": "416-394-2104", "contact_email": "kim.fritz@tdsb.on.ca", "dropinHours": "Monday: 8:45 a.m. - 1:45 p.m.   | Tuesday: 8:45 a.m. - 1:45 p.m.   | Wednesday: 8:45 a.m. - 1:45 p.m.   | Thursday: 8:45 a.m. - 1:45 p.m.  ", "registeredHours": null, "virtualHours": null, "centre_type": "Centre" }, "geometry": { "type": "MultiPoint", "coordinates": [ [ -79.550789124, 43.697866656 ] ] } },
{ "type": "Feature", "properties": { "_id": 109, "service_system_manager": "City of Toronto", "agency": "Toronto District School Board", "loc_id": 12433, "program_name": "Knob Hill EarlyON Child and Family Centre", "languages": "", "french_language_program": null, "indigenous_program": null, "programTypes": "", "serviceName": "", "buildingName": "Knob Hill Jr Public School", "address": "25 Seminole Ave", "full_address": "25 Seminole Ave, Scarborough, ON M1J 1M8", "major_intersection": null, "ward": 21, "ward_name": "SCARBOROUGH CENTRE", "located_in_school": "Yes", "school_name": "KNOB HILL JUNIOR PUBLIC SCHOOL", "lat": 43.74529228, "lng": -79.249785031000002, "website": "www.tdsb.on.ca/earlyyears/preschoolyears", "website_name": "Toronto District School Board Website", "website_description": " Website for Agency Toronto District School Board", "consultant_fullname": "Roxanne Martin", "consultant_phone": "416", "email": "Roxanne.Martin@toronto.ca", "contact_fullname": "Kim Fritz", "contact_title": null, "phone": "416-394-2104", "contact_email": "kim.fritz@tdsb.on.ca", "dropinHours": "Monday: 8:30 a.m. - 1:30 p.m.   | Tuesday: 8:30 a.m. - 1:30 p.m.   | Wednesday: 8:30 a.m. - 1:30 p.m.   | Thursday: 8:30 a.m. - 1:30 p.m.  ", "registeredHours": null, "virtualHours": null, "centre_type": "Centre" }, "geometry": { "type": "MultiPoint", "coordinates": [ [ -79.249785031, 43.74529228 ] ] } },
{ "type": "Feature", "properties": { "_id": 110, "service_system_manager": "City of Toronto", "agency": "Lakeshore Area Multi-services Project (lamp) Inc.", "loc_id": 6238, "program_name": "Lakeshore Area-Main EarlyON Child and Family Centre", "languages": "", "french_language_program": null, "indigenous_program": null, "programTypes": "", "serviceName": "", "buildingName": "Lamp Community Health Centre", "address": "185 Fifth St", "full_address": "185 Fifth St, Etobicoke, ON M8V 2Z5", "major_intersection": null, "ward": 3, "ward_name": "ETOBICOKE-LAKESHORE", "located_in_school": "No", "school_name": null, "lat": 43.603564724999998, "lng": -79.50343066000001, "website": "www.lampchc.org", "website_name": "Lakeshore Area Multi-services Project (lamp) Inc. Website", "website_description": " Website for Agency Lakeshore Area Multi-services Project (lamp) Inc.", "consultant_fullname": "Jessica Abraham", "consultant_phone": "416-338-6746", "email": "Jessica.Abraham@toronto.ca", "contact_fullname": "Camisha Johnson", "contact_title": "MANAGER, CHILDRENS PROGRAMS", "phone": "416-252-8293", "contact_email": "camishaj@lampchc.org", "dropinHours": "Monday: 9:00 a.m. - 3:00 p.m.   | Tuesday: 9:00 a.m. - noon   | Wednesday: 9:00 a.m. - noon  ; 5:00 p.m. - 7:00 p.m.   | Saturday: 9:00 a.m. - 1:00 p.m.  ", "registeredHours": "Tuesday: 3:00 p.m. - 6:00 p.m.   | Wednesday: 1:00 p.m. - 3:00 p.m.   | Thursday: 9:00 a.m. - noon   | Friday: 10:30 a.m. - 12:30 p.m.  ", "virtualHours": null, "centre_type": "Centre" }, "geometry": { "type": "MultiPoint", "coordinates": [ [ -79.50343066, 43.603564725 ] ] } },
{ "type": "Feature", "properties": { "_id": 111, "service_system_manager": "City of Toronto", "agency": "College-montrose Children's Place", "loc_id": 13674, "program_name": "Lambton Park EarlyON Child and Family Centre", "languages": "", "french_language_program": null, "indigenous_program": null, "programTypes": "", "serviceName": "", "buildingName": "Lambton Park Community School", "address": "3735 Dundas St W", "full_address": "3735 Dundas St W, Toronto, ON M6S 2T6", "major_intersection": "Dundas St W/scarlett Rd", "ward": 4, "ward_name": "PARKDALE-HIGH PARK", "located_in_school": "No", "school_name": null, "lat": 43.665189036000001, "lng": -79.499393827999995, "website": "https://www.cmcp.ca/program-calendar/", "website_name": "College-montrose Children's Place Website", "website_description": " Website for Agency College-montrose Children's Place", "consultant_fullname": "Roxanne Martin", "consultant_phone": "416", "email": "Roxanne.Martin@toronto.ca", "contact_fullname": "Corina John", "contact_title": "EXECUTIVE DIRECTOR", "phone": "416-532-9485 X 232", "contact_email": "cjohn@cmcp.ca", "dropinHours": "Monday: 9:00 a.m. - 2:30 p.m.  ", "registeredHours": null, "virtualHours": null, "centre_type": "Centre" }, "geometry": { "type": "MultiPoint", "coordinates": [ [ -79.499393828, 43.665189036 ] ] } },
{ "type": "Feature", "properties": { "_id": 112, "service_system_manager": "City of Toronto", "agency": "Lakeshore Area Multi-services Project (lamp) Inc.", "loc_id": 13313, "program_name": "Long Branch EarlyON Child and Family Centre", "languages": "", "french_language_program": null, "indigenous_program": null, "programTypes": "", "serviceName": "", "buildingName": "Longbranch Baptist Church, Third Floor", "address": "3381 Lake Shore Blvd W", "full_address": "3381 Lake Shore Blvd W, Etobicoke, ON M8W 1N1", "major_intersection": null, "ward": 3, "ward_name": "ETOBICOKE-LAKESHORE", "located_in_school": "No", "school_name": null, "lat": 43.595565952999998, "lng": -79.527190778000005, "website": "www.lampchc.org", "website_name": "Lakeshore Area Multi-services Project (lamp) Inc. Website", "website_description": " Website for Agency Lakeshore Area Multi-services Project (lamp) Inc.", "consultant_fullname": "Jessica Abraham", "consultant_phone": "416-338-6746", "email": "Jessica.Abraham@toronto.ca", "contact_fullname": "Camisha Johnson", "contact_title": "MANAGER, CHILDRENS PROGRAMS", "phone": "416-252-8293", "contact_email": "camishaj@lampchc.org", "dropinHours": "Tuesday: 9:00 a.m. - noon   | Wednesday: 9:00 a.m. - noon   | Thursday: 9:00 a.m. - noon  ", "registeredHours": null, "virtualHours": null, "centre_type": "Centre" }, "geometry": { "type": "MultiPoint", "coordinates": [ [ -79.527190778, 43.595565953 ] ] } },
{ "type": "Feature", "properties": { "_id": 113, "service_system_manager": "City of Toronto", "agency": "Toronto District School Board", "loc_id": 12605, "program_name": "Lord Dufferin EarlyON Child and Family Centre", "languages": "", "french_language_program": null, "indigenous_program": null, "programTypes": "", "serviceName": "", "buildingName": "Lord Dufferin Junior And Senior Public School", "address": "350 Parliament St", "full_address": "350 Parliament St, Toronto, ON M5A 2Z7", "major_intersection": null, "ward": 13, "ward_name": "TORONTO CENTRE", "located_in_school": "Yes", "school_name": "LORD DUFFERIN JUNIOR AND SENIOR PUBLIC SCHOOL", "lat": 43.660824533000003, "lng": -79.366955063999995, "website": "www.tdsb.on.ca", "website_name": "Toronto District School Board Website", "website_description": " Website for Agency Toronto District School Board", "consultant_fullname": "Roxanne Martin", "consultant_phone": "416", "email": "Roxanne.Martin@toronto.ca", "contact_fullname": "Kim Fritz", "contact_title": null, "phone": "416-394-2104", "contact_email": "kim.fritz@tdsb.on.ca", "dropinHours": "Monday: 9:00 a.m. - 2:00 p.m.   | Tuesday: 9:00 a.m. - 2:00 p.m.   | Wednesday: 9:00 a.m. - 2:00 p.m.   | Thursday: 9:00 a.m. - 2:00 p.m.  ", "registeredHours": null, "virtualHours": null, "centre_type": "Centre" }, "geometry": { "type": "MultiPoint", "coordinates": [ [ -79.366955064, 43.660824533 ] ] } },
{ "type": "Feature", "properties": { "_id": 114, "service_system_manager": "City of Toronto", "agency": "Toronto District School Board", "loc_id": 12430, "program_name": "Lynnwood Heights EarlyON Child and Family Centre", "languages": "", "french_language_program": null, "indigenous_program": null, "programTypes": "", "serviceName": "", "buildingName": "Lynnwood Heights Junior Public School", "address": "50 Southlawn Dr", "full_address": "50 Southlawn Dr, Scarborough, ON M1S 1J1", "major_intersection": null, "ward": 22, "ward_name": "SCARBOROUGH-AGINCOURT", "located_in_school": "Yes", "school_name": "LYNNWOOD HEIGHTS JUNIOR PUBLIC SCHOOL", "lat": 43.796580757999998, "lng": -79.291347867, "website": "www.tdsb.on.ca", "website_name": "Toronto District School Board Website", "website_description": " Website for Agency Toronto District School Board", "consultant_fullname": "Roxanne Martin", "consultant_phone": "416", "email": "Roxanne.Martin@toronto.ca", "contact_fullname": "Kim Fritz", "contact_title": null, "phone": "416-394-2104", "contact_email": "kim.fritz@tdsb.on.ca", "dropinHours": "Monday: 8:45 a.m. - 1:45 p.m.   | Tuesday: 8:45 a.m. - 1:45 p.m.   | Wednesday: 8:45 a.m. - 1:45 p.m.   | Thursday: 8:45 a.m. - 1:45 p.m.  ", "registeredHours": null, "virtualHours": null, "centre_type": "Centre" }, "geometry": { "type": "MultiPoint", "coordinates": [ [ -79.291347867, 43.796580758 ] ] } },
{ "type": "Feature", "properties": { "_id": 115, "service_system_manager": "City of Toronto", "agency": "Malvern Family Resource Centre", "loc_id": 13962, "program_name": "Macklin EarlyON Child and Family Centre", "languages": "", "french_language_program": null, "indigenous_program": null, "programTypes": "", "serviceName": "", "buildingName": "Macklin P.S.", "address": "136 Ingleton Blvd", "full_address": "136 Ingleton Blvd, Scarborough, ON M1V 2Y4", "major_intersection": null, "ward": 23, "ward_name": "SCARBOROUGH NORTH", "located_in_school": "Yes", "school_name": "MACKLIN PUBLIC SCHOOL", "lat": 43.821788453000003, "lng": -79.267470043000003, "website": null, "website_name": "Malvern Family Resource Centre Website", "website_description": " Website for Agency Malvern Family Resource Centre", "consultant_fullname": "Jene Gordon", "consultant_phone": "416-397-0998", "email": "Jene.Gordon@toronto.ca", "contact_fullname": "Anusha Narendran", "contact_title": "MANAGER", "phone": "416-284-4184 X 206", "contact_email": "anusha@mfrc.org", "dropinHours": "Monday: 3:30 p.m. - 5:00 p.m.  ", "registeredHours": null, "virtualHours": null, "centre_type": "Centre" }, "geometry": { "type": "MultiPoint", "coordinates": [ [ -79.267470043, 43.821788453 ] ] } },
{ "type": "Feature", "properties": { "_id": 116, "service_system_manager": "City of Toronto", "agency": "Native Child and Family Services of Toronto", "loc_id": 13909, "program_name": "Malvern Aboriginal Child and Family Centre EarlyON", "languages": "", "french_language_program": null, "indigenous_program": "Yes", "programTypes": "", "serviceName": "", "buildingName": "Malvern Town Centre", "address": "31 Tapscott Rd", "full_address": "31 Tapscott Rd, Scarborough, ON M1B 4Y7", "major_intersection": null, "ward": 23, "ward_name": "SCARBOROUGH NORTH", "located_in_school": "No", "school_name": null, "lat": 43.806593105099999, "lng": -79.222010468099995, "website": "www.nativechild.org", "website_name": "Native Child and Family Services of Toronto Website", "website_description": " Website for Agency Native Child and Family Services of Toronto", "consultant_fullname": "Reta Hamlin", "consultant_phone": "416-338-1844", "email": "Reta.Hamlin@toronto.ca", "contact_fullname": "Khamini Sharma", "contact_title": "MANAGER, LICENSED EARLY YEARS", "phone": "416-639-9014", "contact_email": "ksharma@nativechild.org", "dropinHours": "Monday: 9:00 a.m. - noon  ; 1:00 p.m. - 3:30 p.m.   | Tuesday: 9:00 a.m. - 3:00 p.m.  ; 5:00 p.m. - 7:00 p.m.   | Wednesday: 9:00 a.m. - noon  ; 1:00 p.m. - 3:00 p.m.   | Thursday: 9:00 a.m. - 2:00 p.m.  ; 2:30 p.m. - 4:00 p.m.   | Friday: 9:00 a.m. - noon   | Saturday: 9:30 a.m. - 11:30 a.m.  ", "registeredHours": "Wednesday: 5:30 p.m. - 7:30 p.m.   | Saturday: noon - 2:30 p.m.  ", "virtualHours": null, "centre_type": "Centre" }, "geometry": { "type": "MultiPoint", "coordinates": [ [ -79.222010468099995, 43.806593105099999 ] ] } },
{ "type": "Feature", "properties": { "_id": 117, "service_system_manager": "City of Toronto", "agency": "Malvern Family Resource Centre", "loc_id": 6244, "program_name": "Malvern Family Resource EarlyON Child and Family Centre", "languages": "", "french_language_program": null, "indigenous_program": null, "programTypes": "", "serviceName": "", "buildingName": "Directly Operated Child Care", "address": "1321 Neilson Rd", "full_address": "1321 Neilson Rd, Scarborough, ON M1B 3C2", "major_intersection": null, "ward": 25, "ward_name": "SCARBOROUGH-ROUGE PARK", "located_in_school": "No", "school_name": null, "lat": 43.808288046999998, "lng": -79.218864561000004, "website": "www.mfrc.org", "website_name": "Malvern Family Resource Centre Website", "website_description": " Website for Agency Malvern Family Resource Centre", "consultant_fullname": "Jene Gordon", "consultant_phone": "416-397-0998", "email": "Jene.Gordon@toronto.ca", "contact_fullname": "Anusha Narendran", "contact_title": "MANAGER", "phone": "416-284-4184 X 206", "contact_email": "anusha@mfrc.org", "dropinHours": "Sunday: 9:30 a.m. - 11:30 a.m.   | Monday: 9:30 a.m. - 11:30 a.m.   | Tuesday: 9:30 a.m. - 11:00 a.m.   | Wednesday: 9:30 a.m. - 11:30 a.m.  ; 6:00 p.m. - 7:30 p.m.   | Thursday: 9:30 a.m. - 11:30 a.m.  ", "registeredHours": "Monday: 1:30 p.m. - 3:00 p.m.   | Tuesday: 11:30 a.m. - 12:30 p.m.  ; 1:30 p.m. - 3:00 p.m.   | Wednesday: 1:30 p.m. - 3:00 p.m.   | Thursday: 1:30 p.m. - 3:00 p.m.  ", "virtualHours": null, "centre_type": "Centre" }, "geometry": { "type": "MultiPoint", "coordinates": [ [ -79.218864561, 43.808288047 ] ] } },
{ "type": "Feature", "properties": { "_id": 118, "service_system_manager": "City of Toronto", "agency": "Malvern Family Resource Centre", "loc_id": 13706, "program_name": "Malvern Library EarlyON Child and Family Centre", "languages": "", "french_language_program": null, "indigenous_program": null, "programTypes": "", "serviceName": "", "buildingName": null, "address": "30 Sewells Rd", "full_address": "30 Sewells Rd, Scarborough, ON M1B 3G5", "major_intersection": null, "ward": 25, "ward_name": "SCARBOROUGH-ROUGE PARK", "located_in_school": "No", "school_name": null, "lat": 43.808567707999998, "lng": -79.216386232999994, "website": "www.mfrc.org", "website_name": "Malvern Family Resource Centre Website", "website_description": " Website for Agency Malvern Family Resource Centre", "consultant_fullname": "Jene Gordon", "consultant_phone": "416-397-0998", "email": "Jene.Gordon@toronto.ca", "contact_fullname": "Anusha Narendran", "contact_title": "MANAGER", "phone": "416-284-4184 X 206", "contact_email": "anusha@mfrc.org", "dropinHours": "Friday: 9:30 a.m. - 11:00 a.m.  ", "registeredHours": null, "virtualHours": null, "centre_type": "Centre" }, "geometry": { "type": "MultiPoint", "coordinates": [ [ -79.216386233, 43.808567708 ] ] } },
{ "type": "Feature", "properties": { "_id": 119, "service_system_manager": "City of Toronto", "agency": "Malvern Family Resource Centre", "loc_id": 13490, "program_name": "Malvern Main Site EarlyON Child and Family Centre", "languages": "", "french_language_program": null, "indigenous_program": null, "programTypes": "", "serviceName": "", "buildingName": null, "address": "90 Littles Rd", "full_address": "90 Littles Rd, Toronto, ON M1B 5E2", "major_intersection": null, "ward": 25, "ward_name": "SCARBOROUGH-ROUGE PARK", "located_in_school": "No", "school_name": null, "lat": 43.818292292000002, "lng": -79.205286681999993, "website": "www.mfrc.org", "website_name": "Malvern Family Resource Centre Website", "website_description": " Website for Agency Malvern Family Resource Centre", "consultant_fullname": "Jene Gordon", "consultant_phone": "416-397-0998", "email": "Jene.Gordon@toronto.ca", "contact_fullname": "Anusha Narendran", "contact_title": "MANAGER", "phone": "416-284-4184 X 206", "contact_email": "anusha@mfrc.org", "dropinHours": "Monday: 9:30 a.m. - 11:30 a.m.  ; 1:30 p.m. - 3:00 p.m.   | Tuesday: 9:30 a.m. - 11:30 a.m.  ; 1:30 p.m. - 3:00 p.m.  ; 6:00 p.m. - 7:30 p.m.   | Wednesday: 9:30 a.m. - 11:30 a.m.  ; 1:30 p.m. - 3:00 p.m.  ; 3:30 p.m. - 5:00 p.m.   | Thursday: 9:30 a.m. - 11:30 a.m.  ; 1:30 p.m. - 3:00 p.m.  ; 6:00 p.m. - 7:30 p.m.   | Saturday: 9:30 a.m. - 11:30 a.m.  ", "registeredHours": "Monday: 9:30 a.m. - 11:00 a.m.  ", "virtualHours": null, "centre_type": "Centre" }, "geometry": { "type": "MultiPoint", "coordinates": [ [ -79.205286682, 43.818292292 ] ] } },
{ "type": "Feature", "properties": { "_id": 120, "service_system_manager": "City of Toronto", "agency": "Toronto District School Board", "loc_id": 13030, "program_name": "Maple Leaf EarlyON Child and Family Centre", "languages": "", "french_language_program": null, "indigenous_program": null, "programTypes": "", "serviceName": "", "buildingName": "Maple Leaf Public School", "address": "301 Culford Rd", "full_address": "301 Culford Rd, North York, ON M6L 2V4", "major_intersection": null, "ward": 5, "ward_name": "YORK SOUTH-WESTON", "located_in_school": "Yes", "school_name": "MAPLE LEAF PUBLIC SCHOOL", "lat": 43.7148592311, "lng": -79.490278488100003, "website": "www.tdsb.on.ca", "website_name": "Toronto District School Board Website", "website_description": " Website for Agency Toronto District School Board", "consultant_fullname": "Roxanne Martin", "consultant_phone": "416", "email": "Roxanne.Martin@toronto.ca", "contact_fullname": "Kim Fritz", "contact_title": null, "phone": "416-394-2104", "contact_email": "kim.fritz@tdsb.on.ca", "dropinHours": "Monday: 8:30 a.m. - 12:30 p.m.   | Tuesday: 8:30 a.m. - 12:30 p.m.   | Wednesday: 8:30 a.m. - 12:30 p.m.   | Thursday: 8:30 a.m. - 12:30 p.m.   | Friday: 8:30 a.m. - 12:30 p.m.  ", "registeredHours": null, "virtualHours": null, "centre_type": "Centre" }, "geometry": { "type": "MultiPoint", "coordinates": [ [ -79.490278488100003, 43.7148592311 ] ] } },
{ "type": "Feature", "properties": { "_id": 121, "service_system_manager": "City of Toronto", "agency": "Toronto District School Board", "loc_id": 12604, "program_name": "Market Lane EarlyON Child and Family Centre", "languages": "", "french_language_program": null, "indigenous_program": null, "programTypes": "", "serviceName": "", "buildingName": "Market Lane Junior And Senior Public School", "address": "246 The Esplanade", "full_address": "246 The Esplanade, Toronto, ON M5A 4J6", "major_intersection": null, "ward": 13, "ward_name": "TORONTO CENTRE", "located_in_school": "Yes", "school_name": "MARKET LANE JUNIOR AND SENIOR PUBLIC SCHOOL", "lat": 43.649850379, "lng": -79.364741398000007, "website": "www.tdsb.on.ca/earlyyears/preschoolyears", "website_name": "Toronto District School Board Website", "website_description": " Website for Agency Toronto District School Board", "consultant_fullname": "Roxanne Martin", "consultant_phone": "416", "email": "Roxanne.Martin@toronto.ca", "contact_fullname": "Kim Fritz", "contact_title": null, "phone": "416-394-2104", "contact_email": "kim.fritz@tdsb.on.ca", "dropinHours": "Monday: 9:00 a.m. - 2:00 p.m.   | Tuesday: 9:00 a.m. - 2:00 p.m.   | Wednesday: 9:00 a.m. - 2:00 p.m.   | Thursday: 9:00 a.m. - 2:00 p.m.  ", "registeredHours": null, "virtualHours": null, "centre_type": "Centre" }, "geometry": { "type": "MultiPoint", "coordinates": [ [ -79.364741398, 43.649850379 ] ] } },
{ "type": "Feature", "properties": { "_id": 122, "service_system_manager": "City of Toronto", "agency": "Toronto District School Board", "loc_id": 12414, "program_name": "Mason Road EarlyON Child and Family Centre", "languages": "", "french_language_program": null, "indigenous_program": null, "programTypes": "", "serviceName": "", "buildingName": "Mason Road Junior Public School", "address": "78 Mason Rd", "full_address": "78 Mason Rd, Scarborough, ON M1M 3R2", "major_intersection": null, "ward": 20, "ward_name": "SCARBOROUGH SOUTHWEST", "located_in_school": "Yes", "school_name": "MASON ROAD JUNIOR PUBLIC SCHOOL", "lat": 43.739056437000002, "lng": -79.225654594999995, "website": "www.tdsb.org", "website_name": "Toronto District School Board Website", "website_description": " Website for Agency Toronto District School Board", "consultant_fullname": "Roxanne Martin", "consultant_phone": "416", "email": "Roxanne.Martin@toronto.ca", "contact_fullname": "Kim Fritz", "contact_title": null, "phone": "416-394-2104", "contact_email": "kim.fritz@tdsb.on.ca", "dropinHours": "Monday: 8:45 a.m. - 12:45 p.m.   | Tuesday: 8:45 a.m. - 12:45 p.m.   | Wednesday: 8:45 a.m. - 12:45 p.m.   | Thursday: 8:45 a.m. - 12:45 p.m.   | Friday: 8:45 a.m. - 12:45 p.m.  ", "registeredHours": null, "virtualHours": null, "centre_type": "Centre" }, "geometry": { "type": "MultiPoint", "coordinates": [ [ -79.225654595, 43.739056437 ] ] } },
{ "type": "Feature", "properties": { "_id": 123, "service_system_manager": "City of Toronto", "agency": "Lumenus Community Services", "loc_id": 14234, "program_name": "McNicoll EarlyON Child and Family Centre", "languages": "", "french_language_program": null, "indigenous_program": null, "programTypes": "", "serviceName": "", "buildingName": null, "address": "155 McNicoll Ave", "full_address": "155 McNicoll Ave, North York, ON M2H 2C1", "major_intersection": null, "ward": 17, "ward_name": "DON VALLEY NORTH", "located_in_school": "No", "school_name": null, "lat": 43.798981667, "lng": -79.358084393, "website": "www.lumenus.ca", "website_name": "Lumenus Community Services Website", "website_description": " Website for Agency Lumenus Community Services", "consultant_fullname": "Maureen Mcdonald", "consultant_phone": "416-338-6528", "email": "mmcdona5@toronto.ca", "contact_fullname": "Denise Palermo", "contact_title": "SUPERVISOR/MANAGER", "phone": "416-494-1579 X 4301", "contact_email": "dpalermo@lumenus.ca", "dropinHours": "Monday: 9:30 a.m. - 11:30 a.m.   | Tuesday: 1:30 p.m. - 3:30 p.m.   | Wednesday: 9:30 a.m. - 11:30 a.m.  ; 4:30 p.m. - 6:30 p.m.  ; 9:30 a.m. - 11:30 a.m.   | Thursday: 9:30 a.m. - 11:30 a.m.   | Friday: 1:30 p.m. - 3:30 p.m.  ", "registeredHours": "Monday: 1:30 p.m. - 3:30 p.m.   | Tuesday: 9:30 a.m. - 11:30 a.m.  ; 9:30 a.m. - 1:30 p.m.   | Thursday: 1:30 p.m. - 3:30 p.m.   | Friday: 9:00 a.m. - 11:30 a.m.  ; 9:30 a.m. - 11:30 a.m.  ", "virtualHours": null, "centre_type": "Centre" }, "geometry": { "type": "MultiPoint", "coordinates": [ [ -79.358084393, 43.798981667 ] ] } },
{ "type": "Feature", "properties": { "_id": 124, "service_system_manager": "City of Toronto", "agency": "Malvern Family Resource Centre", "loc_id": 13411, "program_name": "Miliken Park CC EarlyON Child and Family Centre", "languages": "", "french_language_program": null, "indigenous_program": null, "programTypes": "", "serviceName": "", "buildingName": "Miliken Park Community Centre", "address": "4325 McCowan Rd", "full_address": "4325 McCowan Rd, Scarborough, ON M1V 4P1", "major_intersection": null, "ward": 23, "ward_name": "SCARBOROUGH NORTH", "located_in_school": "No", "school_name": null, "lat": 43.829604216, "lng": -79.274140963999997, "website": "www.mfrc.org", "website_name": "Malvern Family Resource Centre Website", "website_description": " Website for Agency Malvern Family Resource Centre", "consultant_fullname": "Jene Gordon", "consultant_phone": "416-397-0998", "email": "Jene.Gordon@toronto.ca", "contact_fullname": "Anusha Narendran", "contact_title": "MANAGER", "phone": "416-284-4184 X 206", "contact_email": "anusha@mfrc.org", "dropinHours": "Monday: 9:30 a.m. - 11:30 a.m.   | Tuesday: 9:30 a.m. - 11:30 a.m.   | Wednesday: 9:30 a.m. - 11:30 a.m.   | Thursday: 1:30 p.m. - 3:00 p.m.  ", "registeredHours": null, "virtualHours": null, "centre_type": "Centre" }, "geometry": { "type": "MultiPoint", "coordinates": [ [ -79.274140964, 43.829604216 ] ] } },
{ "type": "Feature", "properties": { "_id": 125, "service_system_manager": "City of Toronto", "agency": "Toronto District School Board", "loc_id": 12603, "program_name": "Military Trail EarlyON Child and Family Centre", "languages": "", "french_language_program": null, "indigenous_program": null, "programTypes": "", "serviceName": "", "buildingName": "Military Trail Public School", "address": "701 Military Trail", "full_address": "701 Military Trail, Scarborough, ON M1E 4P6", "major_intersection": null, "ward": 24, "ward_name": "SCARBOROUGH-GUILDWOOD", "located_in_school": "Yes", "school_name": "MILITARY TRAIL PUBLIC SCHOOL", "lat": 43.78911549, "lng": -79.197116973999997, "website": "www.tdsb.on.ca/earlyyears/preschoolyears", "website_name": "Toronto District School Board Website", "website_description": " Website for Agency Toronto District School Board", "consultant_fullname": "Roxanne Martin", "consultant_phone": "416", "email": "Roxanne.Martin@toronto.ca", "contact_fullname": "Kim Fritz", "contact_title": null, "phone": "416-394-2104", "contact_email": "kim.fritz@tdsb.on.ca", "dropinHours": "Monday: 8:45 a.m. - 12:45 p.m.   | Tuesday: 8:45 a.m. - 12:45 p.m.   | Wednesday: 8:45 a.m. - 12:45 p.m.   | Thursday: 8:45 a.m. - 12:45 p.m.   | Friday: 8:45 a.m. - 12:45 p.m.  ", "registeredHours": null, "virtualHours": null, "centre_type": "Centre" }, "geometry": { "type": "MultiPoint", "coordinates": [ [ -79.197116974, 43.78911549 ] ] } },
{ "type": "Feature", "properties": { "_id": 126, "service_system_manager": "City of Toronto", "agency": "Lakeshore Area Multi-services Project (lamp) Inc.", "loc_id": 12498, "program_name": "Mimico Library EarlyON Child and Family Centre", "languages": "", "french_language_program": null, "indigenous_program": null, "programTypes": "", "serviceName": "", "buildingName": "Mimico Library", "address": "47 Station Rd", "full_address": "47 Station Rd, Etobicoke, ON M8V 2R1", "major_intersection": null, "ward": 3, "ward_name": "ETOBICOKE-LAKESHORE", "located_in_school": "No", "school_name": null, "lat": 43.614793046000003, "lng": -79.493741787999994, "website": "www.lampchc.org", "website_name": "Lakeshore Area Multi-services Project (lamp) Inc. Website", "website_description": " Website for Agency Lakeshore Area Multi-services Project (lamp) Inc.", "consultant_fullname": "Jessica Abraham", "consultant_phone": "416-338-6746", "email": "Jessica.Abraham@toronto.ca", "contact_fullname": "Camisha Johnson", "contact_title": "MANAGER, CHILDRENS PROGRAMS", "phone": "416-252-8293", "contact_email": "camishaj@lampchc.org", "dropinHours": "Thursday: 10:30 a.m. - 12:30 p.m.  ", "registeredHours": null, "virtualHours": null, "centre_type": "Centre" }, "geometry": { "type": "MultiPoint", "coordinates": [ [ -79.493741788, 43.614793046 ] ] } },
{ "type": "Feature", "properties": { "_id": 127, "service_system_manager": "City of Toronto", "agency": "More Than Child's Play", "loc_id": 6246, "program_name": "More Than Child's Play EarlyON Child and Family Centre", "languages": "", "french_language_program": null, "indigenous_program": null, "programTypes": "", "serviceName": "", "buildingName": "Masaryk Cowan Community Centre", "address": "220 Cowan Ave", "full_address": "220 Cowan Ave, Toronto, ON M6K 2N6", "major_intersection": "Queen W. / Jameson", "ward": 4, "ward_name": "PARKDALE-HIGH PARK", "located_in_school": "No", "school_name": null, "lat": 43.640780034000002, "lng": -79.433145853, "website": "www.morethanchildsplay.org", "website_name": "More Than Child's Play Website", "website_description": " Website for Agency More Than Child's Play", "consultant_fullname": "Jessica Abraham", "consultant_phone": "416-338-6746", "email": "Jessica.Abraham@toronto.ca", "contact_fullname": "Corrie Israel", "contact_title": "PROGRAM DIRECTOR", "phone": "416-516-3917", "contact_email": "mtcpcorrie@rogers.com", "dropinHours": "Monday: 2:00 p.m. - 6:00 p.m.   | Tuesday: noon - 4:00 p.m.   | Wednesday: noon - 4:00 p.m.   | Thursday: noon - 4:00 p.m.   | Friday: noon - 3:00 p.m.  ", "registeredHours": null, "virtualHours": null, "centre_type": "Centre" }, "geometry": { "type": "MultiPoint", "coordinates": [ [ -79.433145853, 43.640780034 ] ] } },
{ "type": "Feature", "properties": { "_id": 128, "service_system_manager": "City of Toronto", "agency": "East Scarborough Boys and Girls Club", "loc_id": 12496, "program_name": "Mornelle EarlyON Child and Family Centre", "languages": "", "french_language_program": null, "indigenous_program": null, "programTypes": "", "serviceName": "", "buildingName": "Toronto Community Housing", "address": "110 Mornelle Crt", "full_address": "110 Mornelle Crt, Scarborough, ON M1E 4R1", "major_intersection": null, "ward": 24, "ward_name": "SCARBOROUGH-GUILDWOOD", "located_in_school": "No", "school_name": null, "lat": 43.786495688000002, "lng": -79.194414058999996, "website": "www.esbgc.net", "website_name": "East Scarborough Boys and Girls Club Website", "website_description": " Website for Agency East Scarborough Boys and Girls Club", "consultant_fullname": "Jene Gordon", "consultant_phone": "416-397-0998", "email": "Jene.Gordon@toronto.ca", "contact_fullname": "Robin Lister", "contact_title": "SNR", "phone": "416-281-0262 X 203", "contact_email": "rlister@esbgc.ca", "dropinHours": "Monday: 9:30 a.m. - 11:30 a.m.  ; 4:00 p.m. - 5:00 p.m.   | Tuesday: 9:30 a.m. - 11:00 a.m.  ; 1:00 p.m. - 3:00 p.m.   | Thursday: 9:30 a.m. - 11:00 a.m.  ; 1:00 p.m. - 3:00 p.m.   | Friday: 9:30 a.m. - 11:30 a.m.  ", "registeredHours": "Monday: 1:00 p.m. - 2:30 p.m.   | Tuesday: 9:30 a.m. - 11:00 a.m.  ; 1:00 p.m. - 2:30 p.m.  ; 4:00 p.m. - 5:00 p.m.   | Thursday: 9:30 a.m. - 11:00 a.m.  ; 4:00 p.m. - 5:00 p.m.   | Friday: 9:30 a.m. - 11:00 a.m.  ", "virtualHours": null, "centre_type": "Centre" }, "geometry": { "type": "MultiPoint", "coordinates": [ [ -79.194414059, 43.786495688 ] ] } },
{ "type": "Feature", "properties": { "_id": 129, "service_system_manager": "City of Toronto", "agency": "Toronto District School Board", "loc_id": 12602, "program_name": "Morse Street EarlyON Child and Family Centre", "languages": "", "french_language_program": null, "indigenous_program": null, "programTypes": "", "serviceName": "", "buildingName": "Morse Street Junior Public School", "address": "180 Carlaw Ave", "full_address": "180 Carlaw Ave, Toronto, ON M4M 2R9", "major_intersection": null, "ward": 14, "ward_name": "TORONTO-DANFORTH", "located_in_school": "Yes", "school_name": "MORSE", "lat": 43.660166916000001, "lng": -79.34016669, "website": "www.tdsb.on.ca/earlyyears/preschoolyears", "website_name": "Toronto District School Board Website", "website_description": " Website for Agency Toronto District School Board", "consultant_fullname": "Roxanne Martin", "consultant_phone": "416", "email": "Roxanne.Martin@toronto.ca", "contact_fullname": "Kim Fritz", "contact_title": null, "phone": "416-394-2104", "contact_email": "kim.fritz@tdsb.on.ca", "dropinHours": "Monday: 8:45 a.m. - 12:45 p.m.   | Tuesday: 8:45 a.m. - 12:45 p.m.   | Wednesday: 8:45 a.m. - 12:45 p.m.   | Thursday: 8:45 a.m. - 12:45 p.m.   | Friday: 8:45 a.m. - 12:45 p.m.  ", "registeredHours": null, "virtualHours": null, "centre_type": "Centre" }, "geometry": { "type": "MultiPoint", "coordinates": [ [ -79.34016669, 43.660166916 ] ] } },
{ "type": "Feature", "properties": { "_id": 130, "service_system_manager": "City of Toronto", "agency": "Canadian Mothercraft Society", "loc_id": 13688, "program_name": "Mothercraft Main Site EarlyON Child and Family Centre", "languages": "", "french_language_program": null, "indigenous_program": null, "programTypes": "", "serviceName": "", "buildingName": "Child And Family Centre", "address": "32 Heath St W", "full_address": "32 Heath St W, Toronto, ON M4V 1T3", "major_intersection": null, "ward": 12, "ward_name": "TORONTO-ST. PAUL'S", "located_in_school": "No", "school_name": null, "lat": 43.690217265000001, "lng": -79.396549386999993, "website": "www.mothercraft.ca", "website_name": "Canadian Mothercraft Society Website", "website_description": " Website for Agency Canadian Mothercraft Society", "consultant_fullname": "Maureen Mcdonald", "consultant_phone": "416-338-6528", "email": "mmcdona5@toronto.ca", "contact_fullname": "Anna Tyzler", "contact_title": "MANAGER, EARLYON", "phone": "416-920-3515 X 5106", "contact_email": "anna.tyzler@mothercraft.org", "dropinHours": "Sunday: 1:30 p.m. - 6:30 p.m.   | Monday: 9:00 a.m. - 12:30 p.m.   | Tuesday: 9:00 a.m. - 12:30 p.m.   | Wednesday: 9:00 a.m. - 12:30 p.m.   | Thursday: 1:30 p.m. - 4:30 p.m.   | Friday: 9:00 a.m. - 12:30 p.m.   | Saturday: 9:30 a.m. - noon  ", "registeredHours": "Monday: 2:30 p.m. - 4:15 p.m.   | Tuesday: 2:30 p.m. - 4:15 p.m.   | Wednesday: 10:00 a.m. - noon   | Thursday: 10:00 a.m. - noon  ", "virtualHours": null, "centre_type": "Centre" }, "geometry": { "type": "MultiPoint", "coordinates": [ [ -79.396549387, 43.690217265 ] ] } },
{ "type": "Feature", "properties": { "_id": 131, "service_system_manager": "City of Toronto", "agency": "Canadian Mothercraft Society", "loc_id": 13429, "program_name": "Mothercraft West EarlyON Child and Family Centre", "languages": "", "french_language_program": null, "indigenous_program": null, "programTypes": "", "serviceName": "", "buildingName": "Early Years Training Centre", "address": "646 St Clair Ave W", "full_address": "646 St Clair Ave W, Toronto, ON M6C 1A9", "major_intersection": null, "ward": 12, "ward_name": "TORONTO-ST. PAUL'S", "located_in_school": "No", "school_name": null, "lat": 43.682271268999997, "lng": -79.424475498000007, "website": "www.mothercraft.ca", "website_name": "Canadian Mothercraft Society Website", "website_description": " Website for Agency Canadian Mothercraft Society", "consultant_fullname": "Maureen Mcdonald", "consultant_phone": "416-338-6528", "email": "mmcdona5@toronto.ca", "contact_fullname": "Anna Tyzler", "contact_title": "MANAGER, EARLYON", "phone": "416-920-3515 X 5106", "contact_email": "anna.tyzler@mothercraft.org", "dropinHours": "Thursday: 9:30 a.m. - 11:30 a.m.   | Friday: 9:00 a.m. - 11:30 a.m.  ", "registeredHours": null, "virtualHours": null, "centre_type": "Centre" }, "geometry": { "type": "MultiPoint", "coordinates": [ [ -79.424475498, 43.682271269 ] ] } },
{ "type": "Feature", "properties": { "_id": 132, "service_system_manager": "City of Toronto", "agency": "Native Child and Family Services of Toronto", "loc_id": 13882, "program_name": "Mount Dennis EarlyON Child and Family Centre EarlyON", "languages": "", "french_language_program": null, "indigenous_program": "Yes", "programTypes": "", "serviceName": "", "buildingName": null, "address": "1290 Weston Rd", "full_address": "1290 Weston Rd, York, ON M6M 4R3", "major_intersection": "Weston/artonville", "ward": 5, "ward_name": "YORK SOUTH-WESTON", "located_in_school": "No", "school_name": null, "lat": 43.689026995, "lng": -79.495816206000001, "website": "nativechild.org", "website_name": "Native Child and Family Services of Toronto Website", "website_description": " Website for Agency Native Child and Family Services of Toronto", "consultant_fullname": "Reta Hamlin", "consultant_phone": "416-338-1844", "email": "Reta.Hamlin@toronto.ca", "contact_fullname": "Khamini Sharma", "contact_title": "MANAGER, LICENSED EARLY YEARS", "phone": "416-639-9014", "contact_email": "ksharma@nativechild.org", "dropinHours": "Monday: 9:00 a.m. - noon  ; 2:30 p.m. - 4:00 p.m.   | Tuesday: 9:00 a.m. - noon  ; 1:30 p.m. - 3:00 p.m.  ; 3:30 p.m. - 5:30 p.m.   | Wednesday: 9:00 a.m. - noon  ; 1:30 p.m. - 4:00 p.m.   | Thursday: 9:00 a.m. - noon  ; 1:30 p.m. - 4:00 p.m.   | Friday: 9:00 a.m. - noon  ; 2:30 p.m. - 4:00 p.m.   | Saturday: 9:00 a.m. - 11:30 a.m.  ", "registeredHours": "Tuesday: 1:30 p.m. - 4:00 p.m.   | Wednesday: 1:30 p.m. - 4:00 p.m.   | Thursday: 1:30 p.m. - 4:00 p.m.  ", "virtualHours": null, "centre_type": "Centre" }, "geometry": { "type": "MultiPoint", "coordinates": [ [ -79.495816206, 43.689026995 ] ] } },
{ "type": "Feature", "properties": { "_id": 133, "service_system_manager": "City of Toronto", "agency": "Native Canadian Centre of Toronto", "loc_id": 13831, "program_name": "Native Canadian Centre of Toronto", "languages": "", "french_language_program": null, "indigenous_program": "Yes", "programTypes": "", "serviceName": null, "buildingName": null, "address": "16 Spadina Rd", "full_address": "16 Spadina Rd, Toronto, ON M5R 2S7", "major_intersection": null, "ward": 11, "ward_name": "UNIVERSITY-ROSEDALE", "located_in_school": "No", "school_name": null, "lat": 43.66814977, "lng": -79.405044270999994, "website": "https://ncct.on.ca/childrens-indigenous-language-led-programming/", "website_name": "Native Canadian Centre of Toronto Website", "website_description": " Website for Agency Native Canadian Centre of Toronto", "consultant_fullname": "Reta Hamlin", "consultant_phone": "416-338-1844", "email": "Reta.Hamlin@toronto.ca", "contact_fullname": "Kim Kirkley", "contact_title": "EARLYON MANAGER", "phone": "416-964-9087 X 900", "contact_email": "kim.kirkley@ncct.on.ca", "dropinHours": null, "registeredHours": "Thursday: 9:00 a.m. - 10:00 a.m.   | Friday: 9:00 a.m. - 10:00 a.m.   | Saturday: 9:00 a.m. - 10:00 a.m.  ", "virtualHours": null, "centre_type": "Centre" }, "geometry": { "type": "MultiPoint", "coordinates": [ [ -79.405044271, 43.66814977 ] ] } },
{ "type": "Feature", "properties": { "_id": 134, "service_system_manager": "City of Toronto", "agency": "Toronto District School Board", "loc_id": 12601, "program_name": "Nelson Mandela EarlyON Child and Family Centre", "languages": "", "french_language_program": null, "indigenous_program": null, "programTypes": "", "serviceName": "", "buildingName": "Nelson Mandela Park Public School", "address": "440 Shuter St", "full_address": "440 Shuter St, Toronto, ON M5A 1X6", "major_intersection": null, "ward": 13, "ward_name": "TORONTO CENTRE", "located_in_school": "Yes", "school_name": "NELSON MANDELA PARK PUBLIC SCHOOL", "lat": 43.658251184999997, "lng": -79.360552779000002, "website": "www.tdsb.on.ca", "website_name": "Toronto District School Board Website", "website_description": " Website for Agency Toronto District School Board", "consultant_fullname": "Roxanne Martin", "consultant_phone": "416", "email": "Roxanne.Martin@toronto.ca", "contact_fullname": "Kim Fritz", "contact_title": null, "phone": "416-394-2104", "contact_email": "kim.fritz@tdsb.on.ca", "dropinHours": "Monday: 8:45 a.m. - 12:45 p.m.   | Tuesday: 8:45 a.m. - 12:45 p.m.   | Wednesday: 8:45 a.m. - 12:45 p.m.   | Thursday: 8:45 a.m. - 12:45 p.m.   | Friday: 8:45 a.m. - 12:45 p.m.  ", "registeredHours": null, "virtualHours": null, "centre_type": "Centre" }, "geometry": { "type": "MultiPoint", "coordinates": [ [ -79.360552779, 43.658251185 ] ] } },
{ "type": "Feature", "properties": { "_id": 135, "service_system_manager": "City of Toronto", "agency": "Braeburn Neighbourhood Place Incorporated", "loc_id": 14267, "program_name": "Northern Elms Public Library EarlyON", "languages": "", "french_language_program": null, "indigenous_program": null, "programTypes": "", "serviceName": "", "buildingName": "Northern Elms Public Library", "address": "123B Rexdale Blvd", "full_address": "123B Rexdale Blvd, Etobicoke, ON M9W 1P1", "major_intersection": "Kipling Ave And Rexdale Blvd", "ward": 1, "ward_name": "ETOBICOKE NORTH", "located_in_school": "No", "school_name": null, "lat": 43.711375082000004, "lng": -79.565240880999994, "website": "www.braeburn.net", "website_name": "Braeburn Neighbourhood Place Incorporated Website", "website_description": " Website for Agency Braeburn Neighbourhood Place Incorporated", "consultant_fullname": "Jessica Abraham", "consultant_phone": "416-338-6746", "email": "Jessica.Abraham@toronto.ca", "contact_fullname": "Leslie Westcott", "contact_title": "EARLYON MANAGER", "phone": "416-745-3113", "contact_email": "lwestcott@braeburn.net", "dropinHours": "Saturday: 9:45 a.m. - 12:30 p.m.  ", "registeredHours": null, "virtualHours": null, "centre_type": "Centre" }, "geometry": { "type": "MultiPoint", "coordinates": [ [ -79.565240881, 43.711375082 ] ] } },
{ "type": "Feature", "properties": { "_id": 136, "service_system_manager": "City of Toronto", "agency": "Toronto District School Board", "loc_id": 12598, "program_name": "O'Connor EarlyON Child and Famiy Centre", "languages": "", "french_language_program": null, "indigenous_program": null, "programTypes": "", "serviceName": "", "buildingName": "O'Connor Public School", "address": "1665 O'Connor Dr", "full_address": "1665 O'Connor Dr, North York, ON M4A 1W5", "major_intersection": null, "ward": 19, "ward_name": "BEACHES-EAST YORK", "located_in_school": "Yes", "school_name": "O'CONNOR PUBLIC SCHOOL", "lat": 43.716515919899997, "lng": -79.3041553523, "website": "https://www.tdsb.on.ca/Find-your/Schools/School-PFLC/schno/4456", "website_name": "Toronto District School Board Website", "website_description": " Website for Agency Toronto District School Board", "consultant_fullname": "Roxanne Martin", "consultant_phone": "416", "email": "Roxanne.Martin@toronto.ca", "contact_fullname": "Kim Fritz", "contact_title": null, "phone": "416-394-2104", "contact_email": "kim.fritz@tdsb.on.ca", "dropinHours": "Monday: 8:45 a.m. - 1:45 p.m.   | Tuesday: 8:45 a.m. - 1:45 p.m.   | Wednesday: 8:45 a.m. - 1:45 p.m.   | Thursday: 8:45 a.m. - 1:45 p.m.  ", "registeredHours": null, "virtualHours": null, "centre_type": "Centre" }, "geometry": { "type": "MultiPoint", "coordinates": [ [ -79.3041553523, 43.716515919899997 ] ] } },
{ "type": "Feature", "properties": { "_id": 137, "service_system_manager": "City of Toronto", "agency": "Toronto District School Board", "loc_id": 13033, "program_name": "Oakridge Junior EarlyON Child and Family Centre", "languages": "", "french_language_program": null, "indigenous_program": null, "programTypes": "", "serviceName": "", "buildingName": "Oakridge Junior Public School", "address": "110 Byng Ave", "full_address": "110 Byng Ave, Scarborough, ON M1L 3P1", "major_intersection": null, "ward": 20, "ward_name": "SCARBOROUGH SOUTHWEST", "located_in_school": "Yes", "school_name": "OAKRIDGE JUNIOR PUBLIC SCHOOL", "lat": 43.695467596999997, "lng": -79.281588756000005, "website": "www.tdsb.on.ca/earlyyears/preschoolyears", "website_name": "Toronto District School Board Website", "website_description": " Website for Agency Toronto District School Board", "consultant_fullname": "Roxanne Martin", "consultant_phone": "416", "email": "Roxanne.Martin@toronto.ca", "contact_fullname": "Kim Fritz", "contact_title": null, "phone": "416-394-2104", "contact_email": "kim.fritz@tdsb.on.ca", "dropinHours": "Monday: 8:30 a.m. - 1:30 p.m.   | Tuesday: 8:30 a.m. - 1:30 p.m.   | Wednesday: 8:30 a.m. - 1:30 p.m.   | Thursday: 8:30 a.m. - 1:30 p.m.  ", "registeredHours": null, "virtualHours": null, "centre_type": "Centre" }, "geometry": { "type": "MultiPoint", "coordinates": [ [ -79.281588756, 43.695467597 ] ] } },
{ "type": "Feature", "properties": { "_id": 138, "service_system_manager": "City of Toronto", "agency": "Canadian Mothercraft Society", "loc_id": 13402, "program_name": "Oakwood Village Library EarlyON Child and Family Centre", "languages": "", "french_language_program": null, "indigenous_program": null, "programTypes": "", "serviceName": "", "buildingName": null, "address": "341 Oakwood Ave", "full_address": "341 Oakwood Ave, York, ON M6E 2W1", "major_intersection": null, "ward": 12, "ward_name": "TORONTO-ST. PAUL'S", "located_in_school": "No", "school_name": null, "lat": 43.686583794100002, "lng": -79.438155363299998, "website": "www.mothercraft.ca", "website_name": "Canadian Mothercraft Society Website", "website_description": " Website for Agency Canadian Mothercraft Society", "consultant_fullname": "Maureen Mcdonald", "consultant_phone": "416-338-6528", "email": "mmcdona5@toronto.ca", "contact_fullname": "Anna Tyzler", "contact_title": "MANAGER, EARLYON", "phone": "416-920-3515 X 5106", "contact_email": "anna.tyzler@mothercraft.org", "dropinHours": "Monday: 10:30 a.m. - 1:00 p.m.   | Thursday: 2:00 p.m. - 4:30 p.m.  ", "registeredHours": null, "virtualHours": null, "centre_type": "Centre" }, "geometry": { "type": "MultiPoint", "coordinates": [ [ -79.438155363299998, 43.686583794100002 ] ] } },
{ "type": "Feature", "properties": { "_id": 139, "service_system_manager": "City of Toronto", "agency": "Ojibiikaan Indigenous Cultural Network", "loc_id": 13390, "program_name": "Ojibiikaan Land-Based Program", "languages": "", "french_language_program": null, "indigenous_program": "Yes", "programTypes": "", "serviceName": null, "buildingName": null, "address": "1444 Queen St E", "full_address": "1444 Queen St E, Toronto, ON M4L 1E1", "major_intersection": "Queen St E / Kingston Rd", "ward": 14, "ward_name": "TORONTO-DANFORTH", "located_in_school": "No", "school_name": null, "lat": 43.665266265, "lng": -79.322771048999996, "website": null, "website_name": "Ojibiikaan Indigenous Cultural Network Website", "website_description": " Website for Agency Ojibiikaan Indigenous Cultural Network", "consultant_fullname": "Reta Hamlin", "consultant_phone": "416-338-1844", "email": "Reta.Hamlin@toronto.ca", "contact_fullname": "Laura Suthers", "contact_title": "PROGRAM MANAGER", "phone": "437-660-1264", "contact_email": "program.manager@ojibiikaan.com", "dropinHours": null, "registeredHours": null, "virtualHours": null, "centre_type": "Centre" }, "geometry": { "type": "MultiPoint", "coordinates": [ [ -79.322771049, 43.665266265 ] ] } },
{ "type": "Feature", "properties": { "_id": 140, "service_system_manager": "City of Toronto", "agency": "East Scarborough Boys and Girls Club", "loc_id": 14264, "program_name": "Orchard Park EarlyON Child and Family Centre", "languages": "", "french_language_program": null, "indigenous_program": null, "programTypes": "", "serviceName": "", "buildingName": null, "address": "62 Orchard Park Dr", "full_address": "62 Orchard Park Dr, Scarborough, ON M1E 3T7", "major_intersection": null, "ward": 25, "ward_name": "SCARBOROUGH-ROUGE PARK", "located_in_school": "No", "school_name": null, "lat": 43.774182613999997, "lng": -79.179604611000002, "website": null, "website_name": "East Scarborough Boys and Girls Club Website", "website_description": " Website for Agency East Scarborough Boys and Girls Club", "consultant_fullname": "Jene Gordon", "consultant_phone": "416-397-0998", "email": "Jene.Gordon@toronto.ca", "contact_fullname": "Robin Lister", "contact_title": "SNR", "phone": "416-281-0262 X 203", "contact_email": "rlister@esbgc.ca", "dropinHours": "Monday: 9:30 a.m. - 11:30 a.m.  ; 10:30 a.m. - 11:30 a.m.   | Tuesday: 9:30 a.m. - 10:30 a.m.  ; 10:30 a.m. - 11:30 a.m.  ; 2:00 p.m. - 4:00 p.m.   | Wednesday: 9:30 a.m. - 11:30 a.m.  ; 2:00 p.m. - 4:00 p.m.   | Thursday: 9:30 a.m. - 11:30 a.m.  ; 4:30 p.m. - 5:30 p.m.   | Friday: 9:30 a.m. - 11:30 a.m.  ; 10:30 a.m. - 11:30 a.m.   | Saturday: 10:00 a.m. - noon  ", "registeredHours": "Monday: 1:30 p.m. - 2:30 p.m.   | Tuesday: 5:00 p.m. - 7:00 p.m.   | Wednesday: 1:30 p.m. - 2:30 p.m.  ; 4:00 p.m. - 5:00 p.m.   | Thursday: 5:30 p.m. - 6:30 p.m.   | Friday: 10:00 a.m. - 11:30 a.m.  ; 10:30 a.m. - 11:30 a.m.   | Saturday: 1:00 p.m. - 2:00 p.m.  ", "virtualHours": null, "centre_type": "Centre" }, "geometry": { "type": "MultiPoint", "coordinates": [ [ -79.179604611, 43.774182614 ] ] } },
{ "type": "Feature", "properties": { "_id": 141, "service_system_manager": "City of Toronto", "agency": "Toronto Catholic District School Board", "loc_id": 12452, "program_name": "Our Lady of Assumption EarlyON Child and Family Centre", "languages": "", "french_language_program": null, "indigenous_program": null, "programTypes": "", "serviceName": "", "buildingName": "Our Lady Of Assumption Catholic School", "address": "125 Glenmount Ave", "full_address": "125 Glenmount Ave, North York, ON M6B 3C2", "major_intersection": null, "ward": 8, "ward_name": "EGLINTON-LAWRENCE", "located_in_school": "Yes", "school_name": "OUR LADY OF THE ASSUMPTION CATHOLIC SCHOOL", "lat": 43.716370351000002, "lng": -79.431699389000002, "website": "www.tcdsb.org", "website_name": "Toronto Catholic District School Board Website", "website_description": " Website for Agency Toronto Catholic District School Board", "consultant_fullname": "Roxanne Martin", "consultant_phone": "416", "email": "Roxanne.Martin@toronto.ca", "contact_fullname": "Alison Grbic", "contact_title": null, "phone": "416-222-8282", "contact_email": "alison.grbic@tcdsb.org", "dropinHours": "Monday: 7:45 a.m. - 11:45 a.m.   | Tuesday: 7:45 a.m. - 11:45 a.m.   | Wednesday: 7:45 a.m. - 11:45 a.m.   | Thursday: 7:45 a.m. - 11:45 a.m.   | Friday: 7:45 a.m. - 11:45 a.m.  ", "registeredHours": null, "virtualHours": null, "centre_type": "Centre" }, "geometry": { "type": "MultiPoint", "coordinates": [ [ -79.431699389, 43.716370351 ] ] } },
{ "type": "Feature", "properties": { "_id": 142, "service_system_manager": "City of Toronto", "agency": "Toronto District School Board", "loc_id": 12597, "program_name": "Pape Avenue EarlyON Child and Family Centre", "languages": "", "french_language_program": null, "indigenous_program": null, "programTypes": "", "serviceName": "", "buildingName": "Pape Ave Junior Public School", "address": "220 Langley Ave", "full_address": "220 Langley Ave, Toronto, ON M4K 1B9", "major_intersection": null, "ward": 14, "ward_name": "TORONTO-DANFORTH", "located_in_school": "Yes", "school_name": "PAPE AVENUE JUNIOR PUBLIC SCHOOL", "lat": 43.670351882, "lng": -79.341893614, "website": "www.tdsb.on.ca/earlyyears/preschoolyears", "website_name": "Toronto District School Board Website", "website_description": " Website for Agency Toronto District School Board", "consultant_fullname": "Roxanne Martin", "consultant_phone": "416", "email": "Roxanne.Martin@toronto.ca", "contact_fullname": "Kim Fritz", "contact_title": null, "phone": "416-394-2104", "contact_email": "kim.fritz@tdsb.on.ca", "dropinHours": "Monday: 9:00 a.m. - 1:00 p.m.   | Tuesday: 9:00 a.m. - 1:00 p.m.   | Wednesday: 9:00 a.m. - 1:00 p.m.   | Thursday: 9:00 a.m. - 1:00 p.m.   | Friday: 9:00 a.m. - 1:00 p.m.  ", "registeredHours": null, "virtualHours": null, "centre_type": "Centre" }, "geometry": { "type": "MultiPoint", "coordinates": [ [ -79.341893614, 43.670351882 ] ] } },
{ "type": "Feature", "properties": { "_id": 143, "service_system_manager": "City of Toronto", "agency": "River Oak Parent-child Centre Inc.", "loc_id": 6258, "program_name": "Parent Resources EarlyON Child and Family Centre", "languages": "Akan (Twi); Cantonese; Dari; French; Mandarin; Urdu", "french_language_program": null, "indigenous_program": null, "programTypes": "", "serviceName": "", "buildingName": null, "address": "1117 Gerrard St E", "full_address": "1117 Gerrard St E, Toronto, ON M4M 1Z9", "major_intersection": "Leslie/gerrard", "ward": 14, "ward_name": "TORONTO-DANFORTH", "located_in_school": "No", "school_name": null, "lat": 43.669453398999998, "lng": -79.333484346000006, "website": "http://parentresourcesdropin.ca/", "website_name": "River Oak Parent-child Centre Inc. Website", "website_description": " Website for Agency River Oak Parent-child Centre Inc.", "consultant_fullname": "Roxanne Martin", "consultant_phone": "416", "email": "Roxanne.Martin@toronto.ca", "contact_fullname": "Rose-marie Montinat", "contact_title": "EXECUTIVE DIRECTOR", "phone": "416-463-0793", "contact_email": "parent_resources@yahoo.ca", "dropinHours": "Monday: 9:00 a.m. - 12:30 p.m.   | Tuesday: 9:00 a.m. - 12:30 p.m.   | Wednesday: 9:00 a.m. - 12:30 p.m.  ; 3:30 p.m. - 4:30 p.m.   | Thursday: 9:00 a.m. - 12:30 p.m.   | Friday: 9:00 a.m. - 12:30 p.m.  ", "registeredHours": null, "virtualHours": null, "centre_type": "Centre" }, "geometry": { "type": "MultiPoint", "coordinates": [ [ -79.333484346, 43.669453399 ] ] } },
{ "type": "Feature", "properties": { "_id": 144, "service_system_manager": "City of Toronto", "agency": "Toronto District School Board", "loc_id": 12596, "program_name": "Parkdale Jr & Sr EarlyON Child and Family Centre", "languages": "", "french_language_program": null, "indigenous_program": null, "programTypes": "", "serviceName": "", "buildingName": "Parkdale Junior And Senior Public School", "address": "78 Seaforth Ave", "full_address": "78 Seaforth Ave, Toronto, ON M6K 3L2", "major_intersection": null, "ward": 4, "ward_name": "PARKDALE-HIGH PARK", "located_in_school": "Yes", "school_name": "PARKDALE JUNIOR AND SENIOR PUBLIC SCHOOL", "lat": 43.643187286, "lng": -79.436798577999994, "website": "www.tdsb.on.ca/earlyyears/preschoolyears", "website_name": "Toronto District School Board Website", "website_description": " Website for Agency Toronto District School Board", "consultant_fullname": "Roxanne Martin", "consultant_phone": "416", "email": "Roxanne.Martin@toronto.ca", "contact_fullname": "Kim Fritz", "contact_title": null, "phone": "416-394-2104", "contact_email": "kim.fritz@tdsb.on.ca", "dropinHours": "Monday: 9:00 a.m. - 2:00 p.m.   | Tuesday: 9:00 a.m. - 2:00 p.m.   | Wednesday: 9:00 a.m. - 2:00 p.m.   | Thursday: 9:00 a.m. - 2:00 p.m.  ", "registeredHours": null, "virtualHours": null, "centre_type": "Centre" }, "geometry": { "type": "MultiPoint", "coordinates": [ [ -79.436798578, 43.643187286 ] ] } },
{ "type": "Feature", "properties": { "_id": 145, "service_system_manager": "City of Toronto", "agency": "Toronto District School Board", "loc_id": 12416, "program_name": "Parkfield EarlyON Child and Family Centre", "languages": "", "french_language_program": null, "indigenous_program": null, "programTypes": "", "serviceName": "", "buildingName": "Parkfield Junior School", "address": "31 Redgrave Dr", "full_address": "31 Redgrave Dr, Etobicoke, ON M9R 3T9", "major_intersection": null, "ward": 1, "ward_name": "ETOBICOKE NORTH", "located_in_school": "Yes", "school_name": "PARKFIELD JUNIOR SCHOOL", "lat": 43.682287772000002, "lng": -79.569757847000005, "website": "www.tdsb.on.ca/earlyyears/preschoolyears", "website_name": "Toronto District School Board Website", "website_description": " Website for Agency Toronto District School Board", "consultant_fullname": "Roxanne Martin", "consultant_phone": "416", "email": "Roxanne.Martin@toronto.ca", "contact_fullname": "Kim Fritz", "contact_title": null, "phone": "416-394-2104", "contact_email": "kim.fritz@tdsb.on.ca", "dropinHours": "Monday: 8:45 a.m. - 1:45 p.m.   | Tuesday: 8:45 a.m. - 1:45 p.m.   | Wednesday: 8:45 a.m. - 1:45 p.m.   | Thursday: 8:45 a.m. - 1:45 p.m.  ", "registeredHours": null, "virtualHours": null, "centre_type": "Centre" }, "geometry": { "type": "MultiPoint", "coordinates": [ [ -79.569757847, 43.682287772 ] ] } },
{ "type": "Feature", "properties": { "_id": 146, "service_system_manager": "City of Toronto", "agency": "Davenport-perth Neighbourhood Chc", "loc_id": 13355, "program_name": "Pauline P.S. EarlyON Child and Family Centre", "languages": "", "french_language_program": null, "indigenous_program": null, "programTypes": "", "serviceName": "", "buildingName": "Pauline Junior Public School", "address": "100 Pauline Ave", "full_address": "100 Pauline Ave, Toronto, ON M6H 3M8", "major_intersection": null, "ward": 9, "ward_name": "DAVENPORT", "located_in_school": "Yes", "school_name": "PAULINE JOHNSON JUNIOR PUBLIC SCHOOL", "lat": 43.662489102000002, "lng": -79.43914367000001, "website": "www.dpnchc.ca", "website_name": "Davenport-perth Neighbourhood Chc Website", "website_description": " Website for Agency Davenport-perth Neighbourhood Chc", "consultant_fullname": "Maureen Mcdonald", "consultant_phone": "416-338-6528", "email": "mmcdona5@toronto.ca", "contact_fullname": "Amada Cisternas", "contact_title": "MANAGER EARLY ON", "phone": "416-656-8025 X 550", "contact_email": "acisternas@dpnchc.ca", "dropinHours": "Monday: 9:00 a.m. - 11:30 a.m.   | Tuesday: 9:00 a.m. - 11:30 a.m.   | Thursday: 9:00 a.m. - 11:30 a.m.   | Friday: 9:30 a.m. - 11:30 a.m.  ", "registeredHours": "Wednesday: 9:30 a.m. - 11:30 a.m.  ", "virtualHours": null, "centre_type": "Centre" }, "geometry": { "type": "MultiPoint", "coordinates": [ [ -79.43914367, 43.662489102 ] ] } },
{ "type": "Feature", "properties": { "_id": 147, "service_system_manager": "City of Toronto", "agency": "Lumenus Community Services", "loc_id": 14237, "program_name": "People's Church EarlyON Child and Family Centre", "languages": "", "french_language_program": null, "indigenous_program": null, "programTypes": "", "serviceName": "", "buildingName": "People's Church", "address": "374 Sheppard Ave E", "full_address": "374 Sheppard Ave E, North York, ON M2N 3B6", "major_intersection": null, "ward": 18, "ward_name": "WILLOWDALE", "located_in_school": "No", "school_name": null, "lat": 43.766082378, "lng": -79.3935337, "website": null, "website_name": "Lumenus Community Services Website", "website_description": " Website for Agency Lumenus Community Services", "consultant_fullname": "Maureen Mcdonald", "consultant_phone": "416-338-6528", "email": "mmcdona5@toronto.ca", "contact_fullname": "Denise Palermo", "contact_title": "SUPERVISOR/MANAGER", "phone": "416-494-1579 X 4301", "contact_email": "dpalermo@lumenus.ca", "dropinHours": "Thursday: 9:30 a.m. - 11:30 a.m.  ", "registeredHours": "Thursday: 1:30 p.m. - 3:00 p.m.  ", "virtualHours": null, "centre_type": "Centre" }, "geometry": { "type": "MultiPoint", "coordinates": [ [ -79.3935337, 43.766082378 ] ] } },
{ "type": "Feature", "properties": { "_id": 148, "service_system_manager": "City of Toronto", "agency": "Toronto District School Board", "loc_id": 12595, "program_name": "Pleasant EarlyON Child and Family Centre", "languages": "", "french_language_program": null, "indigenous_program": null, "programTypes": "", "serviceName": "", "buildingName": "Pleasant Public School", "address": "288 Pleasant Ave", "full_address": "288 Pleasant Ave, North York, ON M2R 2R1", "major_intersection": null, "ward": 18, "ward_name": "WILLOWDALE", "located_in_school": "Yes", "school_name": "PLEASANT PUBLIC SCHOOL", "lat": 43.789955417999998, "lng": -79.434557685000001, "website": "www.tdsb.ca", "website_name": "Toronto District School Board Website", "website_description": " Website for Agency Toronto District School Board", "consultant_fullname": "Roxanne Martin", "consultant_phone": "416", "email": "Roxanne.Martin@toronto.ca", "contact_fullname": "Kim Fritz", "contact_title": null, "phone": "416-394-2104", "contact_email": "kim.fritz@tdsb.on.ca", "dropinHours": "Monday: 9:15 a.m. - 2:15 p.m.   | Tuesday: 9:15 a.m. - 2:15 p.m.   | Wednesday: 9:15 a.m. - 2:15 p.m.   | Thursday: 9:15 a.m. - 2:15 p.m.  ", "registeredHours": null, "virtualHours": null, "centre_type": "Centre" }, "geometry": { "type": "MultiPoint", "coordinates": [ [ -79.434557685, 43.789955418 ] ] } },
{ "type": "Feature", "properties": { "_id": 149, "service_system_manager": "City of Toronto", "agency": "East Scarborough Boys and Girls Club", "loc_id": 13425, "program_name": "Port Union EarlyON Child and Family Centre", "languages": "", "french_language_program": null, "indigenous_program": null, "programTypes": "", "serviceName": "", "buildingName": null, "address": "5450 Lawrence Ave E", "full_address": "5450 Lawrence Ave E, Scarborough, ON M1C 3B2", "major_intersection": null, "ward": 25, "ward_name": "SCARBOROUGH-ROUGE PARK", "located_in_school": "No", "school_name": null, "lat": 43.779512568000001, "lng": -79.140213451999998, "website": null, "website_name": "East Scarborough Boys and Girls Club Website", "website_description": " Website for Agency East Scarborough Boys and Girls Club", "consultant_fullname": "Jene Gordon", "consultant_phone": "416-397-0998", "email": "Jene.Gordon@toronto.ca", "contact_fullname": "Robin Lister", "contact_title": "SNR", "phone": "416-281-0262 X 203", "contact_email": "rlister@esbgc.ca", "dropinHours": "Monday: 10:30 a.m. - 11:30 a.m.  ", "registeredHours": null, "virtualHours": null, "centre_type": "Centre" }, "geometry": { "type": "MultiPoint", "coordinates": [ [ -79.140213452, 43.779512568 ] ] } },
{ "type": "Feature", "properties": { "_id": 150, "service_system_manager": "City of Toronto", "agency": "Toronto District School Board", "loc_id": 12419, "program_name": "Portage Trail EarlyON Child and Family Centre", "languages": "", "french_language_program": null, "indigenous_program": null, "programTypes": "", "serviceName": "", "buildingName": "Portage Trail Community School", "address": "100 Sidney Belsey Cres", "full_address": "100 Sidney Belsey Cres, North York, ON M6M 5H6", "major_intersection": null, "ward": 5, "ward_name": "YORK SOUTH-WESTON", "located_in_school": "Yes", "school_name": "PORTAGE TRAIL COMMUNITY SCHOOL", "lat": 43.692296186, "lng": -79.509766885999994, "website": "www.tdsb.on.ca/earlyyears/preschoolyears", "website_name": "Toronto District School Board Website", "website_description": " Website for Agency Toronto District School Board", "consultant_fullname": "Roxanne Martin", "consultant_phone": "416", "email": "Roxanne.Martin@toronto.ca", "contact_fullname": "Kim Fritz", "contact_title": null, "phone": "416-394-2104", "contact_email": "kim.fritz@tdsb.on.ca", "dropinHours": "Monday: 8:45 a.m. - 12:45 p.m.   | Tuesday: 8:45 a.m. - 12:45 p.m.   | Wednesday: 8:45 a.m. - 12:45 p.m.   | Thursday: 8:45 a.m. - 12:45 p.m.   | Friday: 8:45 a.m. - 12:45 p.m.  ", "registeredHours": null, "virtualHours": null, "centre_type": "Centre" }, "geometry": { "type": "MultiPoint", "coordinates": [ [ -79.509766886, 43.692296186 ] ] } },
{ "type": "Feature", "properties": { "_id": 151, "service_system_manager": "City of Toronto", "agency": "Regent Park Community Health Centre", "loc_id": 14400, "program_name": "Robertson House EarlyON", "languages": "", "french_language_program": null, "indigenous_program": null, "programTypes": "", "serviceName": null, "buildingName": null, "address": "291 Sherbourne St", "full_address": "291 Sherbourne St, Toronto, ON M5A 2R9", "major_intersection": "Sherbourne St/gerrard St", "ward": 13, "ward_name": "TORONTO CENTRE", "located_in_school": "No", "school_name": null, "lat": 43.660613506600001, "lng": -79.371478374000006, "website": "https://regentparkchc.org/program/earlyon-drop-in-centre/", "website_name": "Regent Park Community Health Centre Website", "website_description": " Website for Agency Regent Park Community Health Centre", "consultant_fullname": "Roxanne Martin", "consultant_phone": "416", "email": "Roxanne.Martin@toronto.ca", "contact_fullname": "Maleda Mulu", "contact_title": "PROGRAM MANAGER", "phone": "416-362-0805 X 230", "contact_email": "maledam@regentparkchc.org", "dropinHours": null, "registeredHours": null, "virtualHours": null, "centre_type": "Centre" }, "geometry": { "type": "MultiPoint", "coordinates": [ [ -79.371478374, 43.660613506600001 ] ] } },
{ "type": "Feature", "properties": { "_id": 152, "service_system_manager": "City of Toronto", "agency": "Toronto District School Board", "loc_id": 12587, "program_name": "Rockford EarlyON Child and Family Centre", "languages": "", "french_language_program": null, "indigenous_program": null, "programTypes": "", "serviceName": "", "buildingName": "Rockford Public School", "address": "60 Rockford Rd", "full_address": "60 Rockford Rd, North York, ON M2R 3A7", "major_intersection": null, "ward": 6, "ward_name": "YORK CENTRE", "located_in_school": "Yes", "school_name": "ROCKFORD PUBLIC SCHOOL", "lat": 43.785800519, "lng": -79.452441410999995, "website": "www.tdsb.ca", "website_name": "Toronto District School Board Website", "website_description": " Website for Agency Toronto District School Board", "consultant_fullname": "Roxanne Martin", "consultant_phone": "416", "email": "Roxanne.Martin@toronto.ca", "contact_fullname": "Kim Fritz", "contact_title": null, "phone": "416-394-2104", "contact_email": "kim.fritz@tdsb.on.ca", "dropinHours": "Monday: 9:15 a.m. - 2:15 p.m.   | Tuesday: 9:15 a.m. - 2:15 p.m.   | Wednesday: 9:15 a.m. - 2:15 p.m.   | Thursday: 9:15 a.m. - 2:15 p.m.  ", "registeredHours": null, "virtualHours": null, "centre_type": "Centre" }, "geometry": { "type": "MultiPoint", "coordinates": [ [ -79.452441411, 43.785800519 ] ] } },
{ "type": "Feature", "properties": { "_id": 153, "service_system_manager": "City of Toronto", "agency": "Toronto District School Board", "loc_id": 12586, "program_name": "Roden Jr EarlyON Child and Family Centre", "languages": "", "french_language_program": null, "indigenous_program": null, "programTypes": "", "serviceName": "", "buildingName": "Roden Public School", "address": "151 Hiawatha Rd", "full_address": "151 Hiawatha Rd, Toronto, ON M4L 2Y1", "major_intersection": null, "ward": 14, "ward_name": "TORONTO-DANFORTH", "located_in_school": "Yes", "school_name": "RODEN JUNIOR PUBLIC SCHOOL", "lat": 43.673873274000002, "lng": -79.32307648, "website": "www.tdsb.org", "website_name": "Toronto District School Board Website", "website_description": " Website for Agency Toronto District School Board", "consultant_fullname": "Roxanne Martin", "consultant_phone": "416", "email": "Roxanne.Martin@toronto.ca", "contact_fullname": "Kim Fritz", "contact_title": null, "phone": "416-394-2104", "contact_email": "kim.fritz@tdsb.on.ca", "dropinHours": "Monday: 9:00 a.m. - 1:00 p.m.   | Tuesday: 9:00 a.m. - 1:00 p.m.   | Wednesday: 9:00 a.m. - 1:00 p.m.   | Thursday: 9:00 a.m. - 1:00 p.m.   | Friday: 9:00 a.m. - 1:00 p.m.  ", "registeredHours": null, "virtualHours": null, "centre_type": "Centre" }, "geometry": { "type": "MultiPoint", "coordinates": [ [ -79.32307648, 43.673873274 ] ] } },
{ "type": "Feature", "properties": { "_id": 154, "service_system_manager": "City of Toronto", "agency": "George Hull Centre for Children and Families", "loc_id": 13980, "program_name": "Ronson EarlyON Child and Family Centre", "languages": "", "french_language_program": null, "indigenous_program": null, "programTypes": "", "serviceName": "", "buildingName": null, "address": "200 Ronson Dr", "full_address": "200 Ronson Dr, Etobicoke, ON M9W 5Z9", "major_intersection": null, "ward": 1, "ward_name": "ETOBICOKE NORTH", "located_in_school": "No", "school_name": null, "lat": 43.693999476999998, "lng": -79.569637631000006, "website": "www.georgehullcentre.ca", "website_name": "George Hull Centre for Children and Families Website", "website_description": " Website for Agency George Hull Centre for Children and Families", "consultant_fullname": "Jessica Abraham", "consultant_phone": "416-338-6746", "email": "Jessica.Abraham@toronto.ca", "contact_fullname": "Talia Leszcz", "contact_title": "DIRECTOR, PEI", "phone": "416-622-8833", "contact_email": "tleszcz@georgehull.on.ca", "dropinHours": "Tuesday: 8:30 a.m. - 11:30 a.m.  ; 1:30 p.m. - 3:00 p.m.  ; 8:30 a.m. - 11:30 a.m.  ; 1:30 p.m. - 3:00 p.m.  ; 5:00 p.m. - 6:30 p.m.   | Wednesday: 8:30 a.m. - 11:30 a.m.  ; 1:30 p.m. - 3:00 p.m.  ; 8:30 a.m. - 11:30 a.m.  ; 1:30 p.m. - 3:00 p.m.   | Thursday: 8:30 a.m. - 11:30 a.m.   | Friday: 1:30 p.m. - 3:30 p.m.  ; 8:30 a.m. - 11:30 a.m.  ; 1:30 p.m. - 3:30 p.m.   | Saturday: 1:30 p.m. - 3:30 p.m.  ", "registeredHours": "Monday: 1:00 p.m. - 3:30 p.m.   | Tuesday: 1:00 p.m. - 2:30 p.m.   | Friday: 9:30 a.m. - 11:30 a.m.  ; 1:30 p.m. - 3:30 p.m.  ; 9:30 a.m. - 11:30 a.m.   | Saturday: 9:00 a.m. - noon  ", "virtualHours": null, "centre_type": "Centre" }, "geometry": { "type": "MultiPoint", "coordinates": [ [ -79.569637631, 43.693999477 ] ] } },
{ "type": "Feature", "properties": { "_id": 155, "service_system_manager": "City of Toronto", "agency": "Toronto District School Board", "loc_id": 12585, "program_name": "Rose Avenue EarlyON Child and Family Centre", "languages": "", "french_language_program": null, "indigenous_program": null, "programTypes": "", "serviceName": "", "buildingName": "Rose Ave Junior Public School", "address": "675 Ontario St", "full_address": "675 Ontario St, Toronto, ON M4X 1N4", "major_intersection": null, "ward": 13, "ward_name": "TORONTO CENTRE", "located_in_school": "Yes", "school_name": "ROSE AVENUE JUNIOR PUBLIC SCHOOL", "lat": 43.670316471, "lng": -79.372788102000001, "website": "https://www.tdsb.on.ca/parenting", "website_name": "Toronto District School Board Website", "website_description": " Website for Agency Toronto District School Board", "consultant_fullname": "Roxanne Martin", "consultant_phone": "416", "email": "Roxanne.Martin@toronto.ca", "contact_fullname": "Kim Fritz", "contact_title": null, "phone": "416-394-2104", "contact_email": "kim.fritz@tdsb.on.ca", "dropinHours": "Monday: 9:00 a.m. - 1:00 p.m.   | Tuesday: 9:00 a.m. - 1:00 p.m.   | Wednesday: 9:00 a.m. - 1:00 p.m.   | Thursday: 9:00 a.m. - 1:00 p.m.   | Friday: 9:00 a.m. - 1:00 p.m.  ", "registeredHours": null, "virtualHours": null, "centre_type": "Centre" }, "geometry": { "type": "MultiPoint", "coordinates": [ [ -79.372788102, 43.670316471 ] ] } },
{ "type": "Feature", "properties": { "_id": 156, "service_system_manager": "City of Toronto", "agency": "Toronto District School Board", "loc_id": 12657, "program_name": "Roselands EarlyON Child and Family Centre", "languages": "", "french_language_program": null, "indigenous_program": null, "programTypes": "", "serviceName": "", "buildingName": "Roselands Junior Public School", "address": "990 Jane St", "full_address": "990 Jane St, York, ON M6N 4E2", "major_intersection": null, "ward": 5, "ward_name": "YORK SOUTH-WESTON", "located_in_school": "Yes", "school_name": "ROSELANDS JUNIOR PUBLIC SCHOOL", "lat": 43.681235373900002, "lng": -79.499064275400002, "website": "www.tdsb.on.ca/earlyyears/preschoolyears", "website_name": "Toronto District School Board Website", "website_description": " Website for Agency Toronto District School Board", "consultant_fullname": "Roxanne Martin", "consultant_phone": "416", "email": "Roxanne.Martin@toronto.ca", "contact_fullname": "Kim Fritz", "contact_title": null, "phone": "416-394-2104", "contact_email": "kim.fritz@tdsb.on.ca", "dropinHours": "Monday: 8:45 a.m. - 12:45 p.m.   | Tuesday: 8:45 a.m. - 12:45 p.m.   | Wednesday: 8:45 a.m. - 12:45 p.m.   | Thursday: 8:45 a.m. - 12:45 p.m.   | Friday: 8:45 a.m. - 12:45 p.m.  ", "registeredHours": null, "virtualHours": null, "centre_type": "Centre" }, "geometry": { "type": "MultiPoint", "coordinates": [ [ -79.499064275400002, 43.681235373900002 ] ] } },
{ "type": "Feature", "properties": { "_id": 157, "service_system_manager": "City of Toronto", "agency": "Toronto District School Board", "loc_id": 12434, "program_name": "Roywood EarlyON Child and Family Centre", "languages": "", "french_language_program": null, "indigenous_program": null, "programTypes": "", "serviceName": "", "buildingName": "Roywood Public School", "address": "11 Roywood Dr", "full_address": "11 Roywood Dr, North York, ON M3A 2C7", "major_intersection": null, "ward": 16, "ward_name": "DON VALLEY EAST", "located_in_school": "Yes", "school_name": "ROYWOOD PUBLIC SCHOOL", "lat": 43.764732676599998, "lng": -79.321776405899996, "website": "www.tdsb.org.ca", "website_name": "Toronto District School Board Website", "website_description": " Website for Agency Toronto District School Board", "consultant_fullname": "Roxanne Martin", "consultant_phone": "416", "email": "Roxanne.Martin@toronto.ca", "contact_fullname": "Kim Fritz", "contact_title": null, "phone": "416-394-2104", "contact_email": "kim.fritz@tdsb.on.ca", "dropinHours": "Monday: 8:15 a.m. - 12:15 p.m.   | Tuesday: 8:15 a.m. - 12:15 p.m.   | Wednesday: 8:15 a.m. - 12:15 p.m.   | Thursday: 8:15 a.m. - 12:15 p.m.   | Friday: 8:15 a.m. - 12:15 p.m.  ", "registeredHours": null, "virtualHours": null, "centre_type": "Centre" }, "geometry": { "type": "MultiPoint", "coordinates": [ [ -79.321776405899996, 43.764732676599998 ] ] } },
{ "type": "Feature", "properties": { "_id": 158, "service_system_manager": "City of Toronto", "agency": "Toronto District School Board", "loc_id": 12584, "program_name": "Ryerson Community EarlyON Child and Family Centre", "languages": "", "french_language_program": null, "indigenous_program": null, "programTypes": "", "serviceName": "", "buildingName": "Ryerson Community School", "address": "96 Denison Ave", "full_address": "96 Denison Ave, Toronto, ON M5T 1E4", "major_intersection": null, "ward": 10, "ward_name": "SPADINA-FORT YORK", "located_in_school": "Yes", "school_name": "RYERSON COMMUNITY SCHOOL", "lat": 43.651281707000003, "lng": -79.402379732, "website": "www.tdsb.on.ca", "website_name": "Toronto District School Board Website", "website_description": " Website for Agency Toronto District School Board", "consultant_fullname": "Roxanne Martin", "consultant_phone": "416", "email": "Roxanne.Martin@toronto.ca", "contact_fullname": "Kim Fritz", "contact_title": null, "phone": "416-394-2104", "contact_email": "kim.fritz@tdsb.on.ca", "dropinHours": "Monday: 8:30 a.m. - 12:30 p.m.   | Tuesday: 8:30 a.m. - 12:30 p.m.   | Wednesday: 8:30 a.m. - 12:30 p.m.   | Thursday: 8:30 a.m. - 12:30 p.m.   | Friday: 8:30 a.m. - 12:30 p.m.  ", "registeredHours": null, "virtualHours": null, "centre_type": "Centre" }, "geometry": { "type": "MultiPoint", "coordinates": [ [ -79.402379732, 43.651281707 ] ] } },
{ "type": "Feature", "properties": { "_id": 159, "service_system_manager": "City of Toronto", "agency": "East York East Toronto Family Resources", "loc_id": 6288, "program_name": "Sackville EarlyON Child and Family Centre", "languages": "", "french_language_program": null, "indigenous_program": null, "programTypes": "", "serviceName": "", "buildingName": "St. Paul's Separate School", "address": "80 Sackville St", "full_address": "80 Sackville St, Toronto, ON M5A 3E5", "major_intersection": null, "ward": 13, "ward_name": "TORONTO CENTRE", "located_in_school": "Yes", "school_name": "ST. PAUL CATHOLIC SCHOOL", "lat": 43.655488937999998, "lng": -79.361734192, "website": "www.eyetfrp.ca", "website_name": "East York East Toronto Family Resources Website", "website_description": " Website for Agency East York East Toronto Family Resources", "consultant_fullname": "Roxanne Martin", "consultant_phone": "416", "email": "Roxanne.Martin@toronto.ca", "contact_fullname": "Christine Narinesingh", "contact_title": "PROGRAM MANAGER, EARLYON", "phone": "647-289-0676", "contact_email": "christine@eyetfrp.ca", "dropinHours": "Monday: 9:00 a.m. - noon  ; 2:00 p.m. - 4:00 p.m.   | Tuesday: 2:00 p.m. - 4:00 p.m.   | Wednesday: 9:00 a.m. - noon  ; 2:00 p.m. - 4:00 p.m.   | Thursday: 9:00 a.m. - noon   | Friday: 9:00 a.m. - noon  ", "registeredHours": "Tuesday: 10:00 a.m. - noon   | Thursday: 2:00 p.m. - 4:00 p.m.  ", "virtualHours": null, "centre_type": "Centre" }, "geometry": { "type": "MultiPoint", "coordinates": [ [ -79.361734192, 43.655488938 ] ] } },
{ "type": "Feature", "properties": { "_id": 160, "service_system_manager": "City of Toronto", "agency": "Braeburn Neighbourhood Place Incorporated", "loc_id": 13880, "program_name": "Salvation Army Community EarlyON Child and Family Centre", "languages": "", "french_language_program": null, "indigenous_program": null, "programTypes": "", "serviceName": "", "buildingName": null, "address": "2152 Kipling Ave", "full_address": "2152 Kipling Ave, Etobicoke, ON M9W 4K9", "major_intersection": null, "ward": 1, "ward_name": "ETOBICOKE NORTH", "located_in_school": "No", "school_name": null, "lat": 43.719941206999998, "lng": -79.571460572000007, "website": "www.braeburn.net", "website_name": "Braeburn Neighbourhood Place Incorporated Website", "website_description": " Website for Agency Braeburn Neighbourhood Place Incorporated", "consultant_fullname": "Jessica Abraham", "consultant_phone": "416-338-6746", "email": "Jessica.Abraham@toronto.ca", "contact_fullname": "Leslie Westcott", "contact_title": "EARLYON MANAGER", "phone": "416-745-3113", "contact_email": "lwestcott@braeburn.net", "dropinHours": "Monday: 8:30 a.m. - 4:15 p.m.   | Tuesday: 8:45 a.m. - 6:00 p.m.   | Wednesday: 8:45 a.m. - 6:00 p.m.   | Thursday: 8:45 a.m. - 4:15 p.m.   | Friday: 8:45 a.m. - 4:15 p.m.  ", "registeredHours": null, "virtualHours": null, "centre_type": "Centre" }, "geometry": { "type": "MultiPoint", "coordinates": [ [ -79.571460572, 43.719941207 ] ] } },
{ "type": "Feature", "properties": { "_id": 161, "service_system_manager": "City of Toronto", "agency": "Scadding Court Community Centre Incorporated", "loc_id": 6262, "program_name": "Scadding Court EarlyON Child and Family Centre", "languages": "", "french_language_program": null, "indigenous_program": null, "programTypes": "", "serviceName": "", "buildingName": null, "address": "707 Dundas St W", "full_address": "707 Dundas St W, Toronto, ON M5T 2W6", "major_intersection": "Bathurst / Dundas", "ward": 10, "ward_name": "SPADINA-FORT YORK", "located_in_school": "No", "school_name": null, "lat": 43.651785703999998, "lng": -79.404893891, "website": "https://scaddingcourt.org/programs/program-category/early-years-programs/", "website_name": "Scadding Court Community Centre Incorporated Website", "website_description": " Website for Agency Scadding Court Community Centre Incorporated", "consultant_fullname": "Roxanne Martin", "consultant_phone": "416", "email": "Roxanne.Martin@toronto.ca", "contact_fullname": "Sandy Wright", "contact_title": "COORDINATOR EARLYON", "phone": "416-392-0335 X 235", "contact_email": "sandy@scaddingcourt.org", "dropinHours": "Monday: 9:00 a.m. - 1:00 p.m.  ; 2:30 p.m. - 6:00 p.m.   | Tuesday: 9:00 a.m. - 1:00 p.m.  ; 2:30 p.m. - 6:00 p.m.   | Wednesday: 9:00 a.m. - 1:00 p.m.  ; 2:30 p.m. - 6:00 p.m.   | Thursday: 9:00 a.m. - 1:00 p.m.  ; 2:30 p.m. - 6:00 p.m.   | Friday: 9:00 a.m. - 1:00 p.m.   | Saturday: 9:00 a.m. - 11:00 a.m.  ", "registeredHours": "Monday: 10:00 a.m. - noon   | Tuesday: 10:00 a.m. - noon  ; 11:00 a.m. - noon   | Wednesday: 10:00 a.m. - noon  ; 6:00 p.m. - 8:00 p.m.   | Thursday: 10:00 a.m. - noon  ", "virtualHours": null, "centre_type": "Centre" }, "geometry": { "type": "MultiPoint", "coordinates": [ [ -79.404893891, 43.651785704 ] ] } },
{ "type": "Feature", "properties": { "_id": 162, "service_system_manager": "City of Toronto", "agency": "Family Day Care Services", "loc_id": 13701, "program_name": "Scarborough Centre EarlyON Child and Family Centre", "languages": "", "french_language_program": null, "indigenous_program": null, "programTypes": "", "serviceName": "", "buildingName": null, "address": "3478 Lawrence Ave E", "full_address": "3478 Lawrence Ave E, Scarborough, ON M1H 1A9", "major_intersection": null, "ward": 24, "ward_name": "SCARBOROUGH-GUILDWOOD", "located_in_school": "No", "school_name": null, "lat": 43.759771922, "lng": -79.227453282, "website": "www.familydaycare.com", "website_name": "Family Day Care Services Website", "website_description": " Website for Agency Family Day Care Services", "consultant_fullname": "Maureen Mcdonald", "consultant_phone": "416-338-6528", "email": "mmcdona5@toronto.ca", "contact_fullname": "Lianne Terry", "contact_title": null, "phone": "416-438-1800", "contact_email": "lterry@familydaycare.com", "dropinHours": "Monday: 9:30 a.m. - 11:30 a.m.  ; 1:30 p.m. - 3:30 p.m.   | Tuesday: 9:30 a.m. - 11:30 a.m.  ; 1:30 p.m. - 3:30 p.m.   | Wednesday: 9:30 a.m. - 11:30 a.m.  ; 1:30 p.m. - 3:30 p.m.   | Thursday: 9:30 a.m. - 11:30 a.m.  ; 1:30 p.m. - 3:30 p.m.   | Friday: 9:30 a.m. - 11:30 a.m.   | Saturday: 9:30 a.m. - noon  ; 12:30 p.m. - 2:00 p.m.  ", "registeredHours": "Tuesday: 9:30 a.m. - 11:30 a.m.   | Wednesday: 1:30 p.m. - 3:30 p.m.   | Thursday: 1:30 p.m. - 3:30 p.m.  ", "virtualHours": null, "centre_type": "Centre" }, "geometry": { "type": "MultiPoint", "coordinates": [ [ -79.227453282, 43.759771922 ] ] } },
{ "type": "Feature", "properties": { "_id": 163, "service_system_manager": "City of Toronto", "agency": "Scarborough Centre for Healthy Communities", "loc_id": 6273, "program_name": "Scarborough Centre for Healthy Communities EarlyON Child & Family Ctr", "languages": "", "french_language_program": null, "indigenous_program": null, "programTypes": "", "serviceName": "", "buildingName": "Scarborough Centre For Healthy Communities", "address": "4110 Lawrence Ave E", "full_address": "4110 Lawrence Ave E, Scarborough, ON M1E 2S1", "major_intersection": "Lawrence Ave. E. / Galloway", "ward": 24, "ward_name": "SCARBOROUGH-GUILDWOOD", "located_in_school": "No", "school_name": null, "lat": 43.767386062, "lng": -79.193922135999998, "website": "https://www.schcontario.ca/earlyon-child-and-family-center.html", "website_name": "Scarborough Centre for Healthy Communities Website", "website_description": " Website for Agency Scarborough Centre for Healthy Communities", "consultant_fullname": "Jene Gordon", "consultant_phone": "416-397-0998", "email": "Jene.Gordon@toronto.ca", "contact_fullname": "Charanjit Singh", "contact_title": "COMMUNITY WELLNESS MANAGER", "phone": "416-847-4150", "contact_email": "csingh@schcontario.ca", "dropinHours": "Tuesday: 9:30 a.m. - 11:30 a.m.  ; 1:00 p.m. - 3:00 p.m.   | Wednesday: 11:30 a.m. - 3:00 p.m.   | Thursday: 9:30 a.m. - 10:30 a.m.  ; 11:30 a.m. - 1:00 p.m.   | Friday: 4:00 p.m. - 6:00 p.m.  ", "registeredHours": "Wednesday: 9:30 a.m. - 11:30 a.m.   | Thursday: 10:00 a.m. - noon  ; 1:00 p.m. - 3:00 p.m.  ", "virtualHours": null, "centre_type": "Centre" }, "geometry": { "type": "MultiPoint", "coordinates": [ [ -79.193922136, 43.767386062 ] ] } },
{ "type": "Feature", "properties": { "_id": 164, "service_system_manager": "City of Toronto", "agency": "Native Child and Family Services of Toronto", "loc_id": 7418, "program_name": "Scarborough Child and Family Life Centre EarlyON", "languages": "", "french_language_program": null, "indigenous_program": "Yes", "programTypes": "", "serviceName": "", "buildingName": "Gabriel Dumont Housing Co-Op", "address": "156A Galloway Rd", "full_address": "156A Galloway Rd, Scarborough, ON M1E 1X2", "major_intersection": "Galloway / Kingston Rd.", "ward": 24, "ward_name": "SCARBOROUGH-GUILDWOOD", "located_in_school": "No", "school_name": null, "lat": 43.762449888, "lng": -79.195138826999994, "website": "nativechild.org", "website_name": "Native Child and Family Services of Toronto Website", "website_description": " Website for Agency Native Child and Family Services of Toronto", "consultant_fullname": "Reta Hamlin", "consultant_phone": "416-338-1844", "email": "Reta.Hamlin@toronto.ca", "contact_fullname": "Khamini Sharma", "contact_title": "MANAGER, LICENSED EARLY YEARS", "phone": "416-639-9014", "contact_email": "ksharma@nativechild.org", "dropinHours": "Monday: 10:00 a.m. - noon  ; 2:00 p.m. - 3:00 p.m.   | Tuesday: 10:00 a.m. - noon  ; 2:00 p.m. - 3:00 p.m.   | Wednesday: 10:00 a.m. - noon  ; 2:00 p.m. - 3:00 p.m.   | Thursday: 10:00 a.m. - noon  ; 2:00 p.m. - 3:00 p.m.   | Friday: 10:00 a.m. - noon  ", "registeredHours": "Monday: 11:00 a.m. - noon   | Tuesday: 10:00 a.m. - noon   | Wednesday: 11:00 a.m. - noon  ; noon - 1:30 p.m.   | Thursday: 11:00 a.m. - 1:00 p.m.  ; 1:30 p.m. - 3:00 p.m.   | Friday: 2:00 p.m. - 3:30 p.m.   | Saturday: 10:00 a.m. - noon  ", "virtualHours": null, "centre_type": "Centre" }, "geometry": { "type": "MultiPoint", "coordinates": [ [ -79.195138827, 43.762449888 ] ] } },
{ "type": "Feature", "properties": { "_id": 165, "service_system_manager": "City of Toronto", "agency": "West Scarborough Neighbourhood Community Centre", "loc_id": 12554, "program_name": "Scarborough Southwest EarlyON", "languages": "", "french_language_program": null, "indigenous_program": null, "programTypes": "", "serviceName": "", "buildingName": null, "address": "2425 Eglinton Ave E", "full_address": "2425 Eglinton Ave E, Scarborough, ON M1K 5G8", "major_intersection": "Eglinton Ave E/kennedy Rd", "ward": 20, "ward_name": "SCARBOROUGH SOUTHWEST", "located_in_school": "No", "school_name": null, "lat": 43.732081946000001, "lng": -79.267103935999998, "website": "www.wsncc.org", "website_name": "West Scarborough Neighbourhood Community Centre Website", "website_description": " Website for Agency West Scarborough Neighbourhood Community Centre", "consultant_fullname": "Jene Gordon", "consultant_phone": "416-397-0998", "email": "Jene.Gordon@toronto.ca", "contact_fullname": "Jessie Chen", "contact_title": "EARLYON COORDINATOR", "phone": "416-755-9215 X 242", "contact_email": "jessiec@wsncc.org", "dropinHours": "Monday: 9:00 a.m. - noon  ; 1:00 p.m. - 3:30 p.m.  ; 1:30 p.m. - 2:30 p.m.   | Tuesday: 9:00 a.m. - noon  ; 10:00 a.m. - 11:00 a.m.  ; 1:00 p.m. - 3:30 p.m.   | Wednesday: 9:00 a.m. - noon  ; 10:00 a.m. - 11:00 a.m.  ; 1:00 p.m. - 3:30 p.m.   | Thursday: 9:00 a.m. - noon  ; 1:00 p.m. - 3:30 p.m.  ; 4:30 p.m. - 7:00 p.m.   | Friday: 9:00 a.m. - noon  ; 1:00 p.m. - 3:30 p.m.   | Saturday: 9:30 a.m. - noon  ", "registeredHours": "Monday: 10:00 a.m. - 11:00 a.m.  ; 1:00 p.m. - 2:00 p.m.   | Tuesday: 1:00 p.m. - 3:30 p.m.   | Wednesday: 1:00 p.m. - 2:00 p.m.   | Thursday: 5:30 p.m. - 6:30 p.m.   | Saturday: 10:30 a.m. - 11:30 a.m.  ", "virtualHours": null, "centre_type": "Centre" }, "geometry": { "type": "MultiPoint", "coordinates": [ [ -79.267103936, 43.732081946 ] ] } },
{ "type": "Feature", "properties": { "_id": 166, "service_system_manager": "City of Toronto", "agency": "George Hull Centre for Children and Families", "loc_id": 13652, "program_name": "Scarlett Manor EarlyON Child and Family Centre", "languages": "", "french_language_program": null, "indigenous_program": null, "programTypes": "", "serviceName": "", "buildingName": null, "address": "1025 Scarlett Rd", "full_address": "1025 Scarlett Rd, Etobicoke, ON M9P 3V3", "major_intersection": null, "ward": 2, "ward_name": "ETOBICOKE CENTRE", "located_in_school": "No", "school_name": null, "lat": 43.700667645000003, "lng": -79.525308519000006, "website": "www.georgehullcentre.ca", "website_name": "George Hull Centre for Children and Families Website", "website_description": " Website for Agency George Hull Centre for Children and Families", "consultant_fullname": "Jessica Abraham", "consultant_phone": "416-338-6746", "email": "Jessica.Abraham@toronto.ca", "contact_fullname": "Talia Leszcz", "contact_title": "DIRECTOR, PEI", "phone": "416-622-8833", "contact_email": "tleszcz@georgehull.on.ca", "dropinHours": "Tuesday: 9:30 a.m. - 11:30 a.m.   | Thursday: 9:30 a.m. - 11:30 a.m.  ", "registeredHours": null, "virtualHours": null, "centre_type": "Centre" }, "geometry": { "type": "MultiPoint", "coordinates": [ [ -79.525308519, 43.700667645 ] ] } },
{ "type": "Feature", "properties": { "_id": 167, "service_system_manager": "City of Toronto", "agency": "Lakeshore Area Multi-services Project (lamp) Inc.", "loc_id": 13314, "program_name": "Second Street EarlyON Child and Family Centre", "languages": "", "french_language_program": null, "indigenous_program": null, "programTypes": "", "serviceName": "", "buildingName": "Second Street Junior Middle School", "address": "71 Second St", "full_address": "71 Second St, Etobicoke, ON M8V 2X4", "major_intersection": "Islington / Lake Shore Blvd W", "ward": 3, "ward_name": "ETOBICOKE-LAKESHORE", "located_in_school": "Yes", "school_name": "SECOND STREET JUNIOR MIDDLE SCHOOL", "lat": 43.603725079, "lng": -79.500022907000002, "website": "www.lampchc.org", "website_name": "Lakeshore Area Multi-services Project (lamp) Inc. Website", "website_description": " Website for Agency Lakeshore Area Multi-services Project (lamp) Inc.", "consultant_fullname": "Jessica Abraham", "consultant_phone": "416-338-6746", "email": "Jessica.Abraham@toronto.ca", "contact_fullname": "Camisha Johnson", "contact_title": "MANAGER, CHILDRENS PROGRAMS", "phone": "416-252-8293", "contact_email": "camishaj@lampchc.org", "dropinHours": "Monday: 9:00 a.m. - noon   | Wednesday: 1:30 p.m. - 3:30 p.m.   | Thursday: 9:00 a.m. - noon   | Friday: 9:00 a.m. - noon  ", "registeredHours": "Tuesday: 10:00 a.m. - noon   | Wednesday: 9:30 a.m. - 11:30 a.m.  ", "virtualHours": null, "centre_type": "Centre" }, "geometry": { "type": "MultiPoint", "coordinates": [ [ -79.500022907, 43.603725079 ] ] } },
{ "type": "Feature", "properties": { "_id": 168, "service_system_manager": "City of Toronto", "agency": "Toronto District School Board", "loc_id": 13332, "program_name": "Secord EarlyON Child and Family Centre", "languages": "", "french_language_program": null, "indigenous_program": null, "programTypes": "", "serviceName": "", "buildingName": "Secord Public School", "address": "101 Barrington Ave", "full_address": "101 Barrington Ave, East York, ON M4C 4Y9", "major_intersection": null, "ward": 19, "ward_name": "BEACHES-EAST YORK", "located_in_school": "Yes", "school_name": "SECORD ELEMENTARY SCHOOL", "lat": 43.692378892999997, "lng": -79.301831245000002, "website": "www.tdsb.org", "website_name": "Toronto District School Board Website", "website_description": " Website for Agency Toronto District School Board", "consultant_fullname": "Roxanne Martin", "consultant_phone": "416", "email": "Roxanne.Martin@toronto.ca", "contact_fullname": "Kim Fritz", "contact_title": null, "phone": "416-394-2104", "contact_email": "kim.fritz@tdsb.on.ca", "dropinHours": "Monday: 9:00 a.m. - 1:00 p.m.   | Tuesday: 9:00 a.m. - 1:00 p.m.   | Wednesday: 9:00 a.m. - 1:00 p.m.   | Thursday: 9:00 a.m. - 1:00 p.m.   | Friday: 9:00 a.m. - 1:00 p.m.  ", "registeredHours": null, "virtualHours": null, "centre_type": "Centre" }, "geometry": { "type": "MultiPoint", "coordinates": [ [ -79.301831245, 43.692378893 ] ] } },
{ "type": "Feature", "properties": { "_id": 169, "service_system_manager": "City of Toronto", "agency": "Toronto District School Board", "loc_id": 12435, "program_name": "Sheppard EarlyON Child and Family Centre", "languages": "", "french_language_program": null, "indigenous_program": null, "programTypes": "", "serviceName": "", "buildingName": "Sheppard Public School", "address": "1430 Sheppard Ave W", "full_address": "1430 Sheppard Ave W, North York, ON M3M 2W9", "major_intersection": null, "ward": 6, "ward_name": "YORK CENTRE", "located_in_school": "Yes", "school_name": "SHEPPARD PUBLIC SCHOOL", "lat": 43.745424352999997, "lng": -79.488260656999998, "website": "www.tdsb.ca", "website_name": "Toronto District School Board Website", "website_description": " Website for Agency Toronto District School Board", "consultant_fullname": "Roxanne Martin", "consultant_phone": "416", "email": "Roxanne.Martin@toronto.ca", "contact_fullname": "Kim Fritz", "contact_title": null, "phone": "416-394-2104", "contact_email": "kim.fritz@tdsb.on.ca", "dropinHours": "Monday: 8:45 a.m. - 1:45 p.m.   | Tuesday: 8:45 a.m. - 1:45 p.m.   | Wednesday: 8:45 a.m. - 1:45 p.m.   | Thursday: 8:45 a.m. - 1:45 p.m.  ", "registeredHours": null, "virtualHours": null, "centre_type": "Centre" }, "geometry": { "type": "MultiPoint", "coordinates": [ [ -79.488260657, 43.745424353 ] ] } },
{ "type": "Feature", "properties": { "_id": 170, "service_system_manager": "City of Toronto", "agency": "Toronto District School Board", "loc_id": 12583, "program_name": "Shirley Street EarlyON Child and Family Centre", "languages": "", "french_language_program": null, "indigenous_program": null, "programTypes": "", "serviceName": "", "buildingName": "Shirley Street Junior Public School", "address": "38 Shirley St", "full_address": "38 Shirley St, Toronto, ON M6K 1S9", "major_intersection": null, "ward": 9, "ward_name": "DAVENPORT", "located_in_school": "Yes", "school_name": "SHIRLEY STREET JUNIOR PUBLIC SCHOOL", "lat": 43.648524232, "lng": -79.436722167, "website": "www.tdsb.on.ca", "website_name": "Toronto District School Board Website", "website_description": " Website for Agency Toronto District School Board", "consultant_fullname": "Roxanne Martin", "consultant_phone": "416", "email": "Roxanne.Martin@toronto.ca", "contact_fullname": "Kim Fritz", "contact_title": null, "phone": "416-394-2104", "contact_email": "kim.fritz@tdsb.on.ca", "dropinHours": "Monday: 9:00 a.m. - 1:00 p.m.   | Tuesday: 9:00 a.m. - 1:00 p.m.   | Wednesday: 9:00 a.m. - 1:00 p.m.   | Thursday: 9:00 a.m. - 1:00 p.m.   | Friday: 9:00 a.m. - 1:00 p.m.  ", "registeredHours": null, "virtualHours": null, "centre_type": "Centre" }, "geometry": { "type": "MultiPoint", "coordinates": [ [ -79.436722167, 43.648524232 ] ] } },
{ "type": "Feature", "properties": { "_id": 171, "service_system_manager": "City of Toronto", "agency": "Toronto District School Board", "loc_id": 12438, "program_name": "Shoreham EarlyON Child and Family Centre", "languages": "", "french_language_program": null, "indigenous_program": null, "programTypes": "", "serviceName": "", "buildingName": "Shoreham Public Sports And Wellness Academy", "address": "31 Shoreham Dr", "full_address": "31 Shoreham Dr, North York, ON M3N 2S6", "major_intersection": null, "ward": 7, "ward_name": "HUMBER RIVER-BLACK CREEK", "located_in_school": "Yes", "school_name": "SHOREHAM PUBLIC SPORTS AND WELLNESS ACADEMY", "lat": 43.768799545999997, "lng": -79.517387963999994, "website": "www.tdsb.on.ca/earlyyears/preschoolyears", "website_name": "Toronto District School Board Website", "website_description": " Website for Agency Toronto District School Board", "consultant_fullname": "Roxanne Martin", "consultant_phone": "416", "email": "Roxanne.Martin@toronto.ca", "contact_fullname": "Kim Fritz", "contact_title": null, "phone": "416-394-2104", "contact_email": "kim.fritz@tdsb.on.ca", "dropinHours": "Monday: 8:45 a.m. - 12:45 p.m.   | Tuesday: 8:45 a.m. - 12:45 p.m.   | Wednesday: 8:45 a.m. - 12:45 p.m.   | Thursday: 8:45 a.m. - 12:45 p.m.   | Friday: 8:45 a.m. - 12:45 p.m.  ", "registeredHours": null, "virtualHours": null, "centre_type": "Centre" }, "geometry": { "type": "MultiPoint", "coordinates": [ [ -79.517387964, 43.768799546 ] ] } },
{ "type": "Feature", "properties": { "_id": 172, "service_system_manager": "City of Toronto", "agency": "SickKids Centre for Community Mental Health", "loc_id": 12546, "program_name": "SickKids EarlyON Child and Family Centre", "languages": "", "french_language_program": null, "indigenous_program": null, "programTypes": "", "serviceName": "", "buildingName": null, "address": "1645 Sheppard Ave W", "full_address": "1645 Sheppard Ave W, North York, ON M3M 2X4", "major_intersection": null, "ward": 6, "ward_name": "YORK CENTRE", "located_in_school": "No", "school_name": null, "lat": 43.742415432500003, "lng": -79.495929748699993, "website": "www.sickkidscmh.ca", "website_name": "SickKids Centre for Community Mental Health Website", "website_description": " Website for Agency SickKids Centre for Community Mental Health", "consultant_fullname": "Maureen Mcdonald", "consultant_phone": "416-338-6528", "email": "mmcdona5@toronto.ca", "contact_fullname": "Lisa  Ihnat ", "contact_title": " SENIOR CLINICAL MANAGER", "phone": "416-924-1164 X 3235", "contact_email": "lihnat@sickkidscmh.ca", "dropinHours": "Monday: 9:30 a.m. - noon  ; 1:00 p.m. - 3:00 p.m.   | Tuesday: 1:00 p.m. - 3:00 p.m.   | Wednesday: 9:30 a.m. - noon   | Thursday: 9:30 a.m. - noon  ; 1:00 p.m. - 2:30 p.m.  ; 4:00 p.m. - 6:30 p.m.   | Friday: 10:00 a.m. - noon  ; 2:00 p.m. - 3:00 p.m.  ", "registeredHours": "Tuesday: 9:30 a.m. - noon   | Friday: 1:00 p.m. - 2:00 p.m.  ", "virtualHours": null, "centre_type": "Centre" }, "geometry": { "type": "MultiPoint", "coordinates": [ [ -79.495929748699993, 43.742415432500003 ] ] } },
{ "type": "Feature", "properties": { "_id": 173, "service_system_manager": "City of Toronto", "agency": "Toronto District School Board", "loc_id": 13331, "program_name": "Silverthorn Community EarlyON Child and Family Centre", "languages": "", "french_language_program": null, "indigenous_program": null, "programTypes": "", "serviceName": "", "buildingName": "Silverthorn Community School", "address": "300 Kane Ave", "full_address": "300 Kane Ave, York, ON M6M 3P1", "major_intersection": null, "ward": 5, "ward_name": "YORK SOUTH-WESTON", "located_in_school": "Yes", "school_name": "SILVERTHORN COMMUNITY SCHOOL", "lat": 43.687249418999997, "lng": -79.46941511, "website": "www.tdsb.on.ca/earlyyears/preschoolyears", "website_name": "Toronto District School Board Website", "website_description": " Website for Agency Toronto District School Board", "consultant_fullname": "Roxanne Martin", "consultant_phone": "416", "email": "Roxanne.Martin@toronto.ca", "contact_fullname": "Kim Fritz", "contact_title": null, "phone": "416-394-2104", "contact_email": "kim.fritz@tdsb.on.ca", "dropinHours": "Monday: 8:45 a.m. - 12:45 p.m.   | Tuesday: 8:45 a.m. - 12:45 p.m.   | Wednesday: 8:45 a.m. - 12:45 p.m.   | Thursday: 8:45 a.m. - 12:45 p.m.   | Friday: 8:45 a.m. - 12:45 p.m.  ", "registeredHours": null, "virtualHours": null, "centre_type": "Centre" }, "geometry": { "type": "MultiPoint", "coordinates": [ [ -79.46941511, 43.687249419 ] ] } },
{ "type": "Feature", "properties": { "_id": 174, "service_system_manager": "City of Toronto", "agency": "South Riverdale Child-parent Centre", "loc_id": 6264, "program_name": "South Riverdale EarlyON Child and Family Centre", "languages": "French", "french_language_program": null, "indigenous_program": null, "programTypes": "", "serviceName": "", "buildingName": "Ralph Thornton Community Centre", "address": "765 Queen St E", "full_address": "765 Queen St E, Toronto, ON M4M 1H3", "major_intersection": "Queen / Broadview", "ward": 14, "ward_name": "TORONTO-DANFORTH", "located_in_school": "No", "school_name": null, "lat": 43.659191903999996, "lng": -79.347569551999996, "website": "www.srcpc.org", "website_name": "South Riverdale Child-parent Centre Website", "website_description": " Website for Agency South Riverdale Child-parent Centre", "consultant_fullname": "Roxanne Martin", "consultant_phone": "416", "email": "Roxanne.Martin@toronto.ca", "contact_fullname": "Antonina Borg", "contact_title": "PROGRAM MANAGER", "phone": "416-469-3776", "contact_email": "ninab@srcpc.org", "dropinHours": "Monday: 9:00 a.m. - 1:30 p.m.   | Tuesday: 1:00 p.m. - 5:30 p.m.   | Thursday: 9:00 a.m. - 1:30 p.m.   | Friday: 9:00 a.m. - 1:30 p.m.   | Saturday: 9:30 a.m. - 12:30 p.m.  ", "registeredHours": "Wednesday: 9:00 a.m. - 1:00 p.m.  ", "virtualHours": null, "centre_type": "Centre" }, "geometry": { "type": "MultiPoint", "coordinates": [ [ -79.347569552, 43.659191904 ] ] } },
{ "type": "Feature", "properties": { "_id": 175, "service_system_manager": "City of Toronto", "agency": "Toronto District School Board", "loc_id": 12582, "program_name": "Sprucecourt EarlyON Child and Family Centre", "languages": "", "french_language_program": null, "indigenous_program": null, "programTypes": "", "serviceName": "", "buildingName": "Sprucecourt Public School", "address": "70 Spruce St", "full_address": "70 Spruce St, Toronto, ON M5A 2J1", "major_intersection": null, "ward": 13, "ward_name": "TORONTO CENTRE", "located_in_school": "Yes", "school_name": "SPRUCECOURT JUNIOR PUBLIC SCHOOL", "lat": 43.664486001999997, "lng": -79.36382992, "website": "www.tdsb.on.ca/earlyyears/preschoolyears", "website_name": "Toronto District School Board Website", "website_description": " Website for Agency Toronto District School Board", "consultant_fullname": "Roxanne Martin", "consultant_phone": "416", "email": "Roxanne.Martin@toronto.ca", "contact_fullname": "Kim Fritz", "contact_title": null, "phone": "416-394-2104", "contact_email": "kim.fritz@tdsb.on.ca", "dropinHours": "Monday: 8:45 a.m. - 12:45 p.m.   | Tuesday: 8:45 a.m. - 12:45 p.m.   | Wednesday: 8:45 a.m. - 12:45 p.m.   | Thursday: 8:45 a.m. - 12:45 p.m.   | Friday: 8:45 a.m. - 12:45 p.m.  ", "registeredHours": null, "virtualHours": null, "centre_type": "Centre" }, "geometry": { "type": "MultiPoint", "coordinates": [ [ -79.36382992, 43.664486002 ] ] } },
{ "type": "Feature", "properties": { "_id": 176, "service_system_manager": "City of Toronto", "agency": "East Toronto Family Community Centre", "loc_id": 14379, "program_name": "St David's EarlyON Child and Family Centre", "languages": "", "french_language_program": null, "indigenous_program": null, "programTypes": "", "serviceName": null, "buildingName": "St David's Anglican Church", "address": "49 Donlands Ave", "full_address": "49 Donlands Ave, Toronto, ON M4J 3N5", "major_intersection": "Donlands Ave/danforth Ave", "ward": 14, "ward_name": "TORONTO-DANFORTH", "located_in_school": "No", "school_name": null, "lat": 43.680994697000003, "lng": -79.337034016999993, "website": "https://www.eastviewcentre.com/family-resource-early-on", "website_name": "East Toronto Family Community Centre Website", "website_description": " Website for Agency East Toronto Family Community Centre", "consultant_fullname": "Roxanne Martin", "consultant_phone": "416", "email": "Roxanne.Martin@toronto.ca", "contact_fullname": "Cecilia Molina", "contact_title": "FAMILY RESOURCE PROG COORD", "phone": "416-392-1750", "contact_email": "ceciliamolina@eastviewcentre.com", "dropinHours": null, "registeredHours": null, "virtualHours": null, "centre_type": "Centre" }, "geometry": { "type": "MultiPoint", "coordinates": [ [ -79.337034017, 43.680994697 ] ] } },
{ "type": "Feature", "properties": { "_id": 177, "service_system_manager": "City of Toronto", "agency": "Lumenus Community Services", "loc_id": 14235, "program_name": "St Theo's EarlyON Child and Family Centre", "languages": "", "french_language_program": null, "indigenous_program": null, "programTypes": "", "serviceName": "", "buildingName": "St Theo's Church", "address": "111 Cactus Ave", "full_address": "111 Cactus Ave, North York, ON M2R 2V1", "major_intersection": null, "ward": 18, "ward_name": "WILLOWDALE", "located_in_school": "No", "school_name": null, "lat": 43.791910563000002, "lng": -79.433262283999994, "website": "www.lumenus.ca", "website_name": "Lumenus Community Services Website", "website_description": " Website for Agency Lumenus Community Services", "consultant_fullname": "Maureen Mcdonald", "consultant_phone": "416-338-6528", "email": "mmcdona5@toronto.ca", "contact_fullname": "Denise Palermo", "contact_title": "SUPERVISOR/MANAGER", "phone": "416-494-1579 X 4301", "contact_email": "dpalermo@lumenus.ca", "dropinHours": "Tuesday: 1:30 p.m. - 3:30 p.m.   | Friday: 9:30 a.m. - 11:30 a.m.  ", "registeredHours": "Tuesday: 9:30 a.m. - 11:30 a.m.   | Friday: 1:30 p.m. - 3:30 p.m.  ", "virtualHours": null, "centre_type": "Centre" }, "geometry": { "type": "MultiPoint", "coordinates": [ [ -79.433262284, 43.791910563 ] ] } },
{ "type": "Feature", "properties": { "_id": 178, "service_system_manager": "City of Toronto", "agency": "Toronto Catholic District School Board", "loc_id": 12442, "program_name": "St. Aidan EarlyON Child and Family Centre", "languages": "", "french_language_program": null, "indigenous_program": null, "programTypes": "", "serviceName": "", "buildingName": "St. Aidan Earlyon Catholic School", "address": "3521 Finch Ave E", "full_address": "3521 Finch Ave E, Scarborough, ON M1W 2S2", "major_intersection": null, "ward": 22, "ward_name": "SCARBOROUGH-AGINCOURT", "located_in_school": "Yes", "school_name": "ST. AIDAN CATHOLIC SCHOOL", "lat": 43.797523548999997, "lng": -79.309250776, "website": "www.tcdsb.org/programsservices/earlyyear", "website_name": "Toronto Catholic District School Board Website", "website_description": " Website for Agency Toronto Catholic District School Board", "consultant_fullname": "Roxanne Martin", "consultant_phone": "416", "email": "Roxanne.Martin@toronto.ca", "contact_fullname": "Alison Grbic", "contact_title": null, "phone": "416-222-8282", "contact_email": "alison.grbic@tcdsb.org", "dropinHours": "Monday: 9:30 a.m. - 1:30 p.m.   | Tuesday: 9:30 a.m. - 1:30 p.m.   | Wednesday: 9:30 a.m. - 1:30 p.m.   | Thursday: 9:30 a.m. - 1:30 p.m.   | Friday: 9:30 a.m. - 1:30 p.m.  ", "registeredHours": null, "virtualHours": null, "centre_type": "Centre" }, "geometry": { "type": "MultiPoint", "coordinates": [ [ -79.309250776, 43.797523549 ] ] } },
{ "type": "Feature", "properties": { "_id": 179, "service_system_manager": "City of Toronto", "agency": "College-montrose Children's Place", "loc_id": 13676, "program_name": "St. Alban's EarlyON Child and Family Centre", "languages": "", "french_language_program": null, "indigenous_program": null, "programTypes": "", "serviceName": "", "buildingName": "St. Alban's Boys And Girls Club", "address": "843 Palmerston Ave", "full_address": "843 Palmerston Ave, Toronto, ON M6G 2R8", "major_intersection": null, "ward": 11, "ward_name": "UNIVERSITY-ROSEDALE", "located_in_school": "No", "school_name": null, "lat": 43.671409986999997, "lng": -79.415679241999996, "website": "www.stalbansclub.ca", "website_name": "College-montrose Children's Place Website", "website_description": " Website for Agency College-montrose Children's Place", "consultant_fullname": "Roxanne Martin", "consultant_phone": "416", "email": "Roxanne.Martin@toronto.ca", "contact_fullname": "Corina John", "contact_title": "EXECUTIVE DIRECTOR", "phone": "416-532-9485 X 232", "contact_email": "cjohn@cmcp.ca", "dropinHours": "Monday: 9:30 a.m. - 12:30 p.m.   | Tuesday: 9:30 a.m. - 12:30 p.m.   | Wednesday: 9:30 a.m. - 12:30 p.m.   | Thursday: 9:30 a.m. - 12:30 p.m.   | Friday: 9:30 a.m. - 12:30 p.m.   | Saturday: 10:00 a.m. - noon  ", "registeredHours": null, "virtualHours": null, "centre_type": "Centre" }, "geometry": { "type": "MultiPoint", "coordinates": [ [ -79.415679242, 43.671409987 ] ] } },
{ "type": "Feature", "properties": { "_id": 180, "service_system_manager": "City of Toronto", "agency": "Toronto Catholic District School Board", "loc_id": 13040, "program_name": "St. Albert EarlyON Child and Family Centre", "languages": "Chinese - Other; Japanese", "french_language_program": null, "indigenous_program": null, "programTypes": "", "serviceName": "", "buildingName": "St. Albert Catholic School", "address": "1125 Midland Ave", "full_address": "1125 Midland Ave, Scarborough, ON M1K 4H2", "major_intersection": null, "ward": 21, "ward_name": "SCARBOROUGH CENTRE", "located_in_school": "Yes", "school_name": "ST. ALBERT CATHOLIC SCHOOL", "lat": 43.743641037000003, "lng": -79.261510742, "website": "www.tcdsb.org/programsservices/earlyyear", "website_name": "Toronto Catholic District School Board Website", "website_description": " Website for Agency Toronto Catholic District School Board", "consultant_fullname": "Roxanne Martin", "consultant_phone": "416", "email": "Roxanne.Martin@toronto.ca", "contact_fullname": "Alison Grbic", "contact_title": null, "phone": "416-222-8282", "contact_email": "alison.grbic@tcdsb.org", "dropinHours": "Monday: 9:00 a.m. - 1:00 p.m.   | Tuesday: 9:00 a.m. - 1:00 p.m.   | Wednesday: 9:00 a.m. - 1:00 p.m.   | Thursday: 9:00 a.m. - 1:00 p.m.   | Friday: 9:00 a.m. - 1:00 p.m.  ", "registeredHours": null, "virtualHours": null, "centre_type": "Centre" }, "geometry": { "type": "MultiPoint", "coordinates": [ [ -79.261510742, 43.743641037 ] ] } },
{ "type": "Feature", "properties": { "_id": 181, "service_system_manager": "City of Toronto", "agency": "Toronto Catholic District School Board", "loc_id": 12439, "program_name": "St. Angela EarlyON Child and Family Centre", "languages": "", "french_language_program": null, "indigenous_program": null, "programTypes": "", "serviceName": "", "buildingName": "St. Angela Catholic School", "address": "220 Mount Olive Dr", "full_address": "220 Mount Olive Dr, Etobicoke, ON M9V 3Z5", "major_intersection": null, "ward": 1, "ward_name": "ETOBICOKE NORTH", "located_in_school": "Yes", "school_name": "ST. ANGELA CATHOLIC SCHOOL", "lat": 43.754521497, "lng": -79.596902842999995, "website": "https://www.tcdsb.org/o/earlyyears/page/earlyon-program-overview", "website_name": "Toronto Catholic District School Board Website", "website_description": " Website for Agency Toronto Catholic District School Board", "consultant_fullname": "Roxanne Martin", "consultant_phone": "416", "email": "Roxanne.Martin@toronto.ca", "contact_fullname": "Alison Grbic", "contact_title": null, "phone": "416-222-8282", "contact_email": "alison.grbic@tcdsb.org", "dropinHours": "Monday: 11:30 a.m. - 3:30 p.m.   | Tuesday: 11:30 a.m. - 3:30 p.m.   | Wednesday: 11:30 a.m. - 3:30 p.m.   | Thursday: 11:30 a.m. - 3:30 p.m.   | Friday: 11:30 a.m. - 3:30 p.m.  ", "registeredHours": null, "virtualHours": null, "centre_type": "Centre" }, "geometry": { "type": "MultiPoint", "coordinates": [ [ -79.596902843, 43.754521497 ] ] } },
{ "type": "Feature", "properties": { "_id": 182, "service_system_manager": "City of Toronto", "agency": "Toronto Catholic District School Board", "loc_id": 13043, "program_name": "St. Anthony EarlyON Child and Family Centre", "languages": "", "french_language_program": null, "indigenous_program": null, "programTypes": "", "serviceName": "", "buildingName": "St. Anthony Catholic School", "address": "130 Shanly St", "full_address": "130 Shanly St, Toronto, ON M6H 1L9", "major_intersection": null, "ward": 9, "ward_name": "DAVENPORT", "located_in_school": "Yes", "school_name": "ST. ANTHONY CATHOLIC SCHOOL", "lat": 43.663604792000001, "lng": -79.434920839, "website": "www.tcdsb.org", "website_name": "Toronto Catholic District School Board Website", "website_description": " Website for Agency Toronto Catholic District School Board", "consultant_fullname": "Roxanne Martin", "consultant_phone": "416", "email": "Roxanne.Martin@toronto.ca", "contact_fullname": "Alison Grbic", "contact_title": null, "phone": "416-222-8282", "contact_email": "alison.grbic@tcdsb.org", "dropinHours": "Monday: 9:00 a.m. - 1:00 p.m.   | Tuesday: 9:00 a.m. - 1:00 p.m.   | Wednesday: 9:00 a.m. - 1:00 p.m.   | Thursday: 9:00 a.m. - 1:00 p.m.   | Friday: 9:00 a.m. - 1:00 p.m.  ", "registeredHours": null, "virtualHours": null, "centre_type": "Centre" }, "geometry": { "type": "MultiPoint", "coordinates": [ [ -79.434920839, 43.663604792 ] ] } },
{ "type": "Feature", "properties": { "_id": 183, "service_system_manager": "City of Toronto", "agency": "Toronto Catholic District School Board", "loc_id": 12451, "program_name": "St. Barbara EarlyON Child and Family Centre", "languages": "Tagalog (Pilipino, Filipino)", "french_language_program": null, "indigenous_program": null, "programTypes": "", "serviceName": "", "buildingName": "St. Barbara Catholic School", "address": "25 Janray Dr", "full_address": "25 Janray Dr, Scarborough, ON M1G 1Y2", "major_intersection": null, "ward": 24, "ward_name": "SCARBOROUGH-GUILDWOOD", "located_in_school": "Yes", "school_name": "ST. BARBARA CATHOLIC SCHOOL", "lat": 43.762468722999998, "lng": -79.219060612000007, "website": "www.tcdsb.org/programsservices/earlyyear", "website_name": "Toronto Catholic District School Board Website", "website_description": " Website for Agency Toronto Catholic District School Board", "consultant_fullname": "Roxanne Martin", "consultant_phone": "416", "email": "Roxanne.Martin@toronto.ca", "contact_fullname": "Alison Grbic", "contact_title": null, "phone": "416-222-8282", "contact_email": "alison.grbic@tcdsb.org", "dropinHours": "Monday: 9:30 a.m. - 1:30 p.m.   | Tuesday: 9:30 a.m. - 1:30 p.m.   | Wednesday: 9:30 a.m. - 1:30 p.m.   | Thursday: 9:30 a.m. - 1:30 p.m.   | Friday: 9:30 a.m. - 1:30 p.m.  ", "registeredHours": null, "virtualHours": null, "centre_type": "Centre" }, "geometry": { "type": "MultiPoint", "coordinates": [ [ -79.219060612, 43.762468723 ] ] } },
{ "type": "Feature", "properties": { "_id": 184, "service_system_manager": "City of Toronto", "agency": "Toronto Catholic District School Board", "loc_id": 12450, "program_name": "St. Barnabas EarlyON Child and Family Centre", "languages": "", "french_language_program": null, "indigenous_program": null, "programTypes": "", "serviceName": "", "buildingName": "St. Barnabas Catholic School", "address": "30 Washburn Way", "full_address": "30 Washburn Way, Scarborough, ON M1B 1H3", "major_intersection": null, "ward": 23, "ward_name": "SCARBOROUGH NORTH", "located_in_school": "Yes", "school_name": "ST. BARNABAS CATHOLIC SCHOOL", "lat": 43.797249836100001, "lng": -79.228515108899998, "website": "www.tcdsb.org/programsservices/earlyyear", "website_name": "Toronto Catholic District School Board Website", "website_description": " Website for Agency Toronto Catholic District School Board", "consultant_fullname": "Roxanne Martin", "consultant_phone": "416", "email": "Roxanne.Martin@toronto.ca", "contact_fullname": "Alison Grbic", "contact_title": null, "phone": "416-222-8282", "contact_email": "alison.grbic@tcdsb.org", "dropinHours": "Monday: 10:00 a.m. - 2:00 p.m.   | Tuesday: 10:00 a.m. - 2:00 p.m.   | Wednesday: 10:00 a.m. - 2:00 p.m.   | Thursday: 10:00 a.m. - 2:00 p.m.   | Friday: 10:00 a.m. - 2:00 p.m.  ", "registeredHours": null, "virtualHours": null, "centre_type": "Centre" }, "geometry": { "type": "MultiPoint", "coordinates": [ [ -79.228515108899998, 43.797249836100001 ] ] } },
{ "type": "Feature", "properties": { "_id": 185, "service_system_manager": "City of Toronto", "agency": "Toronto Catholic District School Board", "loc_id": 12449, "program_name": "St. Charles Garnier EarlyON Child and Family Centre", "languages": "Hindi; Panjabi (Punjabi)", "french_language_program": null, "indigenous_program": null, "programTypes": "", "serviceName": "", "buildingName": "St. Charles Garnier Catholic School", "address": "20 Stong Crt", "full_address": "20 Stong Crt, North York, ON M3N 2X9", "major_intersection": null, "ward": 7, "ward_name": "HUMBER RIVER-BLACK CREEK", "located_in_school": "Yes", "school_name": "ST. CHARLES GARNIER CATHOLIC SCHOOL", "lat": 43.762342122, "lng": -79.518064126, "website": "www.tcdsb.org/programsservices/earlyyear", "website_name": "Toronto Catholic District School Board Website", "website_description": " Website for Agency Toronto Catholic District School Board", "consultant_fullname": "Roxanne Martin", "consultant_phone": "416", "email": "Roxanne.Martin@toronto.ca", "contact_fullname": "Alison Grbic", "contact_title": null, "phone": "416-222-8282", "contact_email": "alison.grbic@tcdsb.org", "dropinHours": "Monday: 8:00 a.m. - noon   | Tuesday: 8:00 a.m. - noon   | Wednesday: 8:00 a.m. - noon   | Thursday: 8:00 a.m. - noon   | Friday: 8:00 a.m. - noon  ", "registeredHours": null, "virtualHours": null, "centre_type": "Centre" }, "geometry": { "type": "MultiPoint", "coordinates": [ [ -79.518064126, 43.762342122 ] ] } },
{ "type": "Feature", "properties": { "_id": 186, "service_system_manager": "City of Toronto", "agency": "Toronto Catholic District School Board", "loc_id": 12448, "program_name": "St. Dorothy EarlyON Child and Family Centre", "languages": "", "french_language_program": null, "indigenous_program": null, "programTypes": "", "serviceName": "", "buildingName": "St. Dorothy Catholic School", "address": "155 John Garland Blvd", "full_address": "155 John Garland Blvd, Etobicoke, ON M9V 1N7", "major_intersection": null, "ward": 1, "ward_name": "ETOBICOKE NORTH", "located_in_school": "Yes", "school_name": "ST. DOROTHY CATHOLIC SCHOOL", "lat": 43.731492703999997, "lng": -79.591739731999994, "website": "www.tcdsb.org/programsservices/earlyyear", "website_name": "Toronto Catholic District School Board Website", "website_description": " Website for Agency Toronto Catholic District School Board", "consultant_fullname": "Roxanne Martin", "consultant_phone": "416", "email": "Roxanne.Martin@toronto.ca", "contact_fullname": "Alison Grbic", "contact_title": null, "phone": "416-222-8282", "contact_email": "alison.grbic@tcdsb.org", "dropinHours": "Monday: 9:30 a.m. - 1:30 p.m.   | Tuesday: 9:30 a.m. - 1:30 p.m.   | Wednesday: 9:30 a.m. - 1:30 p.m.   | Thursday: 9:30 a.m. - 1:30 p.m.   | Friday: 9:30 a.m. - 1:30 p.m.  ", "registeredHours": null, "virtualHours": null, "centre_type": "Centre" }, "geometry": { "type": "MultiPoint", "coordinates": [ [ -79.591739732, 43.731492704 ] ] } },
{ "type": "Feature", "properties": { "_id": 187, "service_system_manager": "City of Toronto", "agency": "Toronto Catholic District School Board", "loc_id": 12447, "program_name": "St. Francis De Sales EarlyON Child and Family Centre", "languages": "Hindi; Panjabi (Punjabi)", "french_language_program": null, "indigenous_program": null, "programTypes": "", "serviceName": "", "buildingName": "St. Francis De Sales Catholic School", "address": "333 Firgrove Cres", "full_address": "333 Firgrove Cres, North York, ON M3N 1K9", "major_intersection": null, "ward": 7, "ward_name": "HUMBER RIVER-BLACK CREEK", "located_in_school": "Yes", "school_name": "ST. FRANCIS DE SALES CATHOLIC SCHOOL", "lat": 43.754132912000003, "lng": -79.519124512999994, "website": "www.tcdsb.org/programsservices/earlyyear", "website_name": "Toronto Catholic District School Board Website", "website_description": " Website for Agency Toronto Catholic District School Board", "consultant_fullname": "Roxanne Martin", "consultant_phone": "416", "email": "Roxanne.Martin@toronto.ca", "contact_fullname": "Alison Grbic", "contact_title": null, "phone": "416-222-8282", "contact_email": "alison.grbic@tcdsb.org", "dropinHours": "Monday: 12:30 p.m. - 4:30 p.m.   | Tuesday: 12:30 p.m. - 4:30 p.m.   | Wednesday: 12:30 p.m. - 4:30 p.m.   | Thursday: 12:30 p.m. - 4:30 p.m.   | Friday: 12:30 p.m. - 4:30 p.m.  ", "registeredHours": null, "virtualHours": null, "centre_type": "Centre" }, "geometry": { "type": "MultiPoint", "coordinates": [ [ -79.519124513, 43.754132912 ] ] } },
{ "type": "Feature", "properties": { "_id": 188, "service_system_manager": "City of Toronto", "agency": "Toronto Catholic District School Board", "loc_id": 12413, "program_name": "St. Helen EarlyON Child and Family Centre", "languages": "Italian; Portuguese; Spanish", "french_language_program": null, "indigenous_program": null, "programTypes": "", "serviceName": "", "buildingName": "St. Helen Catholic School", "address": "1196 College St", "full_address": "1196 College St, Toronto, ON M6H 1B8", "major_intersection": null, "ward": 9, "ward_name": "DAVENPORT", "located_in_school": "Yes", "school_name": "ST. HELEN CATHOLIC SCHOOL", "lat": 43.652084574, "lng": -79.436156327999996, "website": "www.tcdsb.org", "website_name": "Toronto Catholic District School Board Website", "website_description": " Website for Agency Toronto Catholic District School Board", "consultant_fullname": "Roxanne Martin", "consultant_phone": "416", "email": "Roxanne.Martin@toronto.ca", "contact_fullname": "Alison Grbic", "contact_title": null, "phone": "416-222-8282", "contact_email": "alison.grbic@tcdsb.org", "dropinHours": "Monday: 8:45 a.m. - 12:45 p.m.   | Tuesday: 8:45 a.m. - 12:45 p.m.   | Wednesday: 8:45 a.m. - 12:45 p.m.   | Thursday: 8:45 a.m. - 12:45 p.m.   | Friday: 8:45 a.m. - 12:45 p.m.  ", "registeredHours": null, "virtualHours": null, "centre_type": "Centre" }, "geometry": { "type": "MultiPoint", "coordinates": [ [ -79.436156328, 43.652084574 ] ] } },
{ "type": "Feature", "properties": { "_id": 189, "service_system_manager": "City of Toronto", "agency": "College-montrose Children's Place", "loc_id": 6209, "program_name": "St. Helen's EarlyON Child and Family Centre", "languages": "Cantonese; Dari; Mandarin; Portuguese; Spanish", "french_language_program": null, "indigenous_program": null, "programTypes": "", "serviceName": "", "buildingName": "Mary McCormick Community Centre", "address": "66 Sheridan Ave", "full_address": "66 Sheridan Ave, Toronto, ON M6K 2G9", "major_intersection": null, "ward": 9, "ward_name": "DAVENPORT", "located_in_school": "No", "school_name": null, "lat": 43.64734406, "lng": -79.433443581999995, "website": "https://www.cmcp.ca/program-calendar/", "website_name": "College-montrose Children's Place Website", "website_description": " Website for Agency College-montrose Children's Place", "consultant_fullname": "Roxanne Martin", "consultant_phone": "416", "email": "Roxanne.Martin@toronto.ca", "contact_fullname": "Corina John", "contact_title": "EXECUTIVE DIRECTOR", "phone": "416-532-9485 X 232", "contact_email": "cjohn@cmcp.ca", "dropinHours": "Monday: 9:00 a.m. - 2:00 p.m.   | Tuesday: 9:00 a.m. - 2:00 p.m.  ; 9:00 a.m. - 3:00 p.m.   | Wednesday: 9:00 a.m. - 2:00 p.m.  ", "registeredHours": null, "virtualHours": null, "centre_type": "Centre" }, "geometry": { "type": "MultiPoint", "coordinates": [ [ -79.433443582, 43.64734406 ] ] } },
{ "type": "Feature", "properties": { "_id": 190, "service_system_manager": "City of Toronto", "agency": "Toronto Catholic District School Board", "loc_id": 12453, "program_name": "St. John XXIII EarlyON Child and Family Centre", "languages": "Hindi; Tamil", "french_language_program": null, "indigenous_program": null, "programTypes": "", "serviceName": "", "buildingName": "St. John XXIII Catholic School", "address": "175 Grenoble Dr", "full_address": "175 Grenoble Dr, North York, ON M3C 3E7", "major_intersection": null, "ward": 16, "ward_name": "DON VALLEY EAST", "located_in_school": "Yes", "school_name": "ST. JOHN XXIII CATHOLIC SCHOOL", "lat": 43.712453971000002, "lng": -79.32984789, "website": "https://www.tcdsb.org/ProgramsServices/EarlyYears/EarlyON/Locations/Pages/St-John-XXIII.aspx", "website_name": "Toronto Catholic District School Board Website", "website_description": " Website for Agency Toronto Catholic District School Board", "consultant_fullname": "Roxanne Martin", "consultant_phone": "416", "email": "Roxanne.Martin@toronto.ca", "contact_fullname": "Alison Grbic", "contact_title": null, "phone": "416-222-8282", "contact_email": "alison.grbic@tcdsb.org", "dropinHours": "Monday: 8:30 a.m. - 12:30 p.m.   | Tuesday: 8:30 a.m. - 12:30 p.m.   | Wednesday: 8:30 a.m. - 12:30 p.m.   | Thursday: 8:30 a.m. - 12:30 p.m.   | Friday: 8:30 a.m. - 12:30 p.m.  ", "registeredHours": null, "virtualHours": null, "centre_type": "Centre" }, "geometry": { "type": "MultiPoint", "coordinates": [ [ -79.32984789, 43.712453971 ] ] } },
{ "type": "Feature", "properties": { "_id": 191, "service_system_manager": "City of Toronto", "agency": "River Oak Parent-child Centre Inc.", "loc_id": 10379, "program_name": "St. Lawrence EarlyON Child and Family Centre", "languages": "Cantonese; Dari; French; Mandarin", "french_language_program": null, "indigenous_program": null, "programTypes": "", "serviceName": "", "buildingName": "St. Lawrence North Building", "address": "173 Front St E", "full_address": "173 Front St E, Toronto, ON M5A 3Z4", "major_intersection": "Front / Jarvis", "ward": 13, "ward_name": "TORONTO CENTRE", "located_in_school": "No", "school_name": null, "lat": 43.650113859000001, "lng": -79.368395473000007, "website": "www.parentresourcesdropin.ca", "website_name": "River Oak Parent-child Centre Inc. Website", "website_description": " Website for Agency River Oak Parent-child Centre Inc.", "consultant_fullname": "Roxanne Martin", "consultant_phone": "416", "email": "Roxanne.Martin@toronto.ca", "contact_fullname": "Rose-marie Montinat", "contact_title": "EXECUTIVE DIRECTOR", "phone": "416-463-0793", "contact_email": "parent_resources@yahoo.ca", "dropinHours": "Tuesday: 9:00 a.m. - 3:00 p.m.   | Thursday: 9:00 a.m. - 3:00 p.m.   | Saturday: 9:30 a.m. - 12:30 p.m.  ", "registeredHours": null, "virtualHours": null, "centre_type": "Centre" }, "geometry": { "type": "MultiPoint", "coordinates": [ [ -79.368395473, 43.650113859 ] ] } },
{ "type": "Feature", "properties": { "_id": 192, "service_system_manager": "City of Toronto", "agency": "Toronto Catholic District School Board", "loc_id": 12412, "program_name": "St. Leo EarlyON Child and Family Centre", "languages": "Portuguese; Spanish", "french_language_program": null, "indigenous_program": null, "programTypes": "", "serviceName": "", "buildingName": "St. Leo Catholic School", "address": "3672 Lake Shore Blvd W", "full_address": "3672 Lake Shore Blvd W, Etobicoke, ON M8W 1N6", "major_intersection": null, "ward": 3, "ward_name": "ETOBICOKE-LAKESHORE", "located_in_school": "Yes", "school_name": "ST. LEO CATHOLIC SCHOOL", "lat": 43.594476737999997, "lng": -79.538179289, "website": "https://www.tcdsb.org/ProgramsServices/EarlyYears/EarlyON/Locations/Pages/St-Leo.aspx", "website_name": "Toronto Catholic District School Board Website", "website_description": " Website for Agency Toronto Catholic District School Board", "consultant_fullname": "Roxanne Martin", "consultant_phone": "416", "email": "Roxanne.Martin@toronto.ca", "contact_fullname": "Alison Grbic", "contact_title": null, "phone": "416-222-8282", "contact_email": "alison.grbic@tcdsb.org", "dropinHours": "Monday: 9:00 a.m. - 1:00 p.m.   | Tuesday: 9:00 a.m. - 1:00 p.m.   | Wednesday: 9:00 a.m. - 1:00 p.m.   | Thursday: 9:00 a.m. - 1:00 p.m.   | Friday: 9:00 a.m. - 1:00 p.m.  ", "registeredHours": null, "virtualHours": null, "centre_type": "Centre" }, "geometry": { "type": "MultiPoint", "coordinates": [ [ -79.538179289, 43.594476738 ] ] } },
{ "type": "Feature", "properties": { "_id": 193, "service_system_manager": "City of Toronto", "agency": "Toronto District School Board", "loc_id": 12581, "program_name": "St. Margaret's EarlyON Child and Family Centre", "languages": "", "french_language_program": null, "indigenous_program": null, "programTypes": "", "serviceName": "", "buildingName": "St. Margaret's Public School", "address": "235 Galloway Rd", "full_address": "235 Galloway Rd, Scarborough, ON M1E 1X5", "major_intersection": null, "ward": 24, "ward_name": "SCARBOROUGH-GUILDWOOD", "located_in_school": "Yes", "school_name": "ST MARGARET'S PUBLIC SCHOOL", "lat": 43.767950553, "lng": -79.195821226000007, "website": "www.tdsb.on.ca", "website_name": "Toronto District School Board Website", "website_description": " Website for Agency Toronto District School Board", "consultant_fullname": "Roxanne Martin", "consultant_phone": "416", "email": "Roxanne.Martin@toronto.ca", "contact_fullname": "Kim Fritz", "contact_title": null, "phone": "416-394-2104", "contact_email": "kim.fritz@tdsb.on.ca", "dropinHours": "Monday: 9:00 a.m. - 2:00 p.m.   | Tuesday: 9:00 a.m. - 2:00 p.m.   | Wednesday: 9:00 a.m. - 2:00 p.m.   | Thursday: 9:00 a.m. - 2:00 p.m.  ", "registeredHours": null, "virtualHours": null, "centre_type": "Centre" }, "geometry": { "type": "MultiPoint", "coordinates": [ [ -79.195821226, 43.767950553 ] ] } },
{ "type": "Feature", "properties": { "_id": 194, "service_system_manager": "City of Toronto", "agency": "Toronto Catholic District School Board", "loc_id": 12440, "program_name": "St. Marguerite Bourgeoys EarlyON Child and Family Centre", "languages": "Tamil", "french_language_program": null, "indigenous_program": null, "programTypes": "", "serviceName": "", "buildingName": "St. Marguerite Bourgeoys Catholic School", "address": "75 Alexmuir Blvd", "full_address": "75 Alexmuir Blvd, Scarborough, ON M1V 1H6", "major_intersection": null, "ward": 23, "ward_name": "SCARBOROUGH NORTH", "located_in_school": "Yes", "school_name": "ST. MARGUERITE BOURGEOYS CATHOLIC SCHOOL", "lat": 43.808230661000003, "lng": -79.285091952000002, "website": "www.tcdsb.org/programsservices/earlyyear", "website_name": "Toronto Catholic District School Board Website", "website_description": " Website for Agency Toronto Catholic District School Board", "consultant_fullname": "Roxanne Martin", "consultant_phone": "416", "email": "Roxanne.Martin@toronto.ca", "contact_fullname": "Alison Grbic", "contact_title": null, "phone": "416-222-8282", "contact_email": "alison.grbic@tcdsb.org", "dropinHours": "Monday: 9:15 a.m. - 1:15 p.m.   | Tuesday: 9:15 a.m. - 1:15 p.m.   | Wednesday: 9:15 a.m. - 1:15 p.m.   | Thursday: 9:15 a.m. - 1:15 p.m.   | Friday: 9:15 a.m. - 1:15 p.m.  ", "registeredHours": null, "virtualHours": null, "centre_type": "Centre" }, "geometry": { "type": "MultiPoint", "coordinates": [ [ -79.285091952, 43.808230661 ] ] } },
{ "type": "Feature", "properties": { "_id": 195, "service_system_manager": "City of Toronto", "agency": "Toronto Catholic District School Board", "loc_id": 12443, "program_name": "St. Paul VI EarlyON Child and Family Centre", "languages": "", "french_language_program": null, "indigenous_program": null, "programTypes": "", "serviceName": "", "buildingName": "St. Paul VI Catholic School", "address": "270 Laughton Ave", "full_address": "270 Laughton Ave, Toronto, ON M6N 2X8", "major_intersection": null, "ward": 9, "ward_name": "DAVENPORT", "located_in_school": "Yes", "school_name": "ST. PAUL VI CATHOLIC SCHOOL", "lat": 43.674012900999998, "lng": -79.45779303, "website": "https://www.tcdsb.org/schools/stpaulvi/Pages/default.aspx", "website_name": "Toronto Catholic District School Board Website", "website_description": " Website for Agency Toronto Catholic District School Board", "consultant_fullname": "Roxanne Martin", "consultant_phone": "416", "email": "Roxanne.Martin@toronto.ca", "contact_fullname": "Alison Grbic", "contact_title": null, "phone": "416-222-8282", "contact_email": "alison.grbic@tcdsb.org", "dropinHours": "Monday: 8:30 a.m. - 12:30 p.m.   | Tuesday: 8:30 a.m. - 12:30 p.m.   | Wednesday: 8:30 a.m. - 12:30 p.m.   | Thursday: 8:30 a.m. - 12:30 p.m.   | Friday: 8:30 a.m. - 12:30 p.m.  ", "registeredHours": null, "virtualHours": null, "centre_type": "Centre" }, "geometry": { "type": "MultiPoint", "coordinates": [ [ -79.45779303, 43.674012901 ] ] } },
{ "type": "Feature", "properties": { "_id": 196, "service_system_manager": "City of Toronto", "agency": "Toronto Catholic District School Board", "loc_id": 12441, "program_name": "St. Rose of Lima EarlyON Child and Family Centre", "languages": "", "french_language_program": null, "indigenous_program": null, "programTypes": "", "serviceName": "", "buildingName": "St. Rose Of Lima Catholic School", "address": "3220 Lawrence Ave E", "full_address": "3220 Lawrence Ave E, Scarborough, ON M1H 1A4", "major_intersection": null, "ward": 24, "ward_name": "SCARBOROUGH-GUILDWOOD", "located_in_school": "Yes", "school_name": "ST. ROSE OF LIMA CATHOLIC SCHOOL", "lat": 43.757482394, "lng": -79.240559927000007, "website": "https://www.tcdsb.org/ProgramsServices/EarlyYears/EarlyON/Locations/Pages/St-Rose-of-Lima.aspx", "website_name": "Toronto Catholic District School Board Website", "website_description": " Website for Agency Toronto Catholic District School Board", "consultant_fullname": "Roxanne Martin", "consultant_phone": "416", "email": "Roxanne.Martin@toronto.ca", "contact_fullname": "Alison Grbic", "contact_title": null, "phone": "416-222-8282", "contact_email": "alison.grbic@tcdsb.org", "dropinHours": "Monday: 8:30 a.m. - 12:30 p.m.   | Tuesday: 8:30 a.m. - 12:30 p.m.   | Wednesday: 8:30 a.m. - 12:30 p.m.   | Thursday: 8:30 a.m. - 12:30 p.m.   | Friday: 8:30 a.m. - 12:30 p.m.  ", "registeredHours": null, "virtualHours": null, "centre_type": "Centre" }, "geometry": { "type": "MultiPoint", "coordinates": [ [ -79.240559927, 43.757482394 ] ] } },
{ "type": "Feature", "properties": { "_id": 197, "service_system_manager": "City of Toronto", "agency": "Toronto Catholic District School Board", "loc_id": 12446, "program_name": "St. Wilfrid EarlyON Child and Family Centre", "languages": "Hindi", "french_language_program": null, "indigenous_program": null, "programTypes": "", "serviceName": "", "buildingName": "St. Wilfrid Catholic School", "address": "1685 Finch Ave W", "full_address": "1685 Finch Ave W, North York, ON M3J 2G8", "major_intersection": null, "ward": 7, "ward_name": "HUMBER RIVER-BLACK CREEK", "located_in_school": "Yes", "school_name": "ST. WILFRID CATHOLIC SCHOOL", "lat": 43.760045943999998, "lng": -79.502594114000004, "website": "www.tcdsb.org/programsservices/earlyyear", "website_name": "Toronto Catholic District School Board Website", "website_description": " Website for Agency Toronto Catholic District School Board", "consultant_fullname": "Roxanne Martin", "consultant_phone": "416", "email": "Roxanne.Martin@toronto.ca", "contact_fullname": "Alison Grbic", "contact_title": null, "phone": "416-222-8282", "contact_email": "alison.grbic@tcdsb.org", "dropinHours": "Monday: 8:00 a.m. - noon   | Tuesday: 8:00 a.m. - noon   | Wednesday: 8:00 a.m. - noon   | Thursday: 8:00 a.m. - noon   | Friday: 8:00 a.m. - noon  ", "registeredHours": null, "virtualHours": null, "centre_type": "Centre" }, "geometry": { "type": "MultiPoint", "coordinates": [ [ -79.502594114, 43.760045944 ] ] } },
{ "type": "Feature", "properties": { "_id": 198, "service_system_manager": "City of Toronto", "agency": "Toronto Catholic District School Board", "loc_id": 13044, "program_name": "St.Columba EarlyON Child and Family Centre", "languages": "", "french_language_program": null, "indigenous_program": null, "programTypes": "", "serviceName": "", "buildingName": "St.Columba Catholic School", "address": "10 John Tabor Trail", "full_address": "10 John Tabor Trail, Scarborough, ON M1B 1M9", "major_intersection": null, "ward": 25, "ward_name": "SCARBOROUGH-ROUGE PARK", "located_in_school": "Yes", "school_name": "ST. COLUMBA CATHOLIC SCHOOL", "lat": 43.806193448999998, "lng": -79.211827407000001, "website": "www.tcdsb.org/programsservices/earlyyear", "website_name": "Toronto Catholic District School Board Website", "website_description": " Website for Agency Toronto Catholic District School Board", "consultant_fullname": "Roxanne Martin", "consultant_phone": "416", "email": "Roxanne.Martin@toronto.ca", "contact_fullname": "Alison Grbic", "contact_title": null, "phone": "416-222-8282", "contact_email": "alison.grbic@tcdsb.org", "dropinHours": "Monday: 9:15 a.m. - 1:15 p.m.   | Tuesday: 9:15 a.m. - 1:15 p.m.   | Wednesday: 9:15 a.m. - 1:15 p.m.   | Thursday: 9:15 a.m. - 1:15 p.m.   | Friday: 9:15 a.m. - 1:15 p.m.  ", "registeredHours": null, "virtualHours": null, "centre_type": "Centre" }, "geometry": { "type": "MultiPoint", "coordinates": [ [ -79.211827407, 43.806193449 ] ] } },
{ "type": "Feature", "properties": { "_id": 199, "service_system_manager": "City of Toronto", "agency": "Lakeshore Area Multi-services Project (lamp) Inc.", "loc_id": 14498, "program_name": "Stonegate Community Health Centre EarlyON", "languages": "", "french_language_program": null, "indigenous_program": null, "programTypes": "", "serviceName": null, "buildingName": "Royal York United Church", "address": "851 Royal York Rd", "full_address": "851 Royal York Rd, Etobicoke, ON M8Y 2V3", "major_intersection": "Royal York Rd/glenroy Ave", "ward": 3, "ward_name": "ETOBICOKE-LAKESHORE", "located_in_school": "No", "school_name": null, "lat": 43.642738065000003, "lng": -79.508917679000007, "website": "www.lampchc.org", "website_name": "Lakeshore Area Multi-services Project (lamp) Inc. Website", "website_description": " Website for Agency Lakeshore Area Multi-services Project (lamp) Inc.", "consultant_fullname": "Jessica Abraham", "consultant_phone": "416-338-6746", "email": "Jessica.Abraham@toronto.ca", "contact_fullname": "Carol Barbosa", "contact_title": null, "phone": "416-231-7070 X 283", "contact_email": "carol.barbosa@stonegatchc.org", "dropinHours": null, "registeredHours": null, "virtualHours": null, "centre_type": "Centre" }, "geometry": { "type": "MultiPoint", "coordinates": [ [ -79.508917679, 43.642738065 ] ] } },
{ "type": "Feature", "properties": { "_id": 200, "service_system_manager": "City of Toronto", "agency": "Lakeshore Area Multi-services Project (lamp) Inc.", "loc_id": 13881, "program_name": "Sunnylea EarlyON Child and Family Centre", "languages": "", "french_language_program": null, "indigenous_program": null, "programTypes": "", "serviceName": "", "buildingName": null, "address": "851 Royal York Rd", "full_address": "851 Royal York Rd, Etobicoke, ON M8Y 2V3", "major_intersection": null, "ward": 3, "ward_name": "ETOBICOKE-LAKESHORE", "located_in_school": "No", "school_name": null, "lat": 43.642738065000003, "lng": -79.508917679000007, "website": "www.lampchc.org", "website_name": "Lakeshore Area Multi-services Project (lamp) Inc. Website", "website_description": " Website for Agency Lakeshore Area Multi-services Project (lamp) Inc.", "consultant_fullname": "Jessica Abraham", "consultant_phone": "416-338-6746", "email": "Jessica.Abraham@toronto.ca", "contact_fullname": "Carol Barbosa", "contact_title": null, "phone": "416-231-7070 X 283", "contact_email": "carol.barbosa@stonegatchc.org", "dropinHours": "Monday: 9:15 a.m. - 11:15 a.m.   | Wednesday: 1:00 p.m. - 3:00 p.m.   | Thursday: 9:15 a.m. - 11:15 a.m.   | Friday: 9:15 a.m. - 11:15 a.m.  ; 1:00 p.m. - 3:30 p.m.  ", "registeredHours": null, "virtualHours": null, "centre_type": "Centre" }, "geometry": { "type": "MultiPoint", "coordinates": [ [ -79.508917679, 43.642738065 ] ] } },
{ "type": "Feature", "properties": { "_id": 201, "service_system_manager": "City of Toronto", "agency": "Syme-woolner Neighbourhood and Family Centre", "loc_id": 6268, "program_name": "Syme-Woolner EarlyON Child and Family Centre", "languages": "Panjabi (Punjabi); Somali; Urdu", "french_language_program": null, "indigenous_program": null, "programTypes": "", "serviceName": "", "buildingName": "George Syme Community School", "address": "69 Pritchard Ave", "full_address": "69 Pritchard Ave, York, ON M6N 1T6", "major_intersection": "Jane / St. Clair West", "ward": 5, "ward_name": "YORK SOUTH-WESTON", "located_in_school": "Yes", "school_name": "GEORGE SYME COMMUNITY SCHOOL", "lat": 43.669251383000002, "lng": -79.491126770999998, "website": "www.symewoolner.org", "website_name": "Syme-woolner Neighbourhood and Family Centre Website", "website_description": " Website for Agency Syme-woolner Neighbourhood and Family Centre", "consultant_fullname": "Jessica Abraham", "consultant_phone": "416-338-6746", "email": "Jessica.Abraham@toronto.ca", "contact_fullname": "Tanika Hewitt", "contact_title": "EARLY-ON MANAGER", "phone": "416-766-4634", "contact_email": "thewitt@symewoolner.org", "dropinHours": "Monday: 9:00 a.m. - noon  ; 1:00 p.m. - 4:00 p.m.   | Tuesday: 9:00 a.m. - noon  ; 1:00 p.m. - 4:00 p.m.   | Wednesday: 9:00 a.m. - noon  ; 1:00 p.m. - 4:00 p.m.   | Thursday: 9:00 a.m. - noon  ; 1:00 p.m. - 4:00 p.m.   | Friday: 9:00 a.m. - noon  ; 1:00 p.m. - 4:00 p.m.  ", "registeredHours": "Monday: 9:00 a.m. - noon  ; 9:30 a.m. - 12:30 p.m.   | Wednesday: 9:00 a.m. - noon   | Thursday: 1:00 p.m. - 4:00 p.m.  ", "virtualHours": null, "centre_type": "Centre" }, "geometry": { "type": "MultiPoint", "coordinates": [ [ -79.491126771, 43.669251383 ] ] } },
{ "type": "Feature", "properties": { "_id": 202, "service_system_manager": "City of Toronto", "agency": "Toronto District School Board", "loc_id": 12454, "program_name": "Taylor Creek EarlyON Child and Family Centre", "languages": "", "french_language_program": null, "indigenous_program": null, "programTypes": "", "serviceName": "", "buildingName": "Taylor Creek Public School", "address": "644 Warden Ave", "full_address": "644 Warden Ave, Scarborough, ON M1L 3Z3", "major_intersection": null, "ward": 20, "ward_name": "SCARBOROUGH SOUTHWEST", "located_in_school": "Yes", "school_name": "TAYLOR CREEK PUBLIC SCHOOL", "lat": 43.700037758999997, "lng": -79.277287739000002, "website": "www.tdsb.on.ca/earlyyears/preschoolyears", "website_name": "Toronto District School Board Website", "website_description": " Website for Agency Toronto District School Board", "consultant_fullname": "Roxanne Martin", "consultant_phone": "416", "email": "Roxanne.Martin@toronto.ca", "contact_fullname": "Kim Fritz", "contact_title": null, "phone": "416-394-2104", "contact_email": "kim.fritz@tdsb.on.ca", "dropinHours": "Monday: 8:45 a.m. - 1:45 p.m.   | Tuesday: 8:45 a.m. - 1:45 p.m.   | Wednesday: 8:45 a.m. - 1:45 p.m.   | Thursday: 8:45 a.m. - 1:45 p.m.  ", "registeredHours": null, "virtualHours": null, "centre_type": "Centre" }, "geometry": { "type": "MultiPoint", "coordinates": [ [ -79.277287739, 43.700037759 ] ] } },
{ "type": "Feature", "properties": { "_id": 203, "service_system_manager": "City of Toronto", "agency": "College-montrose Children's Place", "loc_id": 13677, "program_name": "TCCSA EarlyON Child and Family Centre", "languages": "", "french_language_program": null, "indigenous_program": null, "programTypes": "", "serviceName": "", "buildingName": null, "address": "302 Spadina Ave", "full_address": "302 Spadina Ave, Toronto, ON M5T 2E7", "major_intersection": null, "ward": 11, "ward_name": "UNIVERSITY-ROSEDALE", "located_in_school": "No", "school_name": null, "lat": 43.65334151, "lng": -79.39859011, "website": "www.tccsa.on.ca", "website_name": "College-montrose Children's Place Website", "website_description": " Website for Agency College-montrose Children's Place", "consultant_fullname": "Roxanne Martin", "consultant_phone": "416", "email": "Roxanne.Martin@toronto.ca", "contact_fullname": "Corina John", "contact_title": "EXECUTIVE DIRECTOR", "phone": "416-532-9485 X 232", "contact_email": "cjohn@cmcp.ca", "dropinHours": "Tuesday: 10:00 a.m. - noon  ; 1:00 p.m. - 5:00 p.m.   | Friday: 10:00 a.m. - noon  ; 1:00 p.m. - 3:00 p.m.  ", "registeredHours": null, "virtualHours": null, "centre_type": "Centre" }, "geometry": { "type": "MultiPoint", "coordinates": [ [ -79.39859011, 43.65334151 ] ] } },
{ "type": "Feature", "properties": { "_id": 204, "service_system_manager": "City of Toronto", "agency": "East End Child/parent Development Centre of Metro Toronto", "loc_id": 6218, "program_name": "Terry Fox EarlyON Child and Family Centre", "languages": "", "french_language_program": null, "indigenous_program": null, "programTypes": "", "serviceName": "", "buildingName": "Terry Fox Recreation Centre @ Gledhill Public School", "address": "2 Gledhill Ave", "full_address": "2 Gledhill Ave, East York, ON M4C 5K6", "major_intersection": null, "ward": 19, "ward_name": "BEACHES-EAST YORK", "located_in_school": "Yes", "school_name": "GLEDHILL JUNIOR PUBLIC SCHOOL", "lat": 43.68754833, "lng": -79.309286466000003, "website": "https://www.eastendchildrenscentre.org/", "website_name": "East End Child/parent Development Centre of Metro Toronto Website", "website_description": " Website for Agency East End Child/parent Development Centre of Metro Toronto", "consultant_fullname": "Roxanne Martin", "consultant_phone": "416", "email": "Roxanne.Martin@toronto.ca", "contact_fullname": "Cathy Wright", "contact_title": "SUPERVISOR", "phone": "416-469-0495", "contact_email": "eecc@rogers.com", "dropinHours": "Monday: 8:45 a.m. - noon   | Friday: 8:45 a.m. - noon  ", "registeredHours": null, "virtualHours": null, "centre_type": "Centre" }, "geometry": { "type": "MultiPoint", "coordinates": [ [ -79.309286466, 43.68754833 ] ] } },
{ "type": "Feature", "properties": { "_id": 205, "service_system_manager": "City of Toronto", "agency": "The 519 Church St. Community Centre", "loc_id": 7427, "program_name": "The 519 EarlyON Child and Family Centre", "languages": "Arabic; French; Japanese; Mandarin; Russian; Spanish; Tamil; Urdu", "french_language_program": null, "indigenous_program": null, "programTypes": "", "serviceName": "", "buildingName": "The 519 Church St. Community Centre", "address": "519 Church St", "full_address": "519 Church St, Toronto, ON M4Y 2C9", "major_intersection": "Church / Wellesley", "ward": 13, "ward_name": "TORONTO CENTRE", "located_in_school": "No", "school_name": null, "lat": 43.666551956, "lng": -79.38094262, "website": "http://www.the519.org/programs/early-on-child-and-family-centre", "website_name": "The 519 Church St. Community Centre Website", "website_description": " Website for Agency The 519 Church St. Community Centre", "consultant_fullname": "Roxanne Martin", "consultant_phone": "416", "email": "Roxanne.Martin@toronto.ca", "contact_fullname": "Sharn Peters", "contact_title": "MANAGER, EARLYON", "phone": "416-355-6786", "contact_email": "speters@the519.org", "dropinHours": "Monday: 10:00 a.m. - noon   | Tuesday: 10:00 a.m. - 1:00 p.m.  ; 5:30 p.m. - 7:30 p.m.   | Wednesday: 10:00 a.m. - noon  ; 10:00 a.m. - 1:00 p.m.   | Thursday: 10:00 a.m. - 1:00 p.m.  ; 4:00 p.m. - 7:00 p.m.   | Friday: 10:00 a.m. - 1:00 p.m.   | Saturday: 10:00 a.m. - 1:00 p.m.  ", "registeredHours": "Monday: 10:00 a.m. - noon   | Tuesday: 1:30 p.m. - 3:30 p.m.   | Wednesday: 1:30 p.m. - 3:30 p.m.   | Thursday: 1:30 p.m. - 3:30 p.m.  ", "virtualHours": null, "centre_type": "Centre" }, "geometry": { "type": "MultiPoint", "coordinates": [ [ -79.38094262, 43.666551956 ] ] } },
{ "type": "Feature", "properties": { "_id": 206, "service_system_manager": "City of Toronto", "agency": "The Toronto Child-parent Development Centre", "loc_id": 6242, "program_name": "The Children's Storefront EarlyON Child and Family Centre", "languages": "", "french_language_program": null, "indigenous_program": null, "programTypes": "", "serviceName": "", "buildingName": "Commercial Storefront", "address": "826 Bloor St W", "full_address": "826 Bloor St W, Toronto, ON M6G 1L9", "major_intersection": "Bloor St W/ossington Ave", "ward": 11, "ward_name": "UNIVERSITY-ROSEDALE", "located_in_school": "No", "school_name": null, "lat": 43.662671722, "lng": -79.423005533999998, "website": "www.childrensstorefront.com", "website_name": "The Toronto Child-parent Development Centre Website", "website_description": " Website for Agency The Toronto Child-parent Development Centre", "consultant_fullname": "Roxanne Martin", "consultant_phone": "416", "email": "Roxanne.Martin@toronto.ca", "contact_fullname": "Patricia Hunt", "contact_title": "EXECUTIVE DIRECTOR", "phone": "416-531-8151", "contact_email": "ed@childrensstorefront.com ", "dropinHours": "Monday: 9:00 a.m. - 3:00 p.m.   | Tuesday: 9:00 a.m. - 3:00 p.m.   | Wednesday: 9:00 a.m. - 3:00 p.m.   | Thursday: 9:00 a.m. - 3:00 p.m.   | Friday: 9:00 a.m. - 2:00 p.m.  ", "registeredHours": null, "virtualHours": null, "centre_type": "Centre" }, "geometry": { "type": "MultiPoint", "coordinates": [ [ -79.423005534, 43.662671722 ] ] } },
{ "type": "Feature", "properties": { "_id": 207, "service_system_manager": "City of Toronto", "agency": "Toronto District School Board", "loc_id": 12580, "program_name": "The Elms EarlyON Child and Family Centre", "languages": "", "french_language_program": null, "indigenous_program": null, "programTypes": "", "serviceName": "", "buildingName": "The Elms Junior Middle School", "address": "45 Golfdown Dr", "full_address": "45 Golfdown Dr, Etobicoke, ON M9W 2H8", "major_intersection": null, "ward": 1, "ward_name": "ETOBICOKE NORTH", "located_in_school": "Yes", "school_name": "THE ELMS JUNIOR MIDDLE SCHOOL", "lat": 43.7222273, "lng": -79.552113786999996, "website": "www.tdsb.on.ca/earlyyears/preschoolyears", "website_name": "Toronto District School Board Website", "website_description": " Website for Agency Toronto District School Board", "consultant_fullname": "Roxanne Martin", "consultant_phone": "416", "email": "Roxanne.Martin@toronto.ca", "contact_fullname": "Kim Fritz", "contact_title": null, "phone": "416-394-2104", "contact_email": "kim.fritz@tdsb.on.ca", "dropinHours": "Monday: 8:45 a.m. - 1:45 p.m.   | Tuesday: 8:45 a.m. - 1:45 p.m.   | Wednesday: 8:45 a.m. - 1:45 p.m.   | Thursday: 8:45 a.m. - 1:45 p.m.  ", "registeredHours": null, "virtualHours": null, "centre_type": "Centre" }, "geometry": { "type": "MultiPoint", "coordinates": [ [ -79.552113787, 43.7222273 ] ] } },
{ "type": "Feature", "properties": { "_id": 208, "service_system_manager": "City of Toronto", "agency": "The Bob Rumball Canadian Centre of Excellence for The Deaf", "loc_id": 11942, "program_name": "The Rumball EarlyON Child and Family Centre", "languages": "", "french_language_program": null, "indigenous_program": null, "programTypes": "", "serviceName": "", "buildingName": "Heritage House", "address": "2395 Bayview Ave", "full_address": "2395 Bayview Ave, North York, ON M2L 1A2", "major_intersection": "Bayview / Lawrence", "ward": 15, "ward_name": "DON VALLEY WEST", "located_in_school": "No", "school_name": null, "lat": 43.734750030500003, "lng": -79.380526490899996, "website": "www.bobrumball.org", "website_name": "The Bob Rumball Canadian Centre of Excellence for The Deaf Website", "website_description": " Website for Agency The Bob Rumball Canadian Centre of Excellence for The Deaf", "consultant_fullname": "Maureen Mcdonald", "consultant_phone": "416-338-6528", "email": "mmcdona5@toronto.ca", "contact_fullname": "Cathy Mckibbin", "contact_title": null, "phone": "416-449-9651 X 125", "contact_email": "cmckibbin@bobrumball.org", "dropinHours": "Tuesday: 9:30 a.m. - noon   | Wednesday: 9:30 a.m. - noon   | Thursday: 9:30 a.m. - noon   | Friday: 9:30 a.m. - noon  ", "registeredHours": null, "virtualHours": null, "centre_type": "Centre" }, "geometry": { "type": "MultiPoint", "coordinates": [ [ -79.380526490899996, 43.734750030500003 ] ] } },
{ "type": "Feature", "properties": { "_id": 209, "service_system_manager": "City of Toronto", "agency": "Malvern Family Resource Centre", "loc_id": 13432, "program_name": "Thomas L. Wells Public School EarlyON Child and Family Centre", "languages": "", "french_language_program": null, "indigenous_program": null, "programTypes": "", "serviceName": "", "buildingName": "Thomas L Wells Public School", "address": "69 Nightstar Rd", "full_address": "69 Nightstar Rd, Scarborough, ON M1X 1V6", "major_intersection": null, "ward": 25, "ward_name": "SCARBOROUGH-ROUGE PARK", "located_in_school": "Yes", "school_name": "THOMAS L WELLS PUBLIC SCHOOL", "lat": 43.824299805000003, "lng": -79.226125413000005, "website": null, "website_name": "Malvern Family Resource Centre Website", "website_description": " Website for Agency Malvern Family Resource Centre", "consultant_fullname": "Jene Gordon", "consultant_phone": "416-397-0998", "email": "Jene.Gordon@toronto.ca", "contact_fullname": "Anusha Narendran", "contact_title": "MANAGER", "phone": "416-284-4184 X 206", "contact_email": "anusha@mfrc.org", "dropinHours": "Monday: 1:30 p.m. - 3:00 p.m.  ", "registeredHours": null, "virtualHours": null, "centre_type": "Centre" }, "geometry": { "type": "MultiPoint", "coordinates": [ [ -79.226125413, 43.824299805 ] ] } },
{ "type": "Feature", "properties": { "_id": 210, "service_system_manager": "City of Toronto", "agency": "Ryerson University Early Learning Centre", "loc_id": 13409, "program_name": "Tmu EarlyON", "languages": "", "french_language_program": null, "indigenous_program": null, "programTypes": "", "serviceName": "", "buildingName": "Tmu Early Learning Centre", "address": "43 Gerrard St E", "full_address": "43 Gerrard St E, Toronto, ON M5B 2K3", "major_intersection": null, "ward": 13, "ward_name": "TORONTO CENTRE", "located_in_school": "No", "school_name": null, "lat": 43.659601458099999, "lng": -79.379056733400006, "website": "https://www.torontomu.ca/gerrard-resource-centre/EarlyON-ChildAndFamilyPrograms/", "website_name": "Ryerson University Early Learning Centre Website", "website_description": " Website for Agency Ryerson University Early Learning Centre", "consultant_fullname": "Roxanne Martin", "consultant_phone": "416", "email": "Roxanne.Martin@toronto.ca", "contact_fullname": "Franca Tarantino", "contact_title": "MANAGER", "phone": "416-979-5338", "contact_email": "ftarantino@torontomu.ca", "dropinHours": "Monday: 9:00 a.m. - 11:30 a.m.  ; 1:30 p.m. - 3:30 p.m.   | Tuesday: 9:00 a.m. - 11:30 a.m.   | Wednesday: 9:00 a.m. - 11:30 a.m.   | Thursday: 9:00 a.m. - 11:30 a.m.  ; 6:00 p.m. - 8:00 p.m.   | Friday: 9:00 a.m. - 11:30 a.m.  ; 1:30 p.m. - 3:30 p.m.   | Saturday: 10:00 a.m. - 1:00 p.m.  ", "registeredHours": "Tuesday: 1:30 p.m. - 3:30 p.m.   | Wednesday: 1:30 p.m. - 3:30 p.m.   | Thursday: 1:30 p.m. - 3:30 p.m.  ", "virtualHours": null, "centre_type": "Centre" }, "geometry": { "type": "MultiPoint", "coordinates": [ [ -79.379056733400006, 43.659601458099999 ] ] } },
{ "type": "Feature", "properties": { "_id": 211, "service_system_manager": "City of Toronto", "agency": "TNO - The Neighbourhood Organization", "loc_id": 13638, "program_name": "TNO EarlyON Child and Family Centre", "languages": "Bengali; Cantonese; Dari; Gujarati; Hindi; Pashto; Persian (Farsi); Russian; Urdu", "french_language_program": null, "indigenous_program": null, "programTypes": "", "serviceName": "", "buildingName": "East York Town Centre", "address": "45 Overlea Blvd", "full_address": "45 Overlea Blvd, Toronto, ON M4H 1C3", "major_intersection": null, "ward": 15, "ward_name": "DON VALLEY WEST", "located_in_school": "No", "school_name": null, "lat": 43.705538116, "lng": -79.346255671999998, "website": "www.tno-toronto.org", "website_name": "TNO - The Neighbourhood Organization Website", "website_description": " Website for Agency TNO - The Neighbourhood Organization", "consultant_fullname": "Maureen Mcdonald", "consultant_phone": "416-338-6528", "email": "mmcdona5@toronto.ca", "contact_fullname": "Alaka Brahma", "contact_title": "MANAGER OF FAMILY AND WELLNESS", "phone": "416-424-2900 X 20", "contact_email": "abrahma@tno-toronto.org", "dropinHours": "Monday: 3:30 p.m. - 4:30 p.m.  ; 9:00 a.m. - 11:30 a.m.  ; 1:00 p.m. - 3:00 p.m.   | Tuesday: 9:00 a.m. - 11:30 a.m.  ; 1:00 p.m. - 3:00 p.m.   | Wednesday: 9:00 a.m. - 11:30 a.m.  ; 1:00 p.m. - 4:00 p.m.   | Thursday: 9:00 a.m. - 11:30 a.m.  ; 1:00 p.m. - 3:00 p.m.   | Friday: 1:00 p.m. - 4:00 p.m.   | Saturday: 10:00 a.m. - noon  ", "registeredHours": "Monday: 9:30 a.m. - 11:00 a.m.  ; 1:00 p.m. - 3:00 p.m.  ; 3:30 p.m. - 4:30 p.m.   | Tuesday: 1:00 p.m. - 3:00 p.m.   | Wednesday: 1:00 p.m. - 3:00 p.m.  ; 1:00 p.m. - 4:00 p.m.   | Thursday: 1:00 p.m. - 3:00 p.m.   | Friday: 1:00 p.m. - 2:30 p.m.  ; 1:00 p.m. - 3:00 p.m.  ", "virtualHours": null, "centre_type": "Centre" }, "geometry": { "type": "MultiPoint", "coordinates": [ [ -79.346255672, 43.705538116 ] ] } },
{ "type": "Feature", "properties": { "_id": 212, "service_system_manager": "City of Toronto", "agency": "Toronto District School Board", "loc_id": 13029, "program_name": "Twentieth Street EarlyON Child and Family Centre", "languages": "", "french_language_program": null, "indigenous_program": null, "programTypes": "", "serviceName": "", "buildingName": "Twentieth Street Junior School", "address": "3190 Lake Shore Blvd W", "full_address": "3190 Lake Shore Blvd W, Etobicoke, ON M8V 1L8", "major_intersection": null, "ward": 3, "ward_name": "ETOBICOKE-LAKESHORE", "located_in_school": "Yes", "school_name": "TWENTIETH STREET JUNIOR SCHOOL", "lat": 43.59797715, "lng": -79.519938243, "website": "www.tdsb.on.ca/earlyyears/preschoolyears", "website_name": "Toronto District School Board Website", "website_description": " Website for Agency Toronto District School Board", "consultant_fullname": "Roxanne Martin", "consultant_phone": "416", "email": "Roxanne.Martin@toronto.ca", "contact_fullname": "Kim Fritz", "contact_title": null, "phone": "416-394-2104", "contact_email": "kim.fritz@tdsb.on.ca", "dropinHours": "Monday: 8:45 a.m. - 12:45 p.m.   | Tuesday: 8:45 a.m. - 12:45 p.m.   | Wednesday: 8:45 a.m. - 12:45 p.m.   | Thursday: 8:45 a.m. - 12:45 p.m.   | Friday: 8:45 a.m. - 12:45 p.m.  ", "registeredHours": null, "virtualHours": null, "centre_type": "Centre" }, "geometry": { "type": "MultiPoint", "coordinates": [ [ -79.519938243, 43.59797715 ] ] } },
{ "type": "Feature", "properties": { "_id": 213, "service_system_manager": "City of Toronto", "agency": "Davenport-perth Neighbourhood Chc", "loc_id": 13643, "program_name": "Wallace Emerson EarlyON Child and Family Centre", "languages": "", "french_language_program": null, "indigenous_program": null, "programTypes": "", "serviceName": "", "buildingName": "Davenport-Perth Neighbourhood & Community Centre", "address": "1260 Dufferin St", "full_address": "1260 Dufferin St, Toronto, ON M6H 4C3", "major_intersection": null, "ward": 9, "ward_name": "DAVENPORT", "located_in_school": "No", "school_name": null, "lat": 43.667315005, "lng": -79.439270610999998, "website": "www.dpnchc.ca", "website_name": "Davenport-perth Neighbourhood Chc Website", "website_description": " Website for Agency Davenport-perth Neighbourhood Chc", "consultant_fullname": "Maureen Mcdonald", "consultant_phone": "416-338-6528", "email": "mmcdona5@toronto.ca", "contact_fullname": "Amada Cisternas", "contact_title": "MANAGER EARLY ON", "phone": "416-656-8025 X 550", "contact_email": "acisternas@dpnchc.ca", "dropinHours": "Tuesday: 9:30 a.m. - 11:30 a.m.   | Thursday: 9:30 a.m. - 11:30 a.m.  ", "registeredHours": null, "virtualHours": null, "centre_type": "Centre" }, "geometry": { "type": "MultiPoint", "coordinates": [ [ -79.439270611, 43.667315005 ] ] } },
{ "type": "Feature", "properties": { "_id": 214, "service_system_manager": "City of Toronto", "agency": "West Scarborough Neighbourhood Community Centre", "loc_id": 13663, "program_name": "Warden Woods EarlyON Child and Family Centre", "languages": "", "french_language_program": null, "indigenous_program": null, "programTypes": "", "serviceName": "", "buildingName": "Toronto Community Housing", "address": "74 Firvalley Crt", "full_address": "74 Firvalley Crt, Scarborough, ON M1L 1N9", "major_intersection": null, "ward": 20, "ward_name": "SCARBOROUGH SOUTHWEST", "located_in_school": "No", "school_name": null, "lat": 43.70393994, "lng": -79.278124242000004, "website": "www.wsncc.org", "website_name": "West Scarborough Neighbourhood Community Centre Website", "website_description": " Website for Agency West Scarborough Neighbourhood Community Centre", "consultant_fullname": "Jene Gordon", "consultant_phone": "416-397-0998", "email": "Jene.Gordon@toronto.ca", "contact_fullname": "Lipu Saha", "contact_title": "SITE SUPERVISOR", "phone": "647-879-5119", "contact_email": "lipus@wardenwoods.com", "dropinHours": "Monday: 9:00 a.m. - noon   | Thursday: 9:00 a.m. - noon  ", "registeredHours": null, "virtualHours": null, "centre_type": "Centre" }, "geometry": { "type": "MultiPoint", "coordinates": [ [ -79.278124242, 43.70393994 ] ] } },
{ "type": "Feature", "properties": { "_id": 215, "service_system_manager": "City of Toronto", "agency": "College-montrose Children's Place", "loc_id": 13678, "program_name": "Waterfront Neighbourhood EarlyON Child and Family Centre", "languages": "", "french_language_program": null, "indigenous_program": null, "programTypes": "", "serviceName": "", "buildingName": "Waterfront Neighbourhood Centre", "address": "627 Queens Quay W", "full_address": "627 Queens Quay W, Toronto, ON M5V 3G3", "major_intersection": null, "ward": 10, "ward_name": "SPADINA-FORT YORK", "located_in_school": "No", "school_name": null, "lat": 43.635405521000003, "lng": -79.397765684999996, "website": "www.waterfrontnc.ca", "website_name": "College-montrose Children's Place Website", "website_description": " Website for Agency College-montrose Children's Place", "consultant_fullname": "Roxanne Martin", "consultant_phone": "416", "email": "Roxanne.Martin@toronto.ca", "contact_fullname": "Corina John", "contact_title": "EXECUTIVE DIRECTOR", "phone": "416-532-9485 X 232", "contact_email": "cjohn@cmcp.ca", "dropinHours": "Wednesday: 1:00 p.m. - 3:00 p.m.  ; 4:30 p.m. - 8:30 p.m.   | Friday: 1:00 p.m. - 3:00 p.m.  ", "registeredHours": null, "virtualHours": null, "centre_type": "Centre" }, "geometry": { "type": "MultiPoint", "coordinates": [ [ -79.397765685, 43.635405521 ] ] } },
{ "type": "Feature", "properties": { "_id": 216, "service_system_manager": "City of Toronto", "agency": "Toronto District School Board", "loc_id": 12437, "program_name": "West Glen EarlyON Child and Family Centre", "languages": "", "french_language_program": null, "indigenous_program": null, "programTypes": "", "serviceName": "", "buildingName": "West Glen Junior School", "address": "47 Cowley Ave", "full_address": "47 Cowley Ave, Etobicoke, ON M9B 2E4", "major_intersection": null, "ward": 2, "ward_name": "ETOBICOKE CENTRE", "located_in_school": "Yes", "school_name": "WEST GLEN JUNIOR SCHOOL", "lat": 43.65047134, "lng": -79.560801624000007, "website": "www.tdsb.on.ca/earlyyears/preschoolyears", "website_name": "Toronto District School Board Website", "website_description": " Website for Agency Toronto District School Board", "consultant_fullname": "Roxanne Martin", "consultant_phone": "416", "email": "Roxanne.Martin@toronto.ca", "contact_fullname": "Kim Fritz", "contact_title": null, "phone": "416-394-2104", "contact_email": "kim.fritz@tdsb.on.ca", "dropinHours": "Monday: 8:45 a.m. - 1:45 p.m.   | Tuesday: 8:45 a.m. - 1:45 p.m.   | Wednesday: 8:45 a.m. - 1:45 p.m.   | Thursday: 8:45 a.m. - 1:45 p.m.  ", "registeredHours": null, "virtualHours": null, "centre_type": "Centre" }, "geometry": { "type": "MultiPoint", "coordinates": [ [ -79.560801624, 43.65047134 ] ] } },
{ "type": "Feature", "properties": { "_id": 217, "service_system_manager": "City of Toronto", "agency": "West Neighbourhood House O/a St. Christopher House", "loc_id": 7426, "program_name": "West Neighbourhood House EarlyON Child and Family Centre", "languages": "", "french_language_program": null, "indigenous_program": null, "programTypes": "", "serviceName": "", "buildingName": null, "address": "248 Ossington Ave", "full_address": "248 Ossington Ave, Toronto, ON M6J 3A2", "major_intersection": "Dundas W. / Ossington", "ward": 9, "ward_name": "DAVENPORT", "located_in_school": "No", "school_name": null, "lat": 43.649781662700001, "lng": -79.421213065800004, "website": "https://www.westnh.org/earlyon-program/", "website_name": "West Neighbourhood House O/a St. Christopher House Website", "website_description": " Website for Agency West Neighbourhood House O/a St. Christopher House", "consultant_fullname": "Roxanne Martin", "consultant_phone": "416", "email": "Roxanne.Martin@toronto.ca", "contact_fullname": "Angela Elzinga Cheng", "contact_title": "DIRECTOR OF COMMUNITY PROGRAMS", "phone": "647-438-0038", "contact_email": "angelael@westnh.org", "dropinHours": "Tuesday: 9:30 a.m. - 1:30 p.m.   | Wednesday: 9:30 a.m. - 2:00 p.m.   | Thursday: 9:30 a.m. - 1:30 p.m.   | Friday: 9:30 a.m. - 2:00 p.m.   | Saturday: 10:00 a.m. - 1:00 p.m.  ", "registeredHours": "Monday: 9:00 a.m. - noon  ", "virtualHours": null, "centre_type": "Centre" }, "geometry": { "type": "MultiPoint", "coordinates": [ [ -79.421213065800004, 43.649781662700001 ] ] } },
{ "type": "Feature", "properties": { "_id": 218, "service_system_manager": "City of Toronto", "agency": "West Scarborough Neighbourhood Community Centre", "loc_id": 6275, "program_name": "West Scarborough EarlyON Child and Family Centre", "languages": "", "french_language_program": null, "indigenous_program": null, "programTypes": "", "serviceName": "", "buildingName": "West Scarborough Neighbourhood Community Centre", "address": "313 Pharmacy Ave", "full_address": "313 Pharmacy Ave, Scarborough, ON M1L 3E7", "major_intersection": null, "ward": 20, "ward_name": "SCARBOROUGH SOUTHWEST", "located_in_school": "No", "school_name": null, "lat": 43.701416363, "lng": -79.284681782500002, "website": "www.wsncc.org", "website_name": "West Scarborough Neighbourhood Community Centre Website", "website_description": " Website for Agency West Scarborough Neighbourhood Community Centre", "consultant_fullname": "Jene Gordon", "consultant_phone": "416-397-0998", "email": "Jene.Gordon@toronto.ca", "contact_fullname": "Thenmolly Yogeswaran", "contact_title": "PROGRAM FACILITATOR", "phone": "416-755-9215", "contact_email": "thenmollyy@wsncc.org", "dropinHours": "Monday: 9:00 a.m. - 11:30 a.m.   | Tuesday: 10:00 a.m. - 11:00 a.m.  ; 10:00 a.m. - noon   | Wednesday: 9:30 a.m. - 11:30 a.m.   | Thursday: 1:00 p.m. - 2:30 p.m.  ; 9:00 a.m. - 11:30 a.m.  ; 10:00 a.m. - 11:00 a.m.   | Friday: 9:00 a.m. - 11:30 a.m.  ; 1:00 p.m. - 2:30 p.m.  ", "registeredHours": "Monday: 1:00 p.m. - 2:00 p.m.   | Tuesday: 1:00 p.m. - 2:00 p.m.   | Wednesday: 9:30 a.m. - 11:00 a.m.   | Thursday: 1:00 p.m. - 2:30 p.m.  ", "virtualHours": null, "centre_type": "Centre" }, "geometry": { "type": "MultiPoint", "coordinates": [ [ -79.284681782500002, 43.701416363 ] ] } },
{ "type": "Feature", "properties": { "_id": 219, "service_system_manager": "City of Toronto", "agency": "Toronto District School Board", "loc_id": 12610, "program_name": "Westmount EarlyON Child and Family Centre", "languages": "", "french_language_program": null, "indigenous_program": null, "programTypes": "", "serviceName": "", "buildingName": "Westmount Junior School", "address": "95 Chapman Rd", "full_address": "95 Chapman Rd, Etobicoke, ON M9P 1E9", "major_intersection": "Scarlett Rd/eglinton Ave W", "ward": 2, "ward_name": "ETOBICOKE CENTRE", "located_in_school": "Yes", "school_name": "WESTMOUNT JUNIOR SCHOOL", "lat": 43.689096127, "lng": -79.5196593, "website": "www.tdsb.on.ca/earlyyears/preschoolyears", "website_name": "Toronto District School Board Website", "website_description": " Website for Agency Toronto District School Board", "consultant_fullname": "Roxanne Martin", "consultant_phone": "416", "email": "Roxanne.Martin@toronto.ca", "contact_fullname": "Kim Fritz", "contact_title": null, "phone": "416-394-2104", "contact_email": "kim.fritz@tdsb.on.ca", "dropinHours": "Monday: noon - 4:00 p.m.   | Tuesday: noon - 4:00 p.m.   | Wednesday: noon - 4:00 p.m.   | Thursday: noon - 4:00 p.m.   | Friday: noon - 4:00 p.m.  ", "registeredHours": null, "virtualHours": null, "centre_type": "Centre" }, "geometry": { "type": "MultiPoint", "coordinates": [ [ -79.5196593, 43.689096127 ] ] } },
{ "type": "Feature", "properties": { "_id": 220, "service_system_manager": "City of Toronto", "agency": "Macaulay Centres for Children", "loc_id": 14659, "program_name": "Weston Library", "languages": "", "french_language_program": null, "indigenous_program": null, "programTypes": "", "serviceName": null, "buildingName": "Weston Public Library", "address": "2 King St", "full_address": "2 King St, Toronto, ON M9N 1K9", "major_intersection": "Weston Rd/lawrence Ave W", "ward": 5, "ward_name": "YORK SOUTH-WESTON", "located_in_school": "No", "school_name": null, "lat": 43.70181182, "lng": -79.520581614999998, "website": null, "website_name": "Macaulay Centres for Children Website", "website_description": " Website for Agency Macaulay Centres for Children", "consultant_fullname": "Maureen Mcdonald", "consultant_phone": "416-338-6528", "email": "mmcdona5@toronto.ca", "contact_fullname": "Julia Weglorz", "contact_title": "SUPERVISOR", "phone": "416-789-7441 X 407", "contact_email": "jweglorz@macaulaycentres.org", "dropinHours": null, "registeredHours": null, "virtualHours": null, "centre_type": "Centre" }, "geometry": { "type": "MultiPoint", "coordinates": [ [ -79.520581615, 43.70181182 ] ] } },
{ "type": "Feature", "properties": { "_id": 221, "service_system_manager": "City of Toronto", "agency": "George Hull Centre for Children and Families", "loc_id": 14529, "program_name": "Westway EarlyON Child and Family Centre", "languages": "", "french_language_program": null, "indigenous_program": null, "programTypes": "", "serviceName": null, "buildingName": "Westway United Church", "address": "8 Templar Dr", "full_address": "8 Templar Dr, Etobicoke, ON M9R 3C7", "major_intersection": "Kipling Ave/the Westway", "ward": 2, "ward_name": "ETOBICOKE CENTRE", "located_in_school": "No", "school_name": null, "lat": 43.687677147599999, "lng": -79.554913504599995, "website": "www.georgehullcentre.ca", "website_name": "George Hull Centre for Children and Families Website", "website_description": " Website for Agency George Hull Centre for Children and Families", "consultant_fullname": "Jessica Abraham", "consultant_phone": "416-338-6746", "email": "Jessica.Abraham@toronto.ca", "contact_fullname": "Talia Leszcz", "contact_title": "DIRECTOR, PEI", "phone": "416-622-8833", "contact_email": "tleszcz@georgehull.on.ca", "dropinHours": null, "registeredHours": null, "virtualHours": null, "centre_type": "Centre" }, "geometry": { "type": "MultiPoint", "coordinates": [ [ -79.554913504599995, 43.687677147599999 ] ] } },
{ "type": "Feature", "properties": { "_id": 222, "service_system_manager": "City of Toronto", "agency": "Toronto District School Board", "loc_id": 13333, "program_name": "Wexford EarlyON Child and Family Centre", "languages": "", "french_language_program": null, "indigenous_program": null, "programTypes": "", "serviceName": "", "buildingName": "Wexford Public School", "address": "1050 Pharmacy Ave", "full_address": "1050 Pharmacy Ave, Scarborough, ON M1R 2H1", "major_intersection": null, "ward": 21, "ward_name": "SCARBOROUGH CENTRE", "located_in_school": "Yes", "school_name": "WEXFORD PUBLIC SCHOOL", "lat": 43.740153034000002, "lng": -79.304114890999998, "website": "www.tdsb.on.ca", "website_name": "Toronto District School Board Website", "website_description": " Website for Agency Toronto District School Board", "consultant_fullname": "Roxanne Martin", "consultant_phone": "416", "email": "Roxanne.Martin@toronto.ca", "contact_fullname": "Kim Fritz", "contact_title": null, "phone": "416-394-2104", "contact_email": "kim.fritz@tdsb.on.ca", "dropinHours": "Monday: 8:45 a.m. - 12:45 p.m.   | Tuesday: 8:45 a.m. - 12:45 p.m.   | Wednesday: 8:45 a.m. - 12:45 p.m.   | Thursday: 8:45 a.m. - 12:45 p.m.   | Friday: 8:45 a.m. - 12:45 p.m.  ", "registeredHours": null, "virtualHours": null, "centre_type": "Centre" }, "geometry": { "type": "MultiPoint", "coordinates": [ [ -79.304114891, 43.740153034 ] ] } },
{ "type": "Feature", "properties": { "_id": 223, "service_system_manager": "City of Toronto", "agency": "Toronto District School Board", "loc_id": 13334, "program_name": "White EarlyON Child and Family Centre", "languages": "", "french_language_program": null, "indigenous_program": null, "programTypes": "", "serviceName": "", "buildingName": "White Haven Junior Public School", "address": "105 Invergordon Ave", "full_address": "105 Invergordon Ave, Scarborough, ON M1S 2Z1", "major_intersection": null, "ward": 23, "ward_name": "SCARBOROUGH NORTH", "located_in_school": "Yes", "school_name": "WHITE HAVEN JUNIOR PUBLIC SCHOOL", "lat": 43.787272101, "lng": -79.247205815000001, "website": "www.tdsb.org", "website_name": "Toronto District School Board Website", "website_description": " Website for Agency Toronto District School Board", "consultant_fullname": "Roxanne Martin", "consultant_phone": "416", "email": "Roxanne.Martin@toronto.ca", "contact_fullname": "Kim Fritz", "contact_title": null, "phone": "416-394-2104", "contact_email": "kim.fritz@tdsb.on.ca", "dropinHours": "Monday: 8:45 a.m. - 12:45 p.m.   | Tuesday: 8:45 a.m. - 12:45 p.m.   | Wednesday: 8:45 a.m. - 12:45 p.m.   | Thursday: 8:45 a.m. - 12:45 p.m.   | Friday: 8:45 a.m. - 12:45 p.m.  ", "registeredHours": null, "virtualHours": null, "centre_type": "Centre" }, "geometry": { "type": "MultiPoint", "coordinates": [ [ -79.247205815, 43.787272101 ] ] } },
{ "type": "Feature", "properties": { "_id": 224, "service_system_manager": "City of Toronto", "agency": "Toronto District School Board", "loc_id": 12579, "program_name": "Willow Park EarlyON Child and Family Centre", "languages": "", "french_language_program": null, "indigenous_program": null, "programTypes": "", "serviceName": "", "buildingName": "Willow Park Junior Public School", "address": "45 Windover Dr", "full_address": "45 Windover Dr, Scarborough, ON M1G 1P1", "major_intersection": null, "ward": 24, "ward_name": "SCARBOROUGH-GUILDWOOD", "located_in_school": "Yes", "school_name": "WILLOW PARK JUNIOR PUBLIC SCHOOL", "lat": 43.761206705500001, "lng": -79.209581726799996, "website": "www.tdsb.on.ca/earlyyears/preschoolyears", "website_name": "Toronto District School Board Website", "website_description": " Website for Agency Toronto District School Board", "consultant_fullname": "Roxanne Martin", "consultant_phone": "416", "email": "Roxanne.Martin@toronto.ca", "contact_fullname": "Kim Fritz", "contact_title": null, "phone": "416-394-2104", "contact_email": "kim.fritz@tdsb.on.ca", "dropinHours": "Monday: 8:45 a.m. - 12:45 p.m.   | Tuesday: 8:45 a.m. - 12:45 p.m.   | Wednesday: 8:45 a.m. - 12:45 p.m.   | Thursday: 8:45 a.m. - 12:45 p.m.   | Friday: 8:45 a.m. - 12:45 p.m.  ", "registeredHours": null, "virtualHours": null, "centre_type": "Centre" }, "geometry": { "type": "MultiPoint", "coordinates": [ [ -79.209581726799996, 43.761206705500001 ] ] } },
{ "type": "Feature", "properties": { "_id": 225, "service_system_manager": "City of Toronto", "agency": "Toronto District School Board", "loc_id": 12428, "program_name": "Wilmington EarlyON Child and Family Centre", "languages": "", "french_language_program": null, "indigenous_program": null, "programTypes": "", "serviceName": "", "buildingName": "Wilmington Elementary School", "address": "330 Wilmington Ave", "full_address": "330 Wilmington Ave, North York, ON M3H 5L1", "major_intersection": null, "ward": 6, "ward_name": "YORK CENTRE", "located_in_school": "Yes", "school_name": "WILMINGTON ELEMENTARY SCHOOL", "lat": 43.768558382000002, "lng": -79.460498024000003, "website": "https://www.tdsb.on.ca/Find-your/Schools/School-PFLC/schno/3064", "website_name": "Toronto District School Board Website", "website_description": " Website for Agency Toronto District School Board", "consultant_fullname": "Roxanne Martin", "consultant_phone": "416", "email": "Roxanne.Martin@toronto.ca", "contact_fullname": "Kim Fritz", "contact_title": null, "phone": "416-394-2104", "contact_email": "kim.fritz@tdsb.on.ca", "dropinHours": "Monday: 8:45 a.m. - 1:45 p.m.   | Tuesday: 8:45 a.m. - 1:45 p.m.   | Wednesday: 8:45 a.m. - 1:45 p.m.   | Thursday: 8:45 a.m. - 1:45 p.m.  ", "registeredHours": null, "virtualHours": null, "centre_type": "Centre" }, "geometry": { "type": "MultiPoint", "coordinates": [ [ -79.460498024, 43.768558382 ] ] } },
{ "type": "Feature", "properties": { "_id": 226, "service_system_manager": "City of Toronto", "agency": "Toronto District School Board", "loc_id": 12577, "program_name": "Woburn Jr. EarlyON Child and Family Centre", "languages": "", "french_language_program": null, "indigenous_program": null, "programTypes": "", "serviceName": "", "buildingName": "Woburn Junior Public School", "address": "40 Dormington Dr", "full_address": "40 Dormington Dr, Scarborough, ON M1G 3N2", "major_intersection": null, "ward": 24, "ward_name": "SCARBOROUGH-GUILDWOOD", "located_in_school": "Yes", "school_name": "WOBURN JUNIOR PUBLIC SCHOOL", "lat": 43.77950279, "lng": -79.22700167000001, "website": "https://www.tdsb.on.ca/parenting", "website_name": "Toronto District School Board Website", "website_description": " Website for Agency Toronto District School Board", "consultant_fullname": "Roxanne Martin", "consultant_phone": "416", "email": "Roxanne.Martin@toronto.ca", "contact_fullname": "Kim Fritz", "contact_title": null, "phone": "416-394-2104", "contact_email": "kim.fritz@tdsb.on.ca", "dropinHours": "Monday: 8:45 a.m. - 1:45 p.m.   | Tuesday: 8:45 a.m. - 1:45 p.m.   | Wednesday: 8:45 a.m. - 1:45 p.m.   | Thursday: 8:45 a.m. - 1:45 p.m.  ", "registeredHours": null, "virtualHours": null, "centre_type": "Centre" }, "geometry": { "type": "MultiPoint", "coordinates": [ [ -79.22700167, 43.77950279 ] ] } },
{ "type": "Feature", "properties": { "_id": 227, "service_system_manager": "City of Toronto", "agency": "Malvern Family Resource Centre", "loc_id": 13367, "program_name": "Woodside Library EarlyON Child and Family Centre", "languages": "", "french_language_program": null, "indigenous_program": null, "programTypes": "", "serviceName": "", "buildingName": "Woodside Mall", "address": "1571 Sandhurst Cir", "full_address": "1571 Sandhurst Cir, Scarborough, ON M1V 1V2", "major_intersection": null, "ward": 23, "ward_name": "SCARBOROUGH NORTH", "located_in_school": "No", "school_name": null, "lat": 43.809229340900004, "lng": -79.269315288900003, "website": "www.mfrc.org", "website_name": "Malvern Family Resource Centre Website", "website_description": " Website for Agency Malvern Family Resource Centre", "consultant_fullname": "Jene Gordon", "consultant_phone": "416-397-0998", "email": "Jene.Gordon@toronto.ca", "contact_fullname": "Anusha Narendran", "contact_title": "MANAGER", "phone": "416-284-4184 X 206", "contact_email": "anusha@mfrc.org", "dropinHours": "Wednesday: 9:30 a.m. - 11:00 a.m.   | Thursday: 1:00 p.m. - 2:30 p.m.   | Friday: 9:30 a.m. - 11:00 a.m.  ", "registeredHours": null, "virtualHours": null, "centre_type": "Centre" }, "geometry": { "type": "MultiPoint", "coordinates": [ [ -79.269315288900003, 43.809229340900004 ] ] } },
{ "type": "Feature", "properties": { "_id": 228, "service_system_manager": "City of Toronto", "agency": "Central Eglinton Community Centre", "loc_id": 7428, "program_name": "Yonge Eglinton EarlyON Child and Family Centre", "languages": "", "french_language_program": null, "indigenous_program": null, "programTypes": "", "serviceName": "", "buildingName": "Central Eglinton Community Centre", "address": "160 Eglinton Ave E", "full_address": "160 Eglinton Ave E, Toronto, ON M4P 3B5", "major_intersection": "Eglinton / Yonge", "ward": 12, "ward_name": "TORONTO-ST. PAUL'S", "located_in_school": "No", "school_name": null, "lat": 43.7080358571, "lng": -79.393692382200001, "website": "https://yongeeglintoncc.com/early-on-0-to-6/", "website_name": "Central Eglinton Community Centre Website", "website_description": " Website for Agency Central Eglinton Community Centre", "consultant_fullname": "Maureen Mcdonald", "consultant_phone": "416-338-6528", "email": "mmcdona5@toronto.ca", "contact_fullname": "Amanda Young", "contact_title": "PROGRAM MANAGER", "phone": "416-392-0511 X 225", "contact_email": "amanda@yongeeglintoncc.com", "dropinHours": "Monday: 1:30 p.m. - 4:30 p.m.   | Tuesday: 1:30 p.m. - 4:30 p.m.  ; 5:30 p.m. - 7:30 p.m.   | Wednesday: 1:30 p.m. - 4:30 p.m.   | Thursday: 2:30 p.m. - 4:30 p.m.  ; 5:30 p.m. - 7:30 p.m.   | Friday: 9:30 a.m. - noon   | Saturday: 10:15 a.m. - noon  ", "registeredHours": null, "virtualHours": null, "centre_type": "Centre" }, "geometry": { "type": "MultiPoint", "coordinates": [ [ -79.393692382200001, 43.7080358571 ] ] } },
{ "type": "Feature", "properties": { "_id": 229, "service_system_manager": "City of Toronto", "agency": "Lumenus Community Services", "loc_id": 14265, "program_name": "Yonge Sheppard Centre EarlyON", "languages": "", "french_language_program": null, "indigenous_program": null, "programTypes": "", "serviceName": "", "buildingName": null, "address": "30 Sheppard Ave E", "full_address": "30 Sheppard Ave E, North York, ON M2N 2Z7", "major_intersection": null, "ward": 18, "ward_name": "WILLOWDALE", "located_in_school": "No", "school_name": null, "lat": 43.762079356999998, "lng": -79.410074456999993, "website": "www.lumenus.ca", "website_name": "Lumenus Community Services Website", "website_description": " Website for Agency Lumenus Community Services", "consultant_fullname": "Maureen Mcdonald", "consultant_phone": "416-338-6528", "email": "mmcdona5@toronto.ca", "contact_fullname": "Denise Palermo", "contact_title": "SUPERVISOR/MANAGER", "phone": "416-494-1579 X 4301", "contact_email": "dpalermo@lumenus.ca", "dropinHours": "Monday: 1:30 p.m. - 3:30 p.m.   | Tuesday: 9:30 a.m. - 11:30 a.m.   | Wednesday: 9:30 a.m. - 11:30 a.m.   | Thursday: 1:30 p.m. - 3:30 p.m.   | Friday: 9:30 a.m. - 11:30 a.m.   | Saturday: 9:30 a.m. - 12:30 p.m.  ", "registeredHours": "Monday: 9:30 a.m. - 11:30 a.m.   | Tuesday: 1:30 p.m. - 3:30 p.m.   | Thursday: 9:30 a.m. - 11:30 a.m.  ; 10:00 a.m. - 11:30 a.m.   | Friday: 1:30 p.m. - 3:30 p.m.  ", "virtualHours": null, "centre_type": "Centre" }, "geometry": { "type": "MultiPoint", "coordinates": [ [ -79.410074457, 43.762079357 ] ] } },
{ "type": "Feature", "properties": { "_id": 230, "service_system_manager": "City of Toronto", "agency": "Jane/finch Community and Family Centre", "loc_id": 14489, "program_name": "York Woods Library", "languages": "", "french_language_program": null, "indigenous_program": null, "programTypes": "", "serviceName": null, "buildingName": null, "address": "1785 Finch Ave W", "full_address": "1785 Finch Ave W, North York, ON M3N 1M6", "major_intersection": "Finch Ave W/tobermory Dr", "ward": 7, "ward_name": "HUMBER RIVER-BLACK CREEK", "located_in_school": "No", "school_name": null, "lat": 43.758964884999997, "lng": -79.50735919, "website": "www.janefinchcentre.org", "website_name": "Jane/finch Community and Family Centre Website", "website_description": " Website for Agency Jane/finch Community and Family Centre", "consultant_fullname": "Jessica Abraham", "consultant_phone": "416-338-6746", "email": "Jessica.Abraham@toronto.ca", "contact_fullname": "Alicia Khargie", "contact_title": "PROGRAM MANAGER", "phone": "416-663-2733", "contact_email": "aliciao@janefinchcentre.org", "dropinHours": null, "registeredHours": null, "virtualHours": null, "centre_type": "Centre" }, "geometry": { "type": "MultiPoint", "coordinates": [ [ -79.50735919, 43.758964885 ] ] } },
{ "type": "Feature", "properties": { "_id": 231, "service_system_manager": "City of Toronto", "agency": "Toronto District School Board", "loc_id": 12576, "program_name": "Yorkwoods EarlyON Child and Family Centre", "languages": "", "french_language_program": null, "indigenous_program": null, "programTypes": "", "serviceName": "", "buildingName": "Yorkwoods Public School", "address": "25 Yorkwoods Gate", "full_address": "25 Yorkwoods Gate, North York, ON M3N 1K1", "major_intersection": null, "ward": 7, "ward_name": "HUMBER RIVER-BLACK CREEK", "located_in_school": "Yes", "school_name": "YORKWOODS PUBLIC SCHOOL", "lat": 43.75065984, "lng": -79.513884747000006, "website": "www.tdsb.on.ca/earlyyears/preschoolyears", "website_name": "Toronto District School Board Website", "website_description": " Website for Agency Toronto District School Board", "consultant_fullname": "Roxanne Martin", "consultant_phone": "416", "email": "Roxanne.Martin@toronto.ca", "contact_fullname": "Kim Fritz", "contact_title": null, "phone": "416-394-2104", "contact_email": "kim.fritz@tdsb.on.ca", "dropinHours": "Monday: 8:45 a.m. - 12:45 p.m.   | Tuesday: 8:45 a.m. - 12:45 p.m.   | Wednesday: 8:45 a.m. - 12:45 p.m.   | Thursday: 8:45 a.m. - 12:45 p.m.   | Friday: 8:45 a.m. - 12:45 p.m.  ", "registeredHours": null, "virtualHours": null, "centre_type": "Centre" }, "geometry": { "type": "MultiPoint", "coordinates": [ [ -79.513884747, 43.75065984 ] ] } },
{ "type": "Feature", "properties": { "_id": 232, "service_system_manager": "City of Toronto", "agency": "Young Women's Christian Association of Greater Toronto", "loc_id": 6412, "program_name": "YWCA Toronto Teen Mothers' EarlyON Child and Family Centre", "languages": "", "french_language_program": null, "indigenous_program": null, "programTypes": "", "serviceName": "", "buildingName": "Office Building", "address": "3090 Kingston Rd", "full_address": "3090 Kingston Rd, Scarborough, ON M1M 1P2", "major_intersection": "Kingston / McCowan", "ward": 20, "ward_name": "SCARBOROUGH SOUTHWEST", "located_in_school": "No", "school_name": null, "lat": 43.726309100999998, "lng": -79.231548032000006, "website": "www.ywcatoronto.org", "website_name": "Young Women's Christian Association of Greater Toronto Website", "website_description": " Website for Agency Young Women's Christian Association of Greater Toronto", "consultant_fullname": "Jene Gordon", "consultant_phone": "416-397-0998", "email": "Jene.Gordon@toronto.ca", "contact_fullname": "Pauline Paterson", "contact_title": "MANAGER OF TEEN MOM", "phone": "416-961-8100", "contact_email": "ppaterson@ywcatoronto.org", "dropinHours": "Tuesday: 4:00 p.m. - 7:00 p.m.   | Wednesday: 12:30 p.m. - 4:00 p.m.   | Thursday: 4:00 p.m. - 7:00 p.m.  ", "registeredHours": "Monday: 9:30 a.m. - noon  ; 12:30 p.m. - 5:00 p.m.   | Tuesday: noon - 3:30 p.m.   | Wednesday: 9:00 a.m. - noon   | Thursday: 12:30 p.m. - 4:00 p.m.   | Friday: 9:00 a.m. - noon  ; 12:30 p.m. - 4:30 p.m.  ", "virtualHours": null, "centre_type": "Centre" }, "geometry": { "type": "MultiPoint", "coordinates": [ [ -79.231548032, 43.726309101 ] ] } }
]
}
